{"level":"info","message":"[STEP START] Login user: email+1787651817175+@test.com","service":"playwright-e2e","timestamp":"2026-08-25 12:57:04"}
{"level":"debug","message":"Filling name input","service":"playwright-e2e","timestamp":"2026-08-25 12:57:04"}
{"level":"debug","message":"Filling email input","service":"playwright-e2e","timestamp":"2026-08-25 12:57:04"}
{"level":"debug","message":"Clicking signup button","service":"playwright-e2e","timestamp":"2026-08-25 12:57:05"}
{"level":"info","message":"[STEP PASSED] Login user: email+1787651817175+@test.com","service":"playwright-e2e","timestamp":"2026-08-25 12:57:05"}
{"level":"info","message":"[STEP START] New user signup: email+1787651991068+@test.com","service":"playwright-e2e","timestamp":"2026-08-25 12:59:56"}
{"level":"debug","message":"Filling name input","service":"playwright-e2e","timestamp":"2026-08-25 12:59:56"}
{"level":"debug","message":"Filling email input","service":"playwright-e2e","timestamp":"2026-08-25 12:59:57"}
{"level":"debug","message":"Clicking signup button","service":"playwright-e2e","timestamp":"2026-08-25 12:59:57"}
{"level":"info","message":"[STEP PASSED] New user signup: email+1787651991068+@test.com","service":"playwright-e2e","timestamp":"2026-08-25 12:59:57"}
{"level":"info","message":"[STEP START] New user signup: email+1787654955010+@test.com","service":"playwright-e2e","timestamp":"2026-08-25 13:49:21"}
{"level":"debug","message":"Filling name input","service":"playwright-e2e","timestamp":"2026-08-25 13:49:21"}
{"level":"debug","message":"Filling email input","service":"playwright-e2e","timestamp":"2026-08-25 13:49:21"}
{"level":"debug","message":"Clicking signup button","service":"playwright-e2e","timestamp":"2026-08-25 13:49:21"}
{"level":"info","message":"[STEP PASSED] New user signup: email+1787654955010+@test.com","service":"playwright-e2e","timestamp":"2026-08-25 13:49:22"}
{"level":"info","message":"[STEP START] 'Click Continue button on Account Created page","service":"playwright-e2e","timestamp":"2026-08-25 13:49:26"}
{"level":"debug","message":"Clicking continue button","service":"playwright-e2e","timestamp":"2026-08-25 13:49:26"}
{"level":"info","message":"[STEP PASSED] 'Click Continue button on Account Created page","service":"playwright-e2e","timestamp":"2026-08-25 13:49:27"}
{"level":"info","message":"[STEP START] New user signup: email+1787656117733+@test.com","service":"playwright-e2e","timestamp":"2026-08-25 14:08:45"}
{"level":"debug","message":"Filling name input","service":"playwright-e2e","timestamp":"2026-08-25 14:08:45"}
{"level":"debug","message":"Filling email input","service":"playwright-e2e","timestamp":"2026-08-25 14:08:45"}
{"level":"debug","message":"Clicking signup button","service":"playwright-e2e","timestamp":"2026-08-25 14:08:45"}
{"level":"info","message":"[STEP PASSED] New user signup: email+1787656117733+@test.com","service":"playwright-e2e","timestamp":"2026-08-25 14:08:45"}
{"level":"info","message":"[STEP START] Complete registration form for: email+1787656117733+@test.com","service":"playwright-e2e","timestamp":"2026-08-25 14:08:46"}
{"level":"debug","message":"Filling user password","service":"playwright-e2e","timestamp":"2026-08-25 14:08:46"}
{"level":"debug","message":"Selecting DoB: 9/April/1990","service":"playwright-e2e","timestamp":"2026-08-25 14:08:46"}
{"level":"debug","message":"Filling personal info: Rimas Grimas","service":"playwright-e2e","timestamp":"2026-08-25 14:08:47"}
{"level":"debug","message":"Filling address info for country: India","service":"playwright-e2e","timestamp":"2026-08-25 14:08:47"}
{"level":"debug","message":"Clicking Create Account button","service":"playwright-e2e","timestamp":"2026-08-25 14:08:48"}
{"level":"info","message":"[STEP PASSED] Complete registration form for: email+1787656117733+@test.com","service":"playwright-e2e","timestamp":"2026-08-25 14:08:51"}
{"level":"info","message":"[STEP START] New user signup: email+1787656163517+@test.com","service":"playwright-e2e","timestamp":"2026-08-25 14:09:29"}
{"level":"debug","message":"Filling name input","service":"playwright-e2e","timestamp":"2026-08-25 14:09:29"}
{"level":"debug","message":"Filling email input","service":"playwright-e2e","timestamp":"2026-08-25 14:09:29"}
{"level":"debug","message":"Clicking signup button","service":"playwright-e2e","timestamp":"2026-08-25 14:09:29"}
{"level":"info","message":"[STEP PASSED] New user signup: email+1787656163517+@test.com","service":"playwright-e2e","timestamp":"2026-08-25 14:09:29"}
{"level":"info","message":"[STEP START] Complete registration form for: email+1787656163517+@test.com","service":"playwright-e2e","timestamp":"2026-08-25 14:09:30"}
{"level":"debug","message":"Filling user password","service":"playwright-e2e","timestamp":"2026-08-25 14:09:30"}
{"level":"debug","message":"Selecting DoB: 9/April/1990","service":"playwright-e2e","timestamp":"2026-08-25 14:09:30"}
{"level":"debug","message":"Filling personal info: Rimas Grimas","service":"playwright-e2e","timestamp":"2026-08-25 14:09:31"}
{"level":"debug","message":"Filling address info for country: India","service":"playwright-e2e","timestamp":"2026-08-25 14:09:31"}
{"level":"debug","message":"Clicking Create Account button","service":"playwright-e2e","timestamp":"2026-08-25 14:09:32"}
{"level":"info","message":"[STEP PASSED] Complete registration form for: email+1787656163517+@test.com","service":"playwright-e2e","timestamp":"2026-08-25 14:09:34"}
{"level":"info","message":"[STEP START] 'Click Continue button on Account Created page","service":"playwright-e2e","timestamp":"2026-08-25 14:09:34"}
{"level":"debug","message":"Clicking continue button","service":"playwright-e2e","timestamp":"2026-08-25 14:09:34"}
{"level":"info","message":"[STEP PASSED] 'Click Continue button on Account Created page","service":"playwright-e2e","timestamp":"2026-08-25 14:09:35"}
{"level":"info","message":"[STEP START] [BasePage] Navigating to: https://www.automationexercise.com//","service":"playwright-e2e","timestamp":"2026-08-25 16:05:42"}
{"level":"debug","message":"[BasePage] Navigation failed to https://www.automationexercise.com//","service":"playwright-e2e","timestamp":"2026-08-25 16:05:42"}
{"error":{"log":["  - navigating to \"https://www.automationexercise.com//\", waiting until \"domcontentloaded\""],"name":"Error"},"level":"error","message":"[STEP FAILED] [BasePage] Navigating to: https://www.automationexercise.com//","service":"playwright-e2e","timestamp":"2026-08-25 16:05:42"}
{"level":"info","message":"[STEP START] [BasePage] Navigating to: https://www.automationexercise.com//","service":"playwright-e2e","timestamp":"2026-08-25 16:06:27"}
{"level":"info","message":"[STEP START] New user signup: email+1787663186065+@test.com","service":"playwright-e2e","timestamp":"2026-08-25 16:06:32"}
{"level":"debug","message":"Filling name input","service":"playwright-e2e","timestamp":"2026-08-25 16:06:32"}
{"level":"debug","message":"Filling email input","service":"playwright-e2e","timestamp":"2026-08-25 16:06:33"}
{"level":"debug","message":"Clicking signup button","service":"playwright-e2e","timestamp":"2026-08-25 16:06:33"}
{"level":"info","message":"[STEP PASSED] New user signup: email+1787663186065+@test.com","service":"playwright-e2e","timestamp":"2026-08-25 16:06:33"}
{"level":"debug","message":"[BasePage] Successfully navigated to: https://www.automationexercise.com/signup","service":"playwright-e2e","timestamp":"2026-08-25 16:06:34"}
{"level":"info","message":"[STEP PASSED] [BasePage] Navigating to: https://www.automationexercise.com//","service":"playwright-e2e","timestamp":"2026-08-25 16:06:34"}
{"level":"info","message":"[STEP START] Complete registration form for: email+1787663186065+@test.com","service":"playwright-e2e","timestamp":"2026-08-25 16:06:34"}
{"level":"debug","message":"Filling user password","service":"playwright-e2e","timestamp":"2026-08-25 16:06:34"}
{"level":"debug","message":"Selecting DoB: 9/April/1990","service":"playwright-e2e","timestamp":"2026-08-25 16:06:34"}
{"level":"debug","message":"Filling personal info: Rimas Grimas","service":"playwright-e2e","timestamp":"2026-08-25 16:06:35"}
{"level":"debug","message":"Filling address info: India","service":"playwright-e2e","timestamp":"2026-08-25 16:06:35"}
{"level":"debug","message":"Clicking Create Account button","service":"playwright-e2e","timestamp":"2026-08-25 16:06:36"}
{"level":"info","message":"[STEP PASSED] Complete registration form for: email+1787663186065+@test.com","service":"playwright-e2e","timestamp":"2026-08-25 16:06:39"}
{"level":"info","message":"[STEP START] [BasePage] Navigating to: https://www.automationexercise.com//","service":"playwright-e2e","timestamp":"2026-08-25 16:07:09"}
{"level":"debug","message":"[BasePage] Successfully navigated to: https://www.automationexercise.com//","service":"playwright-e2e","timestamp":"2026-08-25 16:07:16"}
{"level":"info","message":"[STEP PASSED] [BasePage] Navigating to: https://www.automationexercise.com//","service":"playwright-e2e","timestamp":"2026-08-25 16:07:16"}
{"level":"info","message":"[STEP START] [BasePage] Navigating to: https://www.automationexercise.com//","service":"playwright-e2e","timestamp":"2026-08-25 16:09:05"}
{"level":"debug","message":"[BasePage] Successfully navigated to: https://www.automationexercise.com/login","service":"playwright-e2e","timestamp":"2026-08-25 16:09:08"}
{"level":"info","message":"[STEP PASSED] [BasePage] Navigating to: https://www.automationexercise.com//","service":"playwright-e2e","timestamp":"2026-08-25 16:09:08"}
{"level":"info","message":"[STEP START] New user signup: email+1787663343846+@test.com","service":"playwright-e2e","timestamp":"2026-08-25 16:09:08"}
{"level":"debug","message":"Filling name input","service":"playwright-e2e","timestamp":"2026-08-25 16:09:08"}
{"level":"debug","message":"Filling email input","service":"playwright-e2e","timestamp":"2026-08-25 16:09:08"}
{"level":"debug","message":"Clicking signup button","service":"playwright-e2e","timestamp":"2026-08-25 16:09:09"}
{"level":"info","message":"[STEP PASSED] New user signup: email+1787663343846+@test.com","service":"playwright-e2e","timestamp":"2026-08-25 16:09:09"}
{"level":"info","message":"[STEP START] Complete registration form for: email+1787663343846+@test.com","service":"playwright-e2e","timestamp":"2026-08-25 16:09:10"}
{"level":"debug","message":"Filling user password","service":"playwright-e2e","timestamp":"2026-08-25 16:09:10"}
{"level":"debug","message":"Selecting DoB: 9/April/1990","service":"playwright-e2e","timestamp":"2026-08-25 16:09:10"}
{"level":"debug","message":"Filling personal info: Rimas Grimas","service":"playwright-e2e","timestamp":"2026-08-25 16:09:11"}
{"level":"debug","message":"Filling address info: India","service":"playwright-e2e","timestamp":"2026-08-25 16:09:11"}
{"level":"debug","message":"Clicking Create Account button","service":"playwright-e2e","timestamp":"2026-08-25 16:09:13"}
{"level":"info","message":"[STEP PASSED] Complete registration form for: email+1787663343846+@test.com","service":"playwright-e2e","timestamp":"2026-08-25 16:09:16"}
{"level":"info","message":"[STEP START] [BasePage] Navigating to: https://www.automationexercise.com//","service":"playwright-e2e","timestamp":"2026-08-25 16:15:12"}
{"level":"debug","message":"[BasePage] Navigation failed to https://www.automationexercise.com//","service":"playwright-e2e","timestamp":"2026-08-25 16:15:22"}
{"error":{"log":[]},"level":"error","message":"[STEP FAILED] [BasePage] Navigating to: https://www.automationexercise.com//","service":"playwright-e2e","timestamp":"2026-08-25 16:15:22"}
{"level":"info","message":"[STEP START] [BasePage] Navigating to: https://www.automationexercise.com//","service":"playwright-e2e","timestamp":"2026-08-25 16:17:23"}
{"level":"info","message":"[STEP START] New user signup: email+1787663837393+@test.com","service":"playwright-e2e","timestamp":"2026-08-25 16:17:27"}
{"level":"debug","message":"Filling name input","service":"playwright-e2e","timestamp":"2026-08-25 16:17:27"}
{"level":"debug","message":"[BasePage] Successfully navigated to: https://www.automationexercise.com/login","service":"playwright-e2e","timestamp":"2026-08-25 16:17:28"}
{"level":"info","message":"[STEP PASSED] [BasePage] Navigating to: https://www.automationexercise.com//","service":"playwright-e2e","timestamp":"2026-08-25 16:17:28"}
{"level":"debug","message":"Filling email input","service":"playwright-e2e","timestamp":"2026-08-25 16:17:28"}
{"level":"debug","message":"Clicking signup button","service":"playwright-e2e","timestamp":"2026-08-25 16:17:28"}
{"level":"info","message":"[STEP PASSED] New user signup: email+1787663837393+@test.com","service":"playwright-e2e","timestamp":"2026-08-25 16:17:28"}
{"level":"info","message":"[STEP START] Complete registration form for: email+1787663837393+@test.com","service":"playwright-e2e","timestamp":"2026-08-25 16:17:28"}
{"level":"debug","message":"Filling user password","service":"playwright-e2e","timestamp":"2026-08-25 16:17:29"}
{"level":"debug","message":"Selecting DoB: 9/April/1990","service":"playwright-e2e","timestamp":"2026-08-25 16:17:29"}
{"level":"debug","message":"Filling personal info: Rimas Grimas","service":"playwright-e2e","timestamp":"2026-08-25 16:17:30"}
{"level":"debug","message":"Filling address info: India","service":"playwright-e2e","timestamp":"2026-08-25 16:17:31"}
{"level":"debug","message":"Clicking Create Account button","service":"playwright-e2e","timestamp":"2026-08-25 16:17:33"}
{"level":"info","message":"[STEP PASSED] Complete registration form for: email+1787663837393+@test.com","service":"playwright-e2e","timestamp":"2026-08-25 16:17:37"}
{"level":"info","message":"[STEP START] [BasePage] Navigating to: https://www.automationexercise.com//","service":"playwright-e2e","timestamp":"2026-08-25 16:18:37"}
{"level":"info","message":"[STEP START] New user signup: email+1787663915015+@test.com","service":"playwright-e2e","timestamp":"2026-08-25 16:18:41"}
{"level":"debug","message":"Filling name input","service":"playwright-e2e","timestamp":"2026-08-25 16:18:41"}
{"level":"debug","message":"[BasePage] Successfully navigated to: https://www.automationexercise.com/login","service":"playwright-e2e","timestamp":"2026-08-25 16:18:41"}
{"level":"info","message":"[STEP PASSED] [BasePage] Navigating to: https://www.automationexercise.com//","service":"playwright-e2e","timestamp":"2026-08-25 16:18:41"}
{"level":"debug","message":"Filling email input","service":"playwright-e2e","timestamp":"2026-08-25 16:18:42"}
{"level":"debug","message":"Clicking signup button","service":"playwright-e2e","timestamp":"2026-08-25 16:18:42"}
{"level":"info","message":"[STEP PASSED] New user signup: email+1787663915015+@test.com","service":"playwright-e2e","timestamp":"2026-08-25 16:18:42"}
{"level":"info","message":"[STEP START] Complete registration form for: email+1787663915015+@test.com","service":"playwright-e2e","timestamp":"2026-08-25 16:18:43"}
{"level":"debug","message":"Filling user password","service":"playwright-e2e","timestamp":"2026-08-25 16:18:43"}
{"level":"debug","message":"Selecting DoB: 9/April/1990","service":"playwright-e2e","timestamp":"2026-08-25 16:18:44"}
{"level":"debug","message":"Filling personal info: Rimas Grimas","service":"playwright-e2e","timestamp":"2026-08-25 16:18:45"}
{"level":"debug","message":"Filling address info: India","service":"playwright-e2e","timestamp":"2026-08-25 16:18:46"}
{"level":"debug","message":"Clicking Create Account button","service":"playwright-e2e","timestamp":"2026-08-25 16:18:47"}
{"level":"info","message":"[STEP PASSED] Complete registration form for: email+1787663915015+@test.com","service":"playwright-e2e","timestamp":"2026-08-25 16:18:49"}
{"level":"info","message":"[STEP START] [BasePage] Navigating to: https://www.automationexercise.com//","service":"playwright-e2e","timestamp":"2026-08-25 16:24:28"}
{"level":"debug","message":"[BasePage] Navigation failed to https://www.automationexercise.com//","service":"playwright-e2e","timestamp":"2026-08-25 16:25:37"}
{"error":{"log":[]},"level":"error","message":"[STEP FAILED] [BasePage] Navigating to: https://www.automationexercise.com//","service":"playwright-e2e","timestamp":"2026-08-25 16:25:37"}
{"level":"info","message":"[STEP START] [BasePage] Navigating to: https://www.automationexercise.com//","service":"playwright-e2e","timestamp":"2026-08-25 16:37:46"}
{"level":"debug","message":"[BasePage] Successfully navigated to: https://www.automationexercise.com//","service":"playwright-e2e","timestamp":"2026-08-25 16:37:49"}
{"level":"info","message":"[STEP PASSED] [BasePage] Navigating to: https://www.automationexercise.com//","service":"playwright-e2e","timestamp":"2026-08-25 16:37:49"}
{"level":"info","message":"[STEP START] New user signup: email+1787665063567+@test.com","service":"playwright-e2e","timestamp":"2026-08-25 16:37:50"}
{"level":"debug","message":"Filling name input","service":"playwright-e2e","timestamp":"2026-08-25 16:37:50"}
{"level":"debug","message":"Filling email input","service":"playwright-e2e","timestamp":"2026-08-25 16:37:50"}
{"level":"debug","message":"Clicking signup button","service":"playwright-e2e","timestamp":"2026-08-25 16:37:50"}
{"level":"info","message":"[STEP PASSED] New user signup: email+1787665063567+@test.com","service":"playwright-e2e","timestamp":"2026-08-25 16:37:51"}
{"level":"info","message":"[STEP START] Complete registration form for: email+1787665063567+@test.com","service":"playwright-e2e","timestamp":"2026-08-25 16:37:51"}
{"level":"debug","message":"Filling user password","service":"playwright-e2e","timestamp":"2026-08-25 16:37:51"}
{"level":"debug","message":"Selecting DoB: 9/April/1990","service":"playwright-e2e","timestamp":"2026-08-25 16:37:51"}
{"level":"debug","message":"Filling personal info: Rimas Grimas","service":"playwright-e2e","timestamp":"2026-08-25 16:37:52"}
{"level":"debug","message":"Filling address info: India","service":"playwright-e2e","timestamp":"2026-08-25 16:37:52"}
{"level":"debug","message":"Clicking Create Account button","service":"playwright-e2e","timestamp":"2026-08-25 16:37:53"}
{"level":"info","message":"[STEP PASSED] Complete registration form for: email+1787665063567+@test.com","service":"playwright-e2e","timestamp":"2026-08-25 16:37:55"}
{"level":"info","message":"[STEP START] 'Click Continue button on Account Created page","service":"playwright-e2e","timestamp":"2026-08-25 16:37:55"}
{"level":"debug","message":"Clicking continue button","service":"playwright-e2e","timestamp":"2026-08-25 16:37:55"}
{"level":"info","message":"[STEP PASSED] 'Click Continue button on Account Created page","service":"playwright-e2e","timestamp":"2026-08-25 16:37:56"}
{"level":"info","message":"[STEP START] [BasePage] Navigating to: https://www.automationexercise.com//","service":"playwright-e2e","timestamp":"2026-08-25 16:52:12"}
{"level":"debug","message":"[BasePage] Successfully navigated to: https://www.automationexercise.com//","service":"playwright-e2e","timestamp":"2026-08-25 16:52:18"}
{"level":"info","message":"[STEP PASSED] [BasePage] Navigating to: https://www.automationexercise.com//","service":"playwright-e2e","timestamp":"2026-08-25 16:52:18"}
{"level":"info","message":"[STEP START] Fetch cart row details for","service":"playwright-e2e","timestamp":"2026-08-25 16:52:21"}
{"level":"info","message":"[STEP PASSED] Fetch cart row details for","service":"playwright-e2e","timestamp":"2026-08-25 16:52:21"}
{"level":"info","message":"[STEP START] [BasePage] Navigating to: https://www.automationexercise.com//","service":"playwright-e2e","timestamp":"2026-08-25 16:52:52"}
{"level":"debug","message":"[BasePage] Successfully navigated to: https://www.automationexercise.com//","service":"playwright-e2e","timestamp":"2026-08-25 16:52:54"}
{"level":"info","message":"[STEP PASSED] [BasePage] Navigating to: https://www.automationexercise.com//","service":"playwright-e2e","timestamp":"2026-08-25 16:52:54"}
{"level":"info","message":"[STEP START] Fetch cart row details for","service":"playwright-e2e","timestamp":"2026-08-25 16:52:57"}
{"level":"info","message":"[STEP PASSED] Fetch cart row details for","service":"playwright-e2e","timestamp":"2026-08-25 16:52:58"}
{"level":"info","message":"[STEP START] [BasePage] Navigating to: https://www.automationexercise.com//","service":"playwright-e2e","timestamp":"2026-08-25 16:54:27"}
{"level":"debug","message":"[BasePage] Successfully navigated to: https://www.automationexercise.com//","service":"playwright-e2e","timestamp":"2026-08-25 16:54:30"}
{"level":"info","message":"[STEP PASSED] [BasePage] Navigating to: https://www.automationexercise.com//","service":"playwright-e2e","timestamp":"2026-08-25 16:54:30"}
{"level":"info","message":"[STEP START] Fetch cart row details for","service":"playwright-e2e","timestamp":"2026-08-25 16:54:34"}
{"level":"info","message":"[STEP PASSED] Fetch cart row details for","service":"playwright-e2e","timestamp":"2026-08-25 16:54:34"}
{"level":"info","message":"[STEP START] [BasePage] Navigating to: https://www.automationexercise.com//","service":"playwright-e2e","timestamp":"2026-08-25 16:58:14"}
{"level":"debug","message":"[BasePage] Successfully navigated to: https://www.automationexercise.com//","service":"playwright-e2e","timestamp":"2026-08-25 16:58:26"}
{"level":"info","message":"[STEP PASSED] [BasePage] Navigating to: https://www.automationexercise.com//","service":"playwright-e2e","timestamp":"2026-08-25 16:58:26"}
{"level":"info","message":"[STEP START] Fetch cart row details for","service":"playwright-e2e","timestamp":"2026-08-25 16:58:38"}
{"level":"info","message":"[STEP PASSED] Fetch cart row details for","service":"playwright-e2e","timestamp":"2026-08-25 16:58:39"}
{"level":"info","message":"[STEP START] [BasePage] Navigating to: https://www.automationexercise.com//","service":"playwright-e2e","timestamp":"2026-08-25 17:00:05"}
{"level":"debug","message":"[BasePage] Successfully navigated to: https://www.automationexercise.com//","service":"playwright-e2e","timestamp":"2026-08-25 17:00:08"}
{"level":"info","message":"[STEP PASSED] [BasePage] Navigating to: https://www.automationexercise.com//","service":"playwright-e2e","timestamp":"2026-08-25 17:00:08"}
{"level":"info","message":"[STEP START] Fetch cart row details for","service":"playwright-e2e","timestamp":"2026-08-25 17:00:13"}
{"level":"info","message":"[STEP PASSED] Fetch cart row details for","service":"playwright-e2e","timestamp":"2026-08-25 17:00:13"}
{"level":"info","message":"[STEP START] [BasePage] Navigating to: https://www.automationexercise.com//","service":"playwright-e2e","timestamp":"2026-08-25 17:07:39"}
{"level":"debug","message":"[BasePage] Successfully navigated to: https://www.automationexercise.com//","service":"playwright-e2e","timestamp":"2026-08-25 17:07:42"}
{"level":"info","message":"[STEP PASSED] [BasePage] Navigating to: https://www.automationexercise.com//","service":"playwright-e2e","timestamp":"2026-08-25 17:07:42"}
{"level":"info","message":"[STEP START] Login with email: email+1783927188631+@test.com","service":"playwright-e2e","timestamp":"2026-08-25 17:07:43"}
{"level":"debug","message":"Filling login credentials","service":"playwright-e2e","timestamp":"2026-08-25 17:07:43"}
{"level":"debug","message":"Clicking Login button","service":"playwright-e2e","timestamp":"2026-08-25 17:07:43"}
{"level":"info","message":"[STEP PASSED] Login with email: email+1783927188631+@test.com","service":"playwright-e2e","timestamp":"2026-08-25 17:07:44"}
{"level":"info","message":"[STEP START] [BasePage] Navigating to: https://www.automationexercise.com//","service":"playwright-e2e","timestamp":"2026-08-25 17:08:26"}
{"level":"debug","message":"[BasePage] Successfully navigated to: https://www.automationexercise.com//","service":"playwright-e2e","timestamp":"2026-08-25 17:08:28"}
{"level":"info","message":"[STEP PASSED] [BasePage] Navigating to: https://www.automationexercise.com//","service":"playwright-e2e","timestamp":"2026-08-25 17:08:28"}
{"level":"info","message":"[STEP START] Login with email: email+1783927188631+@test.com","service":"playwright-e2e","timestamp":"2026-08-25 17:08:29"}
{"level":"debug","message":"Filling login credentials","service":"playwright-e2e","timestamp":"2026-08-25 17:08:29"}
{"level":"debug","message":"Clicking Login button","service":"playwright-e2e","timestamp":"2026-08-25 17:08:29"}
{"level":"info","message":"[STEP PASSED] Login with email: email+1783927188631+@test.com","service":"playwright-e2e","timestamp":"2026-08-25 17:08:30"}
{"level":"info","message":"[STEP START] Fetch cart row details for","service":"playwright-e2e","timestamp":"2026-08-25 17:08:35"}
{"level":"info","message":"[STEP PASSED] Fetch cart row details for","service":"playwright-e2e","timestamp":"2026-08-25 17:08:35"}
{"level":"info","message":"[STEP START] 'Fetch delivery address details","service":"playwright-e2e","timestamp":"2026-08-25 17:08:35"}
{"country":"India","fullAddress":"Deli Kataran 1441","fullName":"Mr. Rimas Grimas","level":"debug","message":"Fetched delivery address details","phone":"0420012889","service":"playwright-e2e","street":"Lakunu street","timestamp":"2026-08-25 17:08:36"}
{"level":"info","message":"[STEP PASSED] 'Fetch delivery address details","service":"playwright-e2e","timestamp":"2026-08-25 17:08:36"}
{"level":"debug","message":"Click place order button","service":"playwright-e2e","timestamp":"2026-08-25 17:08:36"}
{"level":"info","message":"[STEP START] [BasePage] Navigating to: https://www.automationexercise.com//","service":"playwright-e2e","timestamp":"2026-08-25 17:10:47"}
{"level":"debug","message":"[BasePage] Successfully navigated to: https://www.automationexercise.com//","service":"playwright-e2e","timestamp":"2026-08-25 17:10:50"}
{"level":"info","message":"[STEP PASSED] [BasePage] Navigating to: https://www.automationexercise.com//","service":"playwright-e2e","timestamp":"2026-08-25 17:10:50"}
{"level":"info","message":"[STEP START] Login with email: email+1783927188631+@test.com","service":"playwright-e2e","timestamp":"2026-08-25 17:10:51"}
{"level":"debug","message":"Filling login credentials","service":"playwright-e2e","timestamp":"2026-08-25 17:10:51"}
{"level":"debug","message":"Clicking Login button","service":"playwright-e2e","timestamp":"2026-08-25 17:10:51"}
{"level":"info","message":"[STEP PASSED] Login with email: email+1783927188631+@test.com","service":"playwright-e2e","timestamp":"2026-08-25 17:10:52"}
{"level":"info","message":"[STEP START] Fetch cart row details for","service":"playwright-e2e","timestamp":"2026-08-25 17:10:56"}
{"level":"info","message":"[STEP PASSED] Fetch cart row details for","service":"playwright-e2e","timestamp":"2026-08-25 17:10:57"}
{"level":"info","message":"[STEP START] [BasePage] Navigating to: https://www.automationexercise.com//","service":"playwright-e2e","timestamp":"2026-08-25 17:11:21"}
{"level":"debug","message":"[BasePage] Successfully navigated to: https://www.automationexercise.com//","service":"playwright-e2e","timestamp":"2026-08-25 17:11:24"}
{"level":"info","message":"[STEP PASSED] [BasePage] Navigating to: https://www.automationexercise.com//","service":"playwright-e2e","timestamp":"2026-08-25 17:11:24"}
{"level":"info","message":"[STEP START] Login with email: email+1783927188631+@test.com","service":"playwright-e2e","timestamp":"2026-08-25 17:11:25"}
{"level":"debug","message":"Filling login credentials","service":"playwright-e2e","timestamp":"2026-08-25 17:11:25"}
{"level":"debug","message":"Clicking Login button","service":"playwright-e2e","timestamp":"2026-08-25 17:11:26"}
{"level":"info","message":"[STEP PASSED] Login with email: email+1783927188631+@test.com","service":"playwright-e2e","timestamp":"2026-08-25 17:11:27"}
{"level":"info","message":"[STEP START] Fetch cart row details for","service":"playwright-e2e","timestamp":"2026-08-25 17:11:33"}
{"level":"info","message":"[STEP PASSED] Fetch cart row details for","service":"playwright-e2e","timestamp":"2026-08-25 17:11:34"}
{"level":"info","message":"[STEP START] 'Fetch delivery address details","service":"playwright-e2e","timestamp":"2026-08-25 17:11:34"}
{"country":"India","fullAddress":"Deli Kataran 1441","fullName":"Mr. Rimas Grimas","level":"debug","message":"Fetched delivery address details","phone":"0420012889","service":"playwright-e2e","street":"Lakunu street","timestamp":"2026-08-25 17:11:35"}
{"level":"info","message":"[STEP PASSED] 'Fetch delivery address details","service":"playwright-e2e","timestamp":"2026-08-25 17:11:35"}
{"level":"info","message":"[STEP START] Click place order button","service":"playwright-e2e","timestamp":"2026-08-25 17:11:35"}
{"level":"debug","message":"Clicking Place Order button","service":"playwright-e2e","timestamp":"2026-08-25 17:11:35"}
{"level":"info","message":"[STEP PASSED] Click place order button","service":"playwright-e2e","timestamp":"2026-08-25 17:11:35"}
{"level":"info","message":"[STEP START] [BasePage] Navigating to: https://www.automationexercise.com//","service":"playwright-e2e","timestamp":"2026-08-25 21:49:20"}
{"level":"debug","message":"[BasePage] Successfully navigated to: https://www.automationexercise.com//","service":"playwright-e2e","timestamp":"2026-08-25 21:49:27"}
{"level":"info","message":"[STEP PASSED] [BasePage] Navigating to: https://www.automationexercise.com//","service":"playwright-e2e","timestamp":"2026-08-25 21:49:27"}
{"level":"info","message":"[STEP START] Login with email: email+1783927188631+@test.com","service":"playwright-e2e","timestamp":"2026-08-25 21:49:33"}
{"level":"debug","message":"Filling login credentials","service":"playwright-e2e","timestamp":"2026-08-25 21:49:33"}
{"level":"debug","message":"Clicking Login button","service":"playwright-e2e","timestamp":"2026-08-25 21:49:33"}
{"level":"info","message":"[STEP PASSED] Login with email: email+1783927188631+@test.com","service":"playwright-e2e","timestamp":"2026-08-25 21:49:35"}
{"level":"info","message":"[STEP START] Submit contact form","service":"playwright-e2e","timestamp":"2026-08-25 21:49:41"}
{"level":"debug","message":"Filling contact form data","service":"playwright-e2e","timestamp":"2026-08-25 21:49:41"}
{"level":"debug","message":"Clicking submit form","service":"playwright-e2e","timestamp":"2026-08-25 21:49:41"}
{"level":"info","message":"[STEP PASSED] Submit contact form","service":"playwright-e2e","timestamp":"2026-08-25 21:49:42"}
{"level":"info","message":"[STEP START] [BasePage] Navigating to: https://www.automationexercise.com//","service":"playwright-e2e","timestamp":"2026-08-25 22:05:45"}
{"level":"debug","message":"[BasePage] Successfully navigated to: https://www.automationexercise.com//","service":"playwright-e2e","timestamp":"2026-08-25 22:05:48"}
{"level":"info","message":"[STEP PASSED] [BasePage] Navigating to: https://www.automationexercise.com//","service":"playwright-e2e","timestamp":"2026-08-25 22:05:48"}
{"level":"info","message":"[STEP START] Navigate to Signup / Login page","service":"playwright-e2e","timestamp":"2026-08-25 22:05:48"}
{"level":"debug","message":"Clicking Signup / Login button","service":"playwright-e2e","timestamp":"2026-08-25 22:05:48"}
{"level":"info","message":"[STEP PASSED] Navigate to Signup / Login page","service":"playwright-e2e","timestamp":"2026-08-25 22:05:49"}
{"level":"info","message":"[STEP START] Login with email: email+1783927188631+@test.com","service":"playwright-e2e","timestamp":"2026-08-25 22:05:49"}
{"level":"debug","message":"Filling login credentials","service":"playwright-e2e","timestamp":"2026-08-25 22:05:49"}
{"level":"debug","message":"Clicking Login button","service":"playwright-e2e","timestamp":"2026-08-25 22:05:50"}
{"level":"info","message":"[STEP PASSED] Login with email: email+1783927188631+@test.com","service":"playwright-e2e","timestamp":"2026-08-25 22:05:51"}
{"level":"info","message":"[STEP START] Navigate to Products page","service":"playwright-e2e","timestamp":"2026-08-25 22:05:51"}
{"level":"debug","message":"Clicking Products button","service":"playwright-e2e","timestamp":"2026-08-25 22:05:51"}
{"level":"info","message":"[STEP PASSED] Navigate to Products page","service":"playwright-e2e","timestamp":"2026-08-25 22:05:52"}
{"level":"info","message":"[STEP START] Fetch cart row details for","service":"playwright-e2e","timestamp":"2026-08-25 22:05:55"}
{"level":"info","message":"[STEP PASSED] Fetch cart row details for","service":"playwright-e2e","timestamp":"2026-08-25 22:05:56"}
{"level":"info","message":"[STEP START] 'Fetch delivery address details","service":"playwright-e2e","timestamp":"2026-08-25 22:05:56"}
{"country":"India","fullAddress":"Deli Kataran 1441","fullName":"Mr. Rimas Grimas","level":"debug","message":"Fetched delivery address details","phone":"0420012889","service":"playwright-e2e","street":"Lakunu street","timestamp":"2026-08-25 22:05:56"}
{"level":"info","message":"[STEP PASSED] 'Fetch delivery address details","service":"playwright-e2e","timestamp":"2026-08-25 22:05:56"}
{"level":"info","message":"[STEP START] Click place order button","service":"playwright-e2e","timestamp":"2026-08-25 22:05:56"}
{"level":"debug","message":"Clicking Place Order button","service":"playwright-e2e","timestamp":"2026-08-25 22:05:56"}
{"level":"info","message":"[STEP PASSED] Click place order button","service":"playwright-e2e","timestamp":"2026-08-25 22:05:57"}
{"level":"info","message":"[STEP START] [BasePage] Navigating to: https://www.automationexercise.com//","service":"playwright-e2e","timestamp":"2026-08-26 09:34:18"}
{"level":"info","message":"[STEP START] [BasePage] Navigating to: https://www.automationexercise.com//","service":"playwright-e2e","timestamp":"2026-08-26 09:34:18"}
{"level":"debug","message":"[BasePage] Successfully navigated to: https://www.automationexercise.com//","service":"playwright-e2e","timestamp":"2026-08-26 09:34:29"}
{"level":"info","message":"[STEP PASSED] [BasePage] Navigating to: https://www.automationexercise.com//","service":"playwright-e2e","timestamp":"2026-08-26 09:34:29"}
{"level":"debug","message":"[BasePage] Successfully navigated to: https://www.automationexercise.com//","service":"playwright-e2e","timestamp":"2026-08-26 09:34:29"}
{"level":"info","message":"[STEP PASSED] [BasePage] Navigating to: https://www.automationexercise.com//","service":"playwright-e2e","timestamp":"2026-08-26 09:34:29"}
{"level":"info","message":"[STEP START] Navigate to Signup / Login page","service":"playwright-e2e","timestamp":"2026-08-26 09:34:30"}
{"level":"debug","message":"Clicking Signup / Login button","service":"playwright-e2e","timestamp":"2026-08-26 09:34:30"}
{"level":"info","message":"[STEP START] Navigate to Products page","service":"playwright-e2e","timestamp":"2026-08-26 09:34:31"}
{"level":"debug","message":"Clicking Products button","service":"playwright-e2e","timestamp":"2026-08-26 09:34:31"}
{"level":"info","message":"[STEP PASSED] Navigate to Signup / Login page","service":"playwright-e2e","timestamp":"2026-08-26 09:34:33"}
{"level":"info","message":"[STEP PASSED] Navigate to Products page","service":"playwright-e2e","timestamp":"2026-08-26 09:34:33"}
{"level":"info","message":"[STEP START] Login with email: email+1783927188631+@test.com","service":"playwright-e2e","timestamp":"2026-08-26 09:34:33"}
{"level":"debug","message":"Filling login credentials","service":"playwright-e2e","timestamp":"2026-08-26 09:34:33"}
{"level":"debug","message":"Clicking Login button","service":"playwright-e2e","timestamp":"2026-08-26 09:34:37"}
{"level":"info","message":"[STEP PASSED] Login with email: email+1783927188631+@test.com","service":"playwright-e2e","timestamp":"2026-08-26 09:34:42"}
{"level":"info","message":"[STEP START] Navigate to Contact Us page","service":"playwright-e2e","timestamp":"2026-08-26 09:34:43"}
{"level":"debug","message":"Clicking Contact Us button","service":"playwright-e2e","timestamp":"2026-08-26 09:34:43"}
{"level":"info","message":"[STEP START] Fetch cart row details for","service":"playwright-e2e","timestamp":"2026-08-26 09:34:47"}
{"level":"info","message":"[STEP PASSED] Fetch cart row details for","service":"playwright-e2e","timestamp":"2026-08-26 09:34:48"}
{"level":"info","message":"[STEP PASSED] Navigate to Contact Us page","service":"playwright-e2e","timestamp":"2026-08-26 09:34:50"}
{"level":"info","message":"[STEP START] Submit contact form","service":"playwright-e2e","timestamp":"2026-08-26 09:34:50"}
{"level":"debug","message":"Filling contact form data","service":"playwright-e2e","timestamp":"2026-08-26 09:34:50"}
{"level":"debug","message":"Clicking submit form","service":"playwright-e2e","timestamp":"2026-08-26 09:34:51"}
{"level":"info","message":"[STEP PASSED] Submit contact form","service":"playwright-e2e","timestamp":"2026-08-26 09:34:52"}
{"level":"info","message":"[STEP START] [BasePage] Navigating to: https://www.automationexercise.com//","service":"playwright-e2e","timestamp":"2026-08-26 09:34:57"}
{"level":"debug","message":"[BasePage] Successfully navigated to: https://www.automationexercise.com//","service":"playwright-e2e","timestamp":"2026-08-26 09:35:01"}
{"level":"info","message":"[STEP PASSED] [BasePage] Navigating to: https://www.automationexercise.com//","service":"playwright-e2e","timestamp":"2026-08-26 09:35:01"}
{"level":"info","message":"[STEP START] Navigate to Signup / Login page","service":"playwright-e2e","timestamp":"2026-08-26 09:35:02"}
{"level":"debug","message":"Clicking Signup / Login button","service":"playwright-e2e","timestamp":"2026-08-26 09:35:02"}
{"level":"info","message":"[STEP PASSED] Navigate to Signup / Login page","service":"playwright-e2e","timestamp":"2026-08-26 09:35:03"}
{"level":"info","message":"[STEP START] Login with email: email+1783927188631+@test.com","service":"playwright-e2e","timestamp":"2026-08-26 09:35:03"}
{"level":"debug","message":"Filling login credentials","service":"playwright-e2e","timestamp":"2026-08-26 09:35:03"}
{"level":"debug","message":"Clicking Login button","service":"playwright-e2e","timestamp":"2026-08-26 09:35:03"}
{"level":"info","message":"[STEP PASSED] Login with email: email+1783927188631+@test.com","service":"playwright-e2e","timestamp":"2026-08-26 09:35:05"}
{"level":"info","message":"[STEP START] [BasePage] Navigating to: https://www.automationexercise.com//","service":"playwright-e2e","timestamp":"2026-08-26 09:35:08"}
{"level":"debug","message":"[BasePage] Successfully navigated to: https://www.automationexercise.com//","service":"playwright-e2e","timestamp":"2026-08-26 09:35:12"}
{"level":"info","message":"[STEP START] [BasePage] Navigating to: https://www.automationexercise.com//","service":"playwright-e2e","timestamp":"2026-08-26 09:35:12"}
{"level":"info","message":"[STEP PASSED] [BasePage] Navigating to: https://www.automationexercise.com//","service":"playwright-e2e","timestamp":"2026-08-26 09:35:12"}
{"level":"info","message":"[STEP START] Navigate to Signup / Login page","service":"playwright-e2e","timestamp":"2026-08-26 09:35:12"}
{"level":"debug","message":"Clicking Signup / Login button","service":"playwright-e2e","timestamp":"2026-08-26 09:35:12"}
{"level":"info","message":"[STEP PASSED] Navigate to Signup / Login page","service":"playwright-e2e","timestamp":"2026-08-26 09:35:13"}
{"level":"info","message":"[STEP START] Login with email: email+1783927188631+@test.com","service":"playwright-e2e","timestamp":"2026-08-26 09:35:13"}
{"level":"debug","message":"Filling login credentials","service":"playwright-e2e","timestamp":"2026-08-26 09:35:13"}
{"level":"debug","message":"Clicking Login button","service":"playwright-e2e","timestamp":"2026-08-26 09:35:13"}
{"level":"info","message":"[STEP PASSED] Login with email: email+1783927188631+@test.com","service":"playwright-e2e","timestamp":"2026-08-26 09:35:16"}
{"level":"debug","message":"[BasePage] Successfully navigated to: https://www.automationexercise.com//","service":"playwright-e2e","timestamp":"2026-08-26 09:35:17"}
{"level":"info","message":"[STEP PASSED] [BasePage] Navigating to: https://www.automationexercise.com//","service":"playwright-e2e","timestamp":"2026-08-26 09:35:17"}
{"level":"info","message":"[STEP START] Navigate to Signup / Login page","service":"playwright-e2e","timestamp":"2026-08-26 09:35:17"}
{"level":"debug","message":"Clicking Signup / Login button","service":"playwright-e2e","timestamp":"2026-08-26 09:35:17"}
{"level":"info","message":"[STEP PASSED] Navigate to Signup / Login page","service":"playwright-e2e","timestamp":"2026-08-26 09:35:19"}
{"level":"info","message":"[STEP START] Login with email: fail@invaliduser.com","service":"playwright-e2e","timestamp":"2026-08-26 09:35:19"}
{"level":"debug","message":"Filling login credentials","service":"playwright-e2e","timestamp":"2026-08-26 09:35:19"}
{"level":"debug","message":"Clicking Login button","service":"playwright-e2e","timestamp":"2026-08-26 09:35:19"}
{"level":"info","message":"[STEP PASSED] Login with email: fail@invaliduser.com","service":"playwright-e2e","timestamp":"2026-08-26 09:35:20"}
{"level":"info","message":"[STEP START] [BasePage] Navigating to: https://www.automationexercise.com//","service":"playwright-e2e","timestamp":"2026-08-26 09:35:22"}
{"level":"info","message":"[STEP START] [BasePage] Navigating to: https://www.automationexercise.com//","service":"playwright-e2e","timestamp":"2026-08-26 09:35:22"}
{"level":"debug","message":"[BasePage] Successfully navigated to: https://www.automationexercise.com//","service":"playwright-e2e","timestamp":"2026-08-26 09:35:26"}
{"level":"info","message":"[STEP PASSED] [BasePage] Navigating to: https://www.automationexercise.com//","service":"playwright-e2e","timestamp":"2026-08-26 09:35:26"}
{"level":"info","message":"[STEP START] Navigate to Products page","service":"playwright-e2e","timestamp":"2026-08-26 09:35:26"}
{"level":"debug","message":"Clicking Products button","service":"playwright-e2e","timestamp":"2026-08-26 09:35:26"}
{"level":"debug","message":"[BasePage] Successfully navigated to: https://www.automationexercise.com//","service":"playwright-e2e","timestamp":"2026-08-26 09:35:27"}
{"level":"info","message":"[STEP PASSED] [BasePage] Navigating to: https://www.automationexercise.com//","service":"playwright-e2e","timestamp":"2026-08-26 09:35:27"}
{"level":"info","message":"[STEP START] Navigate to Signup / Login page","service":"playwright-e2e","timestamp":"2026-08-26 09:35:27"}
{"level":"debug","message":"Clicking Signup / Login button","service":"playwright-e2e","timestamp":"2026-08-26 09:35:27"}
{"level":"info","message":"[STEP PASSED] Navigate to Products page","service":"playwright-e2e","timestamp":"2026-08-26 09:35:27"}
{"level":"info","message":"[STEP PASSED] Navigate to Signup / Login page","service":"playwright-e2e","timestamp":"2026-08-26 09:35:29"}
{"level":"info","message":"[STEP START] Login with email: email+1783927188631+@test.com","service":"playwright-e2e","timestamp":"2026-08-26 09:35:30"}
{"level":"debug","message":"Filling login credentials","service":"playwright-e2e","timestamp":"2026-08-26 09:35:30"}
{"level":"debug","message":"Clicking Login button","service":"playwright-e2e","timestamp":"2026-08-26 09:35:30"}
{"level":"info","message":"[STEP START] [BasePage] Navigating to: https://www.automationexercise.com//","service":"playwright-e2e","timestamp":"2026-08-26 09:35:31"}
{"level":"info","message":"[STEP PASSED] Login with email: email+1783927188631+@test.com","service":"playwright-e2e","timestamp":"2026-08-26 09:35:33"}
{"level":"info","message":"[STEP START] Navigate to Products page","service":"playwright-e2e","timestamp":"2026-08-26 09:35:33"}
{"level":"debug","message":"Clicking Products button","service":"playwright-e2e","timestamp":"2026-08-26 09:35:33"}
{"level":"debug","message":"[BasePage] Successfully navigated to: https://www.automationexercise.com//","service":"playwright-e2e","timestamp":"2026-08-26 09:35:35"}
{"level":"info","message":"[STEP PASSED] [BasePage] Navigating to: https://www.automationexercise.com//","service":"playwright-e2e","timestamp":"2026-08-26 09:35:35"}
{"level":"info","message":"[STEP PASSED] Navigate to Products page","service":"playwright-e2e","timestamp":"2026-08-26 09:35:35"}
{"level":"info","message":"[STEP START] Navigate to Products page","service":"playwright-e2e","timestamp":"2026-08-26 09:35:35"}
{"level":"debug","message":"Clicking Products button","service":"playwright-e2e","timestamp":"2026-08-26 09:35:35"}
{"level":"info","message":"[STEP PASSED] Navigate to Products page","service":"playwright-e2e","timestamp":"2026-08-26 09:35:36"}
{"level":"info","message":"[STEP START] [BasePage] Navigating to: https://www.automationexercise.com//","service":"playwright-e2e","timestamp":"2026-08-26 09:35:42"}
{"level":"info","message":"[STEP START] Fetch cart row details for","service":"playwright-e2e","timestamp":"2026-08-26 09:35:42"}
{"level":"info","message":"[STEP PASSED] Fetch cart row details for","service":"playwright-e2e","timestamp":"2026-08-26 09:35:42"}
{"level":"info","message":"[STEP START] 'Fetch delivery address details","service":"playwright-e2e","timestamp":"2026-08-26 09:35:43"}
{"country":"India","fullAddress":"Deli Kataran 1441","fullName":"Mr. Rimas Grimas","level":"debug","message":"Fetched delivery address details","phone":"0420012889","service":"playwright-e2e","street":"Lakunu street","timestamp":"2026-08-26 09:35:43"}
{"level":"info","message":"[STEP PASSED] 'Fetch delivery address details","service":"playwright-e2e","timestamp":"2026-08-26 09:35:43"}
{"level":"info","message":"[STEP START] Click place order button","service":"playwright-e2e","timestamp":"2026-08-26 09:35:43"}
{"level":"debug","message":"Clicking Place Order button","service":"playwright-e2e","timestamp":"2026-08-26 09:35:43"}
{"level":"info","message":"[STEP START] Enter credit card payment details","service":"playwright-e2e","timestamp":"2026-08-26 09:35:43"}
{"level":"debug","message":"Filling payment form details","service":"playwright-e2e","timestamp":"2026-08-26 09:35:43"}
{"level":"info","message":"[STEP PASSED] Click place order button","service":"playwright-e2e","timestamp":"2026-08-26 09:35:45"}
{"level":"info","message":"[STEP PASSED] Enter credit card payment details","service":"playwright-e2e","timestamp":"2026-08-26 09:35:47"}
{"level":"debug","message":"[BasePage] Successfully navigated to: https://www.automationexercise.com//","service":"playwright-e2e","timestamp":"2026-08-26 09:35:47"}
{"level":"info","message":"[STEP PASSED] [BasePage] Navigating to: https://www.automationexercise.com//","service":"playwright-e2e","timestamp":"2026-08-26 09:35:47"}
{"level":"info","message":"[STEP START] Navigate to Signup / Login page","service":"playwright-e2e","timestamp":"2026-08-26 09:35:47"}
{"level":"debug","message":"Clicking Signup / Login button","service":"playwright-e2e","timestamp":"2026-08-26 09:35:47"}
{"level":"info","message":"[STEP PASSED] Navigate to Signup / Login page","service":"playwright-e2e","timestamp":"2026-08-26 09:35:48"}
{"level":"info","message":"[STEP START] New user signup: email+1787726053219+@test.com","service":"playwright-e2e","timestamp":"2026-08-26 09:35:48"}
{"level":"debug","message":"Filling name input","service":"playwright-e2e","timestamp":"2026-08-26 09:35:48"}
{"level":"debug","message":"Filling email input","service":"playwright-e2e","timestamp":"2026-08-26 09:35:49"}
{"level":"debug","message":"Clicking signup button","service":"playwright-e2e","timestamp":"2026-08-26 09:35:49"}
{"level":"info","message":"[STEP PASSED] New user signup: email+1787726053219+@test.com","service":"playwright-e2e","timestamp":"2026-08-26 09:35:49"}
{"level":"info","message":"[STEP START] Complete registration form for: email+1787726053219+@test.com","service":"playwright-e2e","timestamp":"2026-08-26 09:35:50"}
{"level":"debug","message":"Filling user password","service":"playwright-e2e","timestamp":"2026-08-26 09:35:50"}
{"level":"debug","message":"Selecting DoB: 9/April/1990","service":"playwright-e2e","timestamp":"2026-08-26 09:35:51"}
{"level":"debug","message":"Filling personal info: Rimas Grimas","service":"playwright-e2e","timestamp":"2026-08-26 09:35:52"}
{"level":"info","message":"[STEP START] [BasePage] Navigating to: https://www.automationexercise.com//","service":"playwright-e2e","timestamp":"2026-08-26 09:35:52"}
{"level":"debug","message":"Filling address info: India","service":"playwright-e2e","timestamp":"2026-08-26 09:35:52"}
{"level":"debug","message":"Clicking Create Account button","service":"playwright-e2e","timestamp":"2026-08-26 09:35:53"}
{"level":"info","message":"[STEP PASSED] Complete registration form for: email+1787726053219+@test.com","service":"playwright-e2e","timestamp":"2026-08-26 09:35:56"}
{"level":"debug","message":"[BasePage] Successfully navigated to: https://www.automationexercise.com//","service":"playwright-e2e","timestamp":"2026-08-26 09:35:57"}
{"level":"info","message":"[STEP PASSED] [BasePage] Navigating to: https://www.automationexercise.com//","service":"playwright-e2e","timestamp":"2026-08-26 09:35:57"}
{"level":"info","message":"[STEP START] Subscribe to newsletter with email: email+1783927188631+@test.com","service":"playwright-e2e","timestamp":"2026-08-26 09:35:57"}
{"level":"debug","message":"Scrolling to footer","service":"playwright-e2e","timestamp":"2026-08-26 09:35:57"}
{"level":"debug","message":"Filling subscription email: email+1783927188631+@test.com","service":"playwright-e2e","timestamp":"2026-08-26 09:35:57"}
{"level":"debug","message":"Clicking subscribe button","service":"playwright-e2e","timestamp":"2026-08-26 09:35:57"}
{"level":"info","message":"[STEP PASSED] Subscribe to newsletter with email: email+1783927188631+@test.com","service":"playwright-e2e","timestamp":"2026-08-26 09:35:58"}
{"level":"info","message":"[STEP START] [BasePage] Navigating to: https://www.automationexercise.com//","service":"playwright-e2e","timestamp":"2026-08-26 12:11:22"}
{"level":"info","message":"[STEP START] [BasePage] Navigating to: https://www.automationexercise.com//","service":"playwright-e2e","timestamp":"2026-08-26 12:11:22"}
{"level":"debug","message":"[BasePage] Successfully navigated to: https://www.automationexercise.com//","service":"playwright-e2e","timestamp":"2026-08-26 12:11:28"}
{"level":"info","message":"[STEP PASSED] [BasePage] Navigating to: https://www.automationexercise.com//","service":"playwright-e2e","timestamp":"2026-08-26 12:11:28"}
{"level":"info","message":"[STEP START] Navigate to Products page","service":"playwright-e2e","timestamp":"2026-08-26 12:11:28"}
{"level":"debug","message":"Clicking Products button","service":"playwright-e2e","timestamp":"2026-08-26 12:11:28"}
{"level":"debug","message":"[BasePage] Successfully navigated to: https://www.automationexercise.com//","service":"playwright-e2e","timestamp":"2026-08-26 12:11:29"}
{"level":"info","message":"[STEP PASSED] [BasePage] Navigating to: https://www.automationexercise.com//","service":"playwright-e2e","timestamp":"2026-08-26 12:11:29"}
{"level":"info","message":"[STEP PASSED] Navigate to Products page","service":"playwright-e2e","timestamp":"2026-08-26 12:11:30"}
{"level":"info","message":"[STEP START] Navigate to Signup / Login page","service":"playwright-e2e","timestamp":"2026-08-26 12:11:30"}
{"level":"debug","message":"Clicking Signup / Login button","service":"playwright-e2e","timestamp":"2026-08-26 12:11:30"}
{"level":"info","message":"[STEP START] Search for product: \"Lace Top For Women\"","service":"playwright-e2e","timestamp":"2026-08-26 12:11:30"}
{"level":"debug","message":"Filling search input with: Lace Top For Women","service":"playwright-e2e","timestamp":"2026-08-26 12:11:30"}
{"level":"debug","message":"Clicking search submit button","service":"playwright-e2e","timestamp":"2026-08-26 12:11:31"}
{"level":"info","message":"[STEP PASSED] Navigate to Signup / Login page","service":"playwright-e2e","timestamp":"2026-08-26 12:11:31"}
{"level":"info","message":"[STEP START] Login with email: email+1783927188631+@test.com","service":"playwright-e2e","timestamp":"2026-08-26 12:11:31"}
{"level":"debug","message":"Filling login credentials","service":"playwright-e2e","timestamp":"2026-08-26 12:11:31"}
{"level":"debug","message":"Clicking Login button","service":"playwright-e2e","timestamp":"2026-08-26 12:11:32"}
{"level":"info","message":"[STEP PASSED] Search for product: \"Lace Top For Women\"","service":"playwright-e2e","timestamp":"2026-08-26 12:11:32"}
{"level":"info","message":"[STEP START] Fetch cart row details for","service":"playwright-e2e","timestamp":"2026-08-26 12:11:34"}
{"level":"info","message":"[STEP PASSED] Fetch cart row details for","service":"playwright-e2e","timestamp":"2026-08-26 12:11:35"}
{"level":"info","message":"[STEP PASSED] Login with email: email+1783927188631+@test.com","service":"playwright-e2e","timestamp":"2026-08-26 12:11:35"}
{"level":"info","message":"[STEP START] Navigate to Contact Us page","service":"playwright-e2e","timestamp":"2026-08-26 12:11:35"}
{"level":"debug","message":"Clicking Contact Us button","service":"playwright-e2e","timestamp":"2026-08-26 12:11:35"}
{"level":"info","message":"[STEP PASSED] Navigate to Contact Us page","service":"playwright-e2e","timestamp":"2026-08-26 12:11:37"}
{"level":"info","message":"[STEP START] Submit contact form","service":"playwright-e2e","timestamp":"2026-08-26 12:11:37"}
{"level":"debug","message":"Filling contact form data","service":"playwright-e2e","timestamp":"2026-08-26 12:11:37"}
{"level":"info","message":"[STEP START] [BasePage] Navigating to: https://www.automationexercise.com//","service":"playwright-e2e","timestamp":"2026-08-26 12:11:37"}
{"level":"debug","message":"Clicking submit form","service":"playwright-e2e","timestamp":"2026-08-26 12:11:38"}
{"level":"info","message":"[STEP PASSED] Submit contact form","service":"playwright-e2e","timestamp":"2026-08-26 12:11:39"}
{"level":"debug","message":"[BasePage] Successfully navigated to: https://www.automationexercise.com//","service":"playwright-e2e","timestamp":"2026-08-26 12:11:41"}
{"level":"info","message":"[STEP PASSED] [BasePage] Navigating to: https://www.automationexercise.com//","service":"playwright-e2e","timestamp":"2026-08-26 12:11:41"}
{"level":"info","message":"[STEP START] Navigate to Signup / Login page","service":"playwright-e2e","timestamp":"2026-08-26 12:11:41"}
{"level":"debug","message":"Clicking Signup / Login button","service":"playwright-e2e","timestamp":"2026-08-26 12:11:41"}
{"level":"info","message":"[STEP PASSED] Navigate to Signup / Login page","service":"playwright-e2e","timestamp":"2026-08-26 12:11:41"}
{"level":"info","message":"[STEP START] Login with email: email+1783927188631+@test.com","service":"playwright-e2e","timestamp":"2026-08-26 12:11:41"}
{"level":"debug","message":"Filling login credentials","service":"playwright-e2e","timestamp":"2026-08-26 12:11:41"}
{"level":"debug","message":"Clicking Login button","service":"playwright-e2e","timestamp":"2026-08-26 12:11:41"}
{"level":"info","message":"[STEP PASSED] Login with email: email+1783927188631+@test.com","service":"playwright-e2e","timestamp":"2026-08-26 12:11:43"}
{"level":"info","message":"[STEP START] [BasePage] Navigating to: https://www.automationexercise.com//","service":"playwright-e2e","timestamp":"2026-08-26 12:11:46"}
{"level":"debug","message":"[BasePage] Successfully navigated to: https://www.automationexercise.com//","service":"playwright-e2e","timestamp":"2026-08-26 12:11:49"}
{"level":"info","message":"[STEP PASSED] [BasePage] Navigating to: https://www.automationexercise.com//","service":"playwright-e2e","timestamp":"2026-08-26 12:11:49"}
{"level":"info","message":"[STEP START] Navigate to Signup / Login page","service":"playwright-e2e","timestamp":"2026-08-26 12:11:49"}
{"level":"debug","message":"Clicking Signup / Login button","service":"playwright-e2e","timestamp":"2026-08-26 12:11:49"}
{"level":"info","message":"[STEP PASSED] Navigate to Signup / Login page","service":"playwright-e2e","timestamp":"2026-08-26 12:11:50"}
{"level":"info","message":"[STEP START] Login with email: fail@invaliduser.com","service":"playwright-e2e","timestamp":"2026-08-26 12:11:50"}
{"level":"debug","message":"Filling login credentials","service":"playwright-e2e","timestamp":"2026-08-26 12:11:50"}
{"level":"debug","message":"Clicking Login button","service":"playwright-e2e","timestamp":"2026-08-26 12:11:50"}
{"level":"info","message":"[STEP PASSED] Login with email: fail@invaliduser.com","service":"playwright-e2e","timestamp":"2026-08-26 12:11:51"}
{"level":"info","message":"[STEP START] [BasePage] Navigating to: https://www.automationexercise.com//","service":"playwright-e2e","timestamp":"2026-08-26 12:11:52"}
{"level":"info","message":"[STEP START] [BasePage] Navigating to: https://www.automationexercise.com//","service":"playwright-e2e","timestamp":"2026-08-26 12:11:54"}
{"level":"debug","message":"[BasePage] Successfully navigated to: https://www.automationexercise.com//","service":"playwright-e2e","timestamp":"2026-08-26 12:11:58"}
{"level":"info","message":"[STEP PASSED] [BasePage] Navigating to: https://www.automationexercise.com//","service":"playwright-e2e","timestamp":"2026-08-26 12:11:58"}
{"level":"info","message":"[STEP START] Navigate to Signup / Login page","service":"playwright-e2e","timestamp":"2026-08-26 12:11:59"}
{"level":"debug","message":"Clicking Signup / Login button","service":"playwright-e2e","timestamp":"2026-08-26 12:11:59"}
{"level":"debug","message":"[BasePage] Successfully navigated to: https://www.automationexercise.com//","service":"playwright-e2e","timestamp":"2026-08-26 12:11:59"}
{"level":"info","message":"[STEP PASSED] [BasePage] Navigating to: https://www.automationexercise.com//","service":"playwright-e2e","timestamp":"2026-08-26 12:11:59"}
{"level":"info","message":"[STEP START] Navigate to Signup / Login page","service":"playwright-e2e","timestamp":"2026-08-26 12:11:59"}
{"level":"debug","message":"Clicking Signup / Login button","service":"playwright-e2e","timestamp":"2026-08-26 12:11:59"}
{"level":"info","message":"[STEP PASSED] Navigate to Signup / Login page","service":"playwright-e2e","timestamp":"2026-08-26 12:12:00"}
{"level":"info","message":"[STEP START] Login with email: email+1783927188631+@test.com","service":"playwright-e2e","timestamp":"2026-08-26 12:12:00"}
{"level":"debug","message":"Filling login credentials","service":"playwright-e2e","timestamp":"2026-08-26 12:12:00"}
{"level":"info","message":"[STEP PASSED] Navigate to Signup / Login page","service":"playwright-e2e","timestamp":"2026-08-26 12:12:01"}
{"level":"info","message":"[STEP START] Login with email: email+1783927188631+@test.com","service":"playwright-e2e","timestamp":"2026-08-26 12:12:01"}
{"level":"debug","message":"Filling login credentials","service":"playwright-e2e","timestamp":"2026-08-26 12:12:01"}
{"level":"debug","message":"Clicking Login button","service":"playwright-e2e","timestamp":"2026-08-26 12:12:02"}
{"level":"debug","message":"Clicking Login button","service":"playwright-e2e","timestamp":"2026-08-26 12:12:02"}
{"level":"info","message":"[STEP PASSED] Login with email: email+1783927188631+@test.com","service":"playwright-e2e","timestamp":"2026-08-26 12:12:04"}
{"level":"info","message":"[STEP PASSED] Login with email: email+1783927188631+@test.com","service":"playwright-e2e","timestamp":"2026-08-26 12:12:04"}
{"level":"info","message":"[STEP START] Navigate to Products page","service":"playwright-e2e","timestamp":"2026-08-26 12:12:05"}
{"level":"debug","message":"Clicking Products button","service":"playwright-e2e","timestamp":"2026-08-26 12:12:05"}
{"level":"info","message":"[STEP PASSED] Navigate to Products page","service":"playwright-e2e","timestamp":"2026-08-26 12:12:08"}
{"level":"info","message":"[STEP START] Search for product: \"Lace Top For Women\"","service":"playwright-e2e","timestamp":"2026-08-26 12:12:09"}
{"level":"debug","message":"Filling search input with: Lace Top For Women","service":"playwright-e2e","timestamp":"2026-08-26 12:12:09"}
{"level":"debug","message":"Clicking search submit button","service":"playwright-e2e","timestamp":"2026-08-26 12:12:10"}
{"level":"info","message":"[STEP PASSED] Search for product: \"Lace Top For Women\"","service":"playwright-e2e","timestamp":"2026-08-26 12:12:11"}
{"level":"info","message":"[STEP START] [BasePage] Navigating to: https://www.automationexercise.com//","service":"playwright-e2e","timestamp":"2026-08-26 12:12:12"}
{"level":"info","message":"[STEP START] Fetch cart row details for","service":"playwright-e2e","timestamp":"2026-08-26 12:12:14"}
{"level":"info","message":"[STEP PASSED] Fetch cart row details for","service":"playwright-e2e","timestamp":"2026-08-26 12:12:14"}
{"level":"info","message":"[STEP START] 'Fetch delivery address details","service":"playwright-e2e","timestamp":"2026-08-26 12:12:15"}
{"country":"India","fullAddress":"Deli Kataran 1441","fullName":"Mr. Rimas Grimas","level":"debug","message":"Fetched delivery address details","phone":"0420012889","service":"playwright-e2e","street":"Lakunu street","timestamp":"2026-08-26 12:12:16"}
{"level":"info","message":"[STEP PASSED] 'Fetch delivery address details","service":"playwright-e2e","timestamp":"2026-08-26 12:12:16"}
{"level":"info","message":"[STEP START] Click place order button","service":"playwright-e2e","timestamp":"2026-08-26 12:12:16"}
{"level":"debug","message":"Clicking Place Order button","service":"playwright-e2e","timestamp":"2026-08-26 12:12:16"}
{"level":"info","message":"[STEP START] Enter credit card payment details","service":"playwright-e2e","timestamp":"2026-08-26 12:12:16"}
{"level":"debug","message":"Filling payment form details","service":"playwright-e2e","timestamp":"2026-08-26 12:12:16"}
{"level":"info","message":"[STEP PASSED] Click place order button","service":"playwright-e2e","timestamp":"2026-08-26 12:12:18"}
{"level":"info","message":"[STEP PASSED] Enter credit card payment details","service":"playwright-e2e","timestamp":"2026-08-26 12:12:19"}
{"level":"info","message":"[STEP START] Click Pay and Confirm Order button","service":"playwright-e2e","timestamp":"2026-08-26 12:12:19"}
{"level":"debug","message":"Clicking Pay and Confirm Order","service":"playwright-e2e","timestamp":"2026-08-26 12:12:19"}
{"level":"debug","message":"[BasePage] Successfully navigated to: https://www.automationexercise.com//","service":"playwright-e2e","timestamp":"2026-08-26 12:12:20"}
{"level":"info","message":"[STEP PASSED] [BasePage] Navigating to: https://www.automationexercise.com//","service":"playwright-e2e","timestamp":"2026-08-26 12:12:20"}
{"level":"info","message":"[STEP START] Navigate to Products page","service":"playwright-e2e","timestamp":"2026-08-26 12:12:20"}
{"level":"debug","message":"Clicking Products button","service":"playwright-e2e","timestamp":"2026-08-26 12:12:20"}
{"level":"info","message":"[STEP PASSED] Click Pay and Confirm Order button","service":"playwright-e2e","timestamp":"2026-08-26 12:12:22"}
{"level":"info","message":"[STEP PASSED] Navigate to Products page","service":"playwright-e2e","timestamp":"2026-08-26 12:12:22"}
{"level":"info","message":"[STEP START] [BasePage] Navigating to: https://www.automationexercise.com//","service":"playwright-e2e","timestamp":"2026-08-26 12:12:26"}
{"level":"info","message":"[STEP START] [BasePage] Navigating to: https://www.automationexercise.com//","service":"playwright-e2e","timestamp":"2026-08-26 12:12:27"}
{"level":"debug","message":"[BasePage] Successfully navigated to: https://www.automationexercise.com//","service":"playwright-e2e","timestamp":"2026-08-26 12:12:32"}
{"level":"info","message":"[STEP PASSED] [BasePage] Navigating to: https://www.automationexercise.com//","service":"playwright-e2e","timestamp":"2026-08-26 12:12:32"}
{"level":"debug","message":"[BasePage] Successfully navigated to: https://www.automationexercise.com//","service":"playwright-e2e","timestamp":"2026-08-26 12:12:33"}
{"level":"info","message":"[STEP PASSED] [BasePage] Navigating to: https://www.automationexercise.com//","service":"playwright-e2e","timestamp":"2026-08-26 12:12:33"}
{"level":"info","message":"[STEP START] Navigate to Signup / Login page","service":"playwright-e2e","timestamp":"2026-08-26 12:12:33"}
{"level":"debug","message":"Clicking Signup / Login button","service":"playwright-e2e","timestamp":"2026-08-26 12:12:33"}
{"level":"info","message":"[STEP START] Navigate to Products page","service":"playwright-e2e","timestamp":"2026-08-26 12:12:33"}
{"level":"debug","message":"Clicking Products button","service":"playwright-e2e","timestamp":"2026-08-26 12:12:33"}
{"level":"info","message":"[STEP PASSED] Navigate to Signup / Login page","service":"playwright-e2e","timestamp":"2026-08-26 12:12:34"}
{"level":"info","message":"[STEP START] New user signup: email+1787735513456+@test.com","service":"playwright-e2e","timestamp":"2026-08-26 12:12:34"}
{"level":"debug","message":"Filling name input","service":"playwright-e2e","timestamp":"2026-08-26 12:12:34"}
{"level":"debug","message":"Filling email input","service":"playwright-e2e","timestamp":"2026-08-26 12:12:34"}
{"level":"info","message":"[STEP PASSED] Navigate to Products page","service":"playwright-e2e","timestamp":"2026-08-26 12:12:34"}
{"level":"debug","message":"Clicking signup button","service":"playwright-e2e","timestamp":"2026-08-26 12:12:35"}
{"level":"info","message":"[STEP START] Search for product: \"Lace Top For Women\"","service":"playwright-e2e","timestamp":"2026-08-26 12:12:35"}
{"level":"debug","message":"Filling search input with: Lace Top For Women","service":"playwright-e2e","timestamp":"2026-08-26 12:12:35"}
{"level":"debug","message":"Clicking search submit button","service":"playwright-e2e","timestamp":"2026-08-26 12:12:36"}
{"level":"info","message":"[STEP PASSED] New user signup: email+1787735513456+@test.com","service":"playwright-e2e","timestamp":"2026-08-26 12:12:37"}
{"level":"info","message":"[STEP START] Complete registration form for: email+1787735513456+@test.com","service":"playwright-e2e","timestamp":"2026-08-26 12:12:37"}
{"level":"info","message":"[STEP PASSED] Search for product: \"Lace Top For Women\"","service":"playwright-e2e","timestamp":"2026-08-26 12:12:38"}
{"level":"debug","message":"Filling user password","service":"playwright-e2e","timestamp":"2026-08-26 12:12:38"}
{"level":"debug","message":"Selecting DoB: 9/April/1990","service":"playwright-e2e","timestamp":"2026-08-26 12:12:39"}
{"level":"debug","message":"Filling personal info: Rimas Grimas","service":"playwright-e2e","timestamp":"2026-08-26 12:12:40"}
{"level":"info","message":"[STEP START] [BasePage] Navigating to: https://www.automationexercise.com//","service":"playwright-e2e","timestamp":"2026-08-26 12:12:40"}
{"level":"debug","message":"Filling address info: India","service":"playwright-e2e","timestamp":"2026-08-26 12:12:41"}
{"level":"debug","message":"Clicking Create Account button","service":"playwright-e2e","timestamp":"2026-08-26 12:12:42"}
{"level":"info","message":"[STEP PASSED] Complete registration form for: email+1787735513456+@test.com","service":"playwright-e2e","timestamp":"2026-08-26 12:12:44"}
{"level":"debug","message":"[BasePage] Successfully navigated to: https://www.automationexercise.com//","service":"playwright-e2e","timestamp":"2026-08-26 12:12:45"}
{"level":"info","message":"[STEP PASSED] [BasePage] Navigating to: https://www.automationexercise.com//","service":"playwright-e2e","timestamp":"2026-08-26 12:12:45"}
{"level":"info","message":"[STEP START] Subscribe to newsletter with email: email+1783927188631+@test.com","service":"playwright-e2e","timestamp":"2026-08-26 12:12:45"}
{"level":"debug","message":"Scrolling to footer","service":"playwright-e2e","timestamp":"2026-08-26 12:12:45"}
{"level":"debug","message":"Filling subscription email: email+1783927188631+@test.com","service":"playwright-e2e","timestamp":"2026-08-26 12:12:45"}
{"level":"debug","message":"Clicking subscribe button","service":"playwright-e2e","timestamp":"2026-08-26 12:12:45"}
{"level":"info","message":"[STEP PASSED] Subscribe to newsletter with email: email+1783927188631+@test.com","service":"playwright-e2e","timestamp":"2026-08-26 12:12:46"}
{"level":"info","message":"[STEP START] [BasePage] Navigating to: https://www.automationexercise.com//","service":"playwright-e2e","timestamp":"2026-08-26 12:16:59"}
{"level":"debug","message":"[BasePage] Successfully navigated to: https://www.automationexercise.com//","service":"playwright-e2e","timestamp":"2026-08-26 12:17:02"}
{"level":"info","message":"[STEP PASSED] [BasePage] Navigating to: https://www.automationexercise.com//","service":"playwright-e2e","timestamp":"2026-08-26 12:17:02"}
{"level":"info","message":"[STEP START] Navigate to Signup / Login page","service":"playwright-e2e","timestamp":"2026-08-26 12:17:03"}
{"level":"debug","message":"Clicking Signup / Login button","service":"playwright-e2e","timestamp":"2026-08-26 12:17:03"}
{"level":"info","message":"[STEP PASSED] Navigate to Signup / Login page","service":"playwright-e2e","timestamp":"2026-08-26 12:17:03"}
{"level":"info","message":"[STEP START] New user signup: email+1787735813998+@test.com","service":"playwright-e2e","timestamp":"2026-08-26 12:17:04"}
{"level":"debug","message":"Filling name input","service":"playwright-e2e","timestamp":"2026-08-26 12:17:04"}
{"level":"debug","message":"Filling email input","service":"playwright-e2e","timestamp":"2026-08-26 12:17:04"}
{"level":"debug","message":"Clicking signup button","service":"playwright-e2e","timestamp":"2026-08-26 12:17:04"}
{"level":"info","message":"[STEP PASSED] New user signup: email+1787735813998+@test.com","service":"playwright-e2e","timestamp":"2026-08-26 12:17:05"}
{"level":"info","message":"[STEP START] Complete registration form for: email+1787735813998+@test.com","service":"playwright-e2e","timestamp":"2026-08-26 12:17:05"}
{"level":"debug","message":"Filling user password","service":"playwright-e2e","timestamp":"2026-08-26 12:17:06"}
{"level":"debug","message":"Selecting DoB: 9/April/1990","service":"playwright-e2e","timestamp":"2026-08-26 12:17:06"}
{"level":"debug","message":"Filling personal info: Rimas Grimas","service":"playwright-e2e","timestamp":"2026-08-26 12:17:06"}
{"level":"debug","message":"Filling address info: India","service":"playwright-e2e","timestamp":"2026-08-26 12:17:07"}
{"level":"debug","message":"Clicking Create Account button","service":"playwright-e2e","timestamp":"2026-08-26 12:17:08"}
{"level":"info","message":"[STEP PASSED] Complete registration form for: email+1787735813998+@test.com","service":"playwright-e2e","timestamp":"2026-08-26 12:17:09"}
{"level":"info","message":"[STEP START] 'Click Continue button on Account Created page","service":"playwright-e2e","timestamp":"2026-08-26 12:17:10"}
{"level":"debug","message":"Clicking continue button","service":"playwright-e2e","timestamp":"2026-08-26 12:17:10"}
{"level":"info","message":"[STEP PASSED] 'Click Continue button on Account Created page","service":"playwright-e2e","timestamp":"2026-08-26 12:17:11"}
{"level":"info","message":"[STEP START] Delete Account","service":"playwright-e2e","timestamp":"2026-08-26 12:17:11"}
{"level":"debug","message":"Clicking Delete Account button","service":"playwright-e2e","timestamp":"2026-08-26 12:17:11"}
{"level":"info","message":"[STEP PASSED] Delete Account","service":"playwright-e2e","timestamp":"2026-08-26 12:17:13"}
{"level":"info","message":"[STEP START] [BasePage] Navigating to: https://www.automationexercise.com//","service":"playwright-e2e","timestamp":"2026-08-26 12:18:26"}
{"level":"debug","message":"[BasePage] Successfully navigated to: https://www.automationexercise.com//","service":"playwright-e2e","timestamp":"2026-08-26 12:18:29"}
{"level":"info","message":"[STEP PASSED] [BasePage] Navigating to: https://www.automationexercise.com//","service":"playwright-e2e","timestamp":"2026-08-26 12:18:29"}
{"level":"info","message":"[STEP START] Navigate to Signup / Login page","service":"playwright-e2e","timestamp":"2026-08-26 12:18:29"}
{"level":"debug","message":"Clicking Signup / Login button","service":"playwright-e2e","timestamp":"2026-08-26 12:18:29"}
{"level":"info","message":"[STEP PASSED] Navigate to Signup / Login page","service":"playwright-e2e","timestamp":"2026-08-26 12:18:30"}
{"level":"info","message":"[STEP START] New user signup: email+1787735904572+@test.com","service":"playwright-e2e","timestamp":"2026-08-26 12:18:30"}
{"level":"debug","message":"Filling name input","service":"playwright-e2e","timestamp":"2026-08-26 12:18:30"}
{"level":"debug","message":"Filling email input","service":"playwright-e2e","timestamp":"2026-08-26 12:18:30"}
{"level":"debug","message":"Clicking signup button","service":"playwright-e2e","timestamp":"2026-08-26 12:18:30"}
{"level":"info","message":"[STEP PASSED] New user signup: email+1787735904572+@test.com","service":"playwright-e2e","timestamp":"2026-08-26 12:18:31"}
{"level":"info","message":"[STEP START] Complete registration form for: email+1787735904572+@test.com","service":"playwright-e2e","timestamp":"2026-08-26 12:18:31"}
{"level":"debug","message":"Filling user password","service":"playwright-e2e","timestamp":"2026-08-26 12:18:32"}
{"level":"debug","message":"Selecting DoB: 9/April/1990","service":"playwright-e2e","timestamp":"2026-08-26 12:18:32"}
{"level":"debug","message":"Filling personal info: Rimas Grimas","service":"playwright-e2e","timestamp":"2026-08-26 12:18:33"}
{"level":"debug","message":"Filling address info: India","service":"playwright-e2e","timestamp":"2026-08-26 12:18:34"}
{"level":"debug","message":"Clicking Create Account button","service":"playwright-e2e","timestamp":"2026-08-26 12:18:34"}
{"level":"info","message":"[STEP PASSED] Complete registration form for: email+1787735904572+@test.com","service":"playwright-e2e","timestamp":"2026-08-26 12:18:37"}
{"level":"info","message":"[STEP START] [BasePage] Navigating to: https://www.automationexercise.com//","service":"playwright-e2e","timestamp":"2026-08-26 13:06:54"}
{"level":"info","message":"[STEP START] [BasePage] Navigating to: https://www.automationexercise.com//","service":"playwright-e2e","timestamp":"2026-08-26 13:06:56"}
{"level":"debug","message":"[BasePage] Successfully navigated to: https://www.automationexercise.com//","service":"playwright-e2e","timestamp":"2026-08-26 13:07:12"}
{"level":"info","message":"[STEP PASSED] [BasePage] Navigating to: https://www.automationexercise.com//","service":"playwright-e2e","timestamp":"2026-08-26 13:07:12"}
{"level":"info","message":"[STEP START] Navigate to Signup / Login page","service":"playwright-e2e","timestamp":"2026-08-26 13:07:13"}
{"level":"debug","message":"Clicking Signup / Login button","service":"playwright-e2e","timestamp":"2026-08-26 13:07:13"}
{"level":"info","message":"[STEP PASSED] Navigate to Signup / Login page","service":"playwright-e2e","timestamp":"2026-08-26 13:07:14"}
{"level":"info","message":"[STEP START] Login with email: email+1783927188631+@test.com","service":"playwright-e2e","timestamp":"2026-08-26 13:07:14"}
{"level":"debug","message":"Filling login credentials","service":"playwright-e2e","timestamp":"2026-08-26 13:07:14"}
{"level":"debug","message":"[BasePage] Successfully navigated to: https://www.automationexercise.com//","service":"playwright-e2e","timestamp":"2026-08-26 13:07:14"}
{"level":"info","message":"[STEP PASSED] [BasePage] Navigating to: https://www.automationexercise.com//","service":"playwright-e2e","timestamp":"2026-08-26 13:07:15"}
{"level":"info","message":"[STEP START] Navigate to Products page","service":"playwright-e2e","timestamp":"2026-08-26 13:07:15"}
{"level":"debug","message":"Clicking Products button","service":"playwright-e2e","timestamp":"2026-08-26 13:07:15"}
{"level":"debug","message":"Clicking Login button","service":"playwright-e2e","timestamp":"2026-08-26 13:07:16"}
{"level":"info","message":"[STEP PASSED] Navigate to Products page","service":"playwright-e2e","timestamp":"2026-08-26 13:07:18"}
{"level":"info","message":"[STEP START] Search for product: \"Lace Top For Women\"","service":"playwright-e2e","timestamp":"2026-08-26 13:07:19"}
{"level":"info","message":"[STEP PASSED] Login with email: email+1783927188631+@test.com","service":"playwright-e2e","timestamp":"2026-08-26 13:07:19"}
{"level":"debug","message":"Filling search input with: Lace Top For Women","service":"playwright-e2e","timestamp":"2026-08-26 13:07:19"}
{"level":"debug","message":"Clicking search submit button","service":"playwright-e2e","timestamp":"2026-08-26 13:07:20"}
{"level":"info","message":"[STEP START] Navigate to Contact Us page","service":"playwright-e2e","timestamp":"2026-08-26 13:07:20"}
{"level":"debug","message":"Clicking Contact Us button","service":"playwright-e2e","timestamp":"2026-08-26 13:07:20"}
{"level":"info","message":"[STEP PASSED] Navigate to Contact Us page","service":"playwright-e2e","timestamp":"2026-08-26 13:07:23"}
{"level":"info","message":"[STEP START] Submit contact form","service":"playwright-e2e","timestamp":"2026-08-26 13:07:23"}
{"level":"debug","message":"Filling contact form data","service":"playwright-e2e","timestamp":"2026-08-26 13:07:23"}
{"level":"debug","message":"Clicking submit form","service":"playwright-e2e","timestamp":"2026-08-26 13:07:26"}
{"level":"info","message":"[STEP PASSED] Search for product: \"Lace Top For Women\"","service":"playwright-e2e","timestamp":"2026-08-26 13:07:27"}
{"level":"info","message":"[STEP PASSED] Submit contact form","service":"playwright-e2e","timestamp":"2026-08-26 13:07:30"}
{"level":"info","message":"[STEP START] [BasePage] Navigating to: https://www.automationexercise.com//","service":"playwright-e2e","timestamp":"2026-08-26 13:07:54"}
{"level":"debug","message":"[BasePage] Successfully navigated to: https://www.automationexercise.com//","service":"playwright-e2e","timestamp":"2026-08-26 13:07:59"}
{"level":"info","message":"[STEP PASSED] [BasePage] Navigating to: https://www.automationexercise.com//","service":"playwright-e2e","timestamp":"2026-08-26 13:07:59"}
{"level":"info","message":"[STEP START] Navigate to Signup / Login page","service":"playwright-e2e","timestamp":"2026-08-26 13:07:59"}
{"level":"debug","message":"Clicking Signup / Login button","service":"playwright-e2e","timestamp":"2026-08-26 13:07:59"}
{"level":"info","message":"[STEP PASSED] Navigate to Signup / Login page","service":"playwright-e2e","timestamp":"2026-08-26 13:08:00"}
{"level":"info","message":"[STEP START] Login with email: email+1783927188631+@test.com","service":"playwright-e2e","timestamp":"2026-08-26 13:08:00"}
{"level":"debug","message":"Filling login credentials","service":"playwright-e2e","timestamp":"2026-08-26 13:08:00"}
{"level":"debug","message":"Clicking Login button","service":"playwright-e2e","timestamp":"2026-08-26 13:08:00"}
{"level":"info","message":"[STEP PASSED] Login with email: email+1783927188631+@test.com","service":"playwright-e2e","timestamp":"2026-08-26 13:08:03"}
{"level":"info","message":"[STEP START] [BasePage] Navigating to: https://www.automationexercise.com//","service":"playwright-e2e","timestamp":"2026-08-26 13:08:05"}
{"level":"info","message":"[STEP START] [BasePage] Navigating to: https://www.automationexercise.com//","service":"playwright-e2e","timestamp":"2026-08-26 13:08:06"}
{"level":"debug","message":"[BasePage] Successfully navigated to: https://www.automationexercise.com//","service":"playwright-e2e","timestamp":"2026-08-26 13:08:11"}
{"level":"info","message":"[STEP PASSED] [BasePage] Navigating to: https://www.automationexercise.com//","service":"playwright-e2e","timestamp":"2026-08-26 13:08:11"}
{"level":"info","message":"[STEP START] Navigate to Signup / Login page","service":"playwright-e2e","timestamp":"2026-08-26 13:08:12"}
{"level":"debug","message":"Clicking Signup / Login button","service":"playwright-e2e","timestamp":"2026-08-26 13:08:12"}
{"level":"debug","message":"[BasePage] Successfully navigated to: https://www.automationexercise.com//","service":"playwright-e2e","timestamp":"2026-08-26 13:08:13"}
{"level":"info","message":"[STEP PASSED] [BasePage] Navigating to: https://www.automationexercise.com//","service":"playwright-e2e","timestamp":"2026-08-26 13:08:13"}
{"level":"info","message":"[STEP START] Navigate to Signup / Login page","service":"playwright-e2e","timestamp":"2026-08-26 13:08:13"}
{"level":"debug","message":"Clicking Signup / Login button","service":"playwright-e2e","timestamp":"2026-08-26 13:08:13"}
{"level":"info","message":"[STEP PASSED] Navigate to Signup / Login page","service":"playwright-e2e","timestamp":"2026-08-26 13:08:14"}
{"level":"info","message":"[STEP START] Login with email: fail@invaliduser.com","service":"playwright-e2e","timestamp":"2026-08-26 13:08:14"}
{"level":"debug","message":"Filling login credentials","service":"playwright-e2e","timestamp":"2026-08-26 13:08:14"}
{"level":"info","message":"[STEP PASSED] Navigate to Signup / Login page","service":"playwright-e2e","timestamp":"2026-08-26 13:08:15"}
{"level":"info","message":"[STEP START] Login with email: email+1783927188631+@test.com","service":"playwright-e2e","timestamp":"2026-08-26 13:08:15"}
{"level":"debug","message":"Filling login credentials","service":"playwright-e2e","timestamp":"2026-08-26 13:08:15"}
{"level":"debug","message":"Clicking Login button","service":"playwright-e2e","timestamp":"2026-08-26 13:08:15"}
{"level":"debug","message":"Clicking Login button","service":"playwright-e2e","timestamp":"2026-08-26 13:08:16"}
{"level":"info","message":"[STEP PASSED] Login with email: fail@invaliduser.com","service":"playwright-e2e","timestamp":"2026-08-26 13:08:16"}
{"level":"info","message":"[STEP START] [BasePage] Navigating to: https://www.automationexercise.com//","service":"playwright-e2e","timestamp":"2026-08-26 13:08:18"}
{"level":"info","message":"[STEP PASSED] Login with email: email+1783927188631+@test.com","service":"playwright-e2e","timestamp":"2026-08-26 13:08:18"}
{"level":"debug","message":"[BasePage] Successfully navigated to: https://www.automationexercise.com//","service":"playwright-e2e","timestamp":"2026-08-26 13:08:28"}
{"level":"info","message":"[STEP PASSED] [BasePage] Navigating to: https://www.automationexercise.com//","service":"playwright-e2e","timestamp":"2026-08-26 13:08:28"}
{"level":"info","message":"[STEP START] Navigate to Signup / Login page","service":"playwright-e2e","timestamp":"2026-08-26 13:08:29"}
{"level":"debug","message":"Clicking Signup / Login button","service":"playwright-e2e","timestamp":"2026-08-26 13:08:29"}
{"level":"info","message":"[STEP START] [BasePage] Navigating to: https://www.automationexercise.com//","service":"playwright-e2e","timestamp":"2026-08-26 13:08:31"}
{"level":"info","message":"[STEP PASSED] Navigate to Signup / Login page","service":"playwright-e2e","timestamp":"2026-08-26 13:08:32"}
{"level":"info","message":"[STEP START] Login with email: email+1783927188631+@test.com","service":"playwright-e2e","timestamp":"2026-08-26 13:08:33"}
{"level":"debug","message":"Filling login credentials","service":"playwright-e2e","timestamp":"2026-08-26 13:08:33"}
{"level":"debug","message":"Clicking Login button","service":"playwright-e2e","timestamp":"2026-08-26 13:08:36"}
{"level":"debug","message":"[BasePage] Successfully navigated to: https://www.automationexercise.com//","service":"playwright-e2e","timestamp":"2026-08-26 13:08:39"}
{"level":"info","message":"[STEP PASSED] [BasePage] Navigating to: https://www.automationexercise.com//","service":"playwright-e2e","timestamp":"2026-08-26 13:08:39"}
{"level":"info","message":"[STEP START] Navigate to Products page","service":"playwright-e2e","timestamp":"2026-08-26 13:08:39"}
{"level":"debug","message":"Clicking Products button","service":"playwright-e2e","timestamp":"2026-08-26 13:08:39"}
{"level":"info","message":"[STEP PASSED] Navigate to Products page","service":"playwright-e2e","timestamp":"2026-08-26 13:08:41"}
{"level":"info","message":"[STEP PASSED] Login with email: email+1783927188631+@test.com","service":"playwright-e2e","timestamp":"2026-08-26 13:08:42"}
{"level":"info","message":"[STEP START] Navigate to Products page","service":"playwright-e2e","timestamp":"2026-08-26 13:08:44"}
{"level":"debug","message":"Clicking Products button","service":"playwright-e2e","timestamp":"2026-08-26 13:08:44"}
{"level":"info","message":"[STEP PASSED] Navigate to Products page","service":"playwright-e2e","timestamp":"2026-08-26 13:08:50"}
{"level":"info","message":"[STEP START] Search for product: \"Lace Top For Women\"","service":"playwright-e2e","timestamp":"2026-08-26 13:08:53"}
{"level":"debug","message":"Filling search input with: Lace Top For Women","service":"playwright-e2e","timestamp":"2026-08-26 13:08:53"}
{"level":"debug","message":"Clicking search submit button","service":"playwright-e2e","timestamp":"2026-08-26 13:08:56"}
{"level":"info","message":"[STEP PASSED] Search for product: \"Lace Top For Women\"","service":"playwright-e2e","timestamp":"2026-08-26 13:08:59"}
{"level":"info","message":"[STEP START] Fetch cart row details for","service":"playwright-e2e","timestamp":"2026-08-26 13:09:05"}
{"level":"info","message":"[STEP PASSED] Fetch cart row details for","service":"playwright-e2e","timestamp":"2026-08-26 13:09:06"}
{"level":"info","message":"[STEP START] 'Fetch delivery address details","service":"playwright-e2e","timestamp":"2026-08-26 13:09:09"}
{"country":"India","fullAddress":"Deli Kataran 1441","fullName":"Mr. Rimas Grimas","level":"debug","message":"Fetched delivery address details","phone":"0420012889","service":"playwright-e2e","street":"Lakunu street","timestamp":"2026-08-26 13:09:09"}
{"level":"info","message":"[STEP PASSED] 'Fetch delivery address details","service":"playwright-e2e","timestamp":"2026-08-26 13:09:09"}
{"level":"info","message":"[STEP START] Click place order button","service":"playwright-e2e","timestamp":"2026-08-26 13:09:09"}
{"level":"debug","message":"Clicking Place Order button","service":"playwright-e2e","timestamp":"2026-08-26 13:09:09"}
{"level":"info","message":"[STEP START] Enter credit card payment details","service":"playwright-e2e","timestamp":"2026-08-26 13:09:09"}
{"level":"debug","message":"Filling payment form details","service":"playwright-e2e","timestamp":"2026-08-26 13:09:09"}
{"level":"info","message":"[STEP PASSED] Click place order button","service":"playwright-e2e","timestamp":"2026-08-26 13:09:12"}
{"level":"info","message":"[STEP PASSED] Enter credit card payment details","service":"playwright-e2e","timestamp":"2026-08-26 13:09:14"}
{"level":"info","message":"[STEP START] Click Pay and Confirm Order button","service":"playwright-e2e","timestamp":"2026-08-26 13:09:14"}
{"level":"debug","message":"Clicking Pay and Confirm Order","service":"playwright-e2e","timestamp":"2026-08-26 13:09:14"}
{"level":"info","message":"[STEP START] [BasePage] Navigating to: https://www.automationexercise.com//","service":"playwright-e2e","timestamp":"2026-08-26 13:09:16"}
{"level":"info","message":"[STEP PASSED] Click Pay and Confirm Order button","service":"playwright-e2e","timestamp":"2026-08-26 13:09:17"}
{"level":"debug","message":"[BasePage] Successfully navigated to: https://www.automationexercise.com//","service":"playwright-e2e","timestamp":"2026-08-26 13:09:23"}
{"level":"info","message":"[STEP PASSED] [BasePage] Navigating to: https://www.automationexercise.com//","service":"playwright-e2e","timestamp":"2026-08-26 13:09:23"}
{"level":"info","message":"[STEP START] Navigate to Products page","service":"playwright-e2e","timestamp":"2026-08-26 13:09:23"}
{"level":"debug","message":"Clicking Products button","service":"playwright-e2e","timestamp":"2026-08-26 13:09:23"}
{"level":"info","message":"[STEP PASSED] Navigate to Products page","service":"playwright-e2e","timestamp":"2026-08-26 13:09:24"}
{"level":"info","message":"[STEP START] Search for product: \"Lace Top For Women\"","service":"playwright-e2e","timestamp":"2026-08-26 13:09:25"}
{"level":"debug","message":"Filling search input with: Lace Top For Women","service":"playwright-e2e","timestamp":"2026-08-26 13:09:25"}
{"level":"debug","message":"Clicking search submit button","service":"playwright-e2e","timestamp":"2026-08-26 13:09:25"}
{"level":"info","message":"[STEP PASSED] Search for product: \"Lace Top For Women\"","service":"playwright-e2e","timestamp":"2026-08-26 13:09:28"}
{"level":"info","message":"[STEP START] [BasePage] Navigating to: https://www.automationexercise.com//","service":"playwright-e2e","timestamp":"2026-08-26 13:09:30"}
{"level":"debug","message":"[BasePage] Successfully navigated to: https://www.automationexercise.com//","service":"playwright-e2e","timestamp":"2026-08-26 13:09:34"}
{"level":"info","message":"[STEP PASSED] [BasePage] Navigating to: https://www.automationexercise.com//","service":"playwright-e2e","timestamp":"2026-08-26 13:09:34"}
{"level":"info","message":"[STEP START] Navigate to Signup / Login page","service":"playwright-e2e","timestamp":"2026-08-26 13:09:34"}
{"level":"debug","message":"Clicking Signup / Login button","service":"playwright-e2e","timestamp":"2026-08-26 13:09:34"}
{"level":"info","message":"[STEP PASSED] Navigate to Signup / Login page","service":"playwright-e2e","timestamp":"2026-08-26 13:09:34"}
{"level":"info","message":"[STEP START] New user signup: email+1787738873375+@test.com","service":"playwright-e2e","timestamp":"2026-08-26 13:09:35"}
{"level":"debug","message":"Filling name input","service":"playwright-e2e","timestamp":"2026-08-26 13:09:35"}
{"level":"debug","message":"Filling email input","service":"playwright-e2e","timestamp":"2026-08-26 13:09:35"}
{"level":"debug","message":"Clicking signup button","service":"playwright-e2e","timestamp":"2026-08-26 13:09:35"}
{"level":"info","message":"[STEP PASSED] New user signup: email+1787738873375+@test.com","service":"playwright-e2e","timestamp":"2026-08-26 13:09:35"}
{"level":"info","message":"[STEP START] Complete registration form for: email+1787738873375+@test.com","service":"playwright-e2e","timestamp":"2026-08-26 13:09:36"}
{"level":"debug","message":"Filling user password","service":"playwright-e2e","timestamp":"2026-08-26 13:09:36"}
{"level":"debug","message":"Selecting DoB: 9/April/1990","service":"playwright-e2e","timestamp":"2026-08-26 13:09:37"}
{"level":"debug","message":"Filling personal info: Rimas Grimas","service":"playwright-e2e","timestamp":"2026-08-26 13:09:38"}
{"level":"debug","message":"Filling address info: India","service":"playwright-e2e","timestamp":"2026-08-26 13:09:39"}
{"level":"debug","message":"Clicking Create Account button","service":"playwright-e2e","timestamp":"2026-08-26 13:09:40"}
{"level":"info","message":"[STEP PASSED] Complete registration form for: email+1787738873375+@test.com","service":"playwright-e2e","timestamp":"2026-08-26 13:09:43"}
{"level":"info","message":"[STEP START] [BasePage] Navigating to: https://www.automationexercise.com//","service":"playwright-e2e","timestamp":"2026-08-26 13:09:44"}
{"level":"debug","message":"[BasePage] Successfully navigated to: https://www.automationexercise.com//","service":"playwright-e2e","timestamp":"2026-08-26 13:09:48"}
{"level":"info","message":"[STEP PASSED] [BasePage] Navigating to: https://www.automationexercise.com//","service":"playwright-e2e","timestamp":"2026-08-26 13:09:48"}
{"level":"info","message":"[STEP START] Subscribe to newsletter with email: email+1783927188631+@test.com","service":"playwright-e2e","timestamp":"2026-08-26 13:09:49"}
{"level":"debug","message":"Scrolling to footer","service":"playwright-e2e","timestamp":"2026-08-26 13:09:49"}
{"level":"debug","message":"Filling subscription email: email+1783927188631+@test.com","service":"playwright-e2e","timestamp":"2026-08-26 13:09:49"}
{"level":"debug","message":"Clicking subscribe button","service":"playwright-e2e","timestamp":"2026-08-26 13:09:49"}
{"level":"info","message":"[STEP PASSED] Subscribe to newsletter with email: email+1783927188631+@test.com","service":"playwright-e2e","timestamp":"2026-08-26 13:09:49"}
{"level":"info","message":"[STEP START] [BasePage] Navigating to: https://www.automationexercise.com//","service":"playwright-e2e","timestamp":"2026-08-26 13:32:17"}
{"level":"info","message":"[STEP START] [BasePage] Navigating to: https://www.automationexercise.com//","service":"playwright-e2e","timestamp":"2026-08-26 13:32:17"}
{"level":"debug","message":"[BasePage] Successfully navigated to: https://www.automationexercise.com//","service":"playwright-e2e","timestamp":"2026-08-26 13:32:30"}
{"level":"info","message":"[STEP PASSED] [BasePage] Navigating to: https://www.automationexercise.com//","service":"playwright-e2e","timestamp":"2026-08-26 13:32:30"}
{"level":"debug","message":"[BasePage] Successfully navigated to: https://www.automationexercise.com//","service":"playwright-e2e","timestamp":"2026-08-26 13:32:31"}
{"level":"info","message":"[STEP PASSED] [BasePage] Navigating to: https://www.automationexercise.com//","service":"playwright-e2e","timestamp":"2026-08-26 13:32:31"}
{"level":"info","message":"[STEP START] Navigate to Signup / Login page","service":"playwright-e2e","timestamp":"2026-08-26 13:32:32"}
{"level":"debug","message":"Clicking Signup / Login button","service":"playwright-e2e","timestamp":"2026-08-26 13:32:32"}
{"level":"info","message":"[STEP START] Navigate to Products page","service":"playwright-e2e","timestamp":"2026-08-26 13:32:32"}
{"level":"debug","message":"Clicking Products button","service":"playwright-e2e","timestamp":"2026-08-26 13:32:32"}
{"level":"info","message":"[STEP PASSED] Navigate to Signup / Login page","service":"playwright-e2e","timestamp":"2026-08-26 13:32:34"}
{"level":"info","message":"[STEP PASSED] Navigate to Products page","service":"playwright-e2e","timestamp":"2026-08-26 13:32:34"}
{"level":"info","message":"[STEP START] Login with email: email+1783927188631+@test.com","service":"playwright-e2e","timestamp":"2026-08-26 13:32:35"}
{"level":"debug","message":"Filling login credentials","service":"playwright-e2e","timestamp":"2026-08-26 13:32:35"}
{"level":"info","message":"[STEP START] Search for product: \"Lace Top For Women\"","service":"playwright-e2e","timestamp":"2026-08-26 13:32:36"}
{"level":"debug","message":"Filling search input with: Lace Top For Women","service":"playwright-e2e","timestamp":"2026-08-26 13:32:36"}
{"level":"debug","message":"Clicking search submit button","service":"playwright-e2e","timestamp":"2026-08-26 13:32:36"}
{"level":"debug","message":"Clicking Login button","service":"playwright-e2e","timestamp":"2026-08-26 13:32:37"}
{"level":"info","message":"[STEP PASSED] Search for product: \"Lace Top For Women\"","service":"playwright-e2e","timestamp":"2026-08-26 13:32:39"}
{"level":"info","message":"[STEP PASSED] Login with email: email+1783927188631+@test.com","service":"playwright-e2e","timestamp":"2026-08-26 13:32:42"}
{"level":"info","message":"[STEP START] Navigate to Contact Us page","service":"playwright-e2e","timestamp":"2026-08-26 13:32:45"}
{"level":"debug","message":"Clicking Contact Us button","service":"playwright-e2e","timestamp":"2026-08-26 13:32:45"}
{"level":"info","message":"[STEP START] Fetch cart row details for","service":"playwright-e2e","timestamp":"2026-08-26 13:32:54"}
{"level":"info","message":"[STEP PASSED] Fetch cart row details for","service":"playwright-e2e","timestamp":"2026-08-26 13:32:55"}
{"level":"info","message":"[STEP PASSED] Navigate to Contact Us page","service":"playwright-e2e","timestamp":"2026-08-26 13:32:57"}
{"level":"info","message":"[STEP START] Submit contact form","service":"playwright-e2e","timestamp":"2026-08-26 13:32:58"}
{"level":"debug","message":"Filling contact form data","service":"playwright-e2e","timestamp":"2026-08-26 13:32:58"}
{"level":"debug","message":"Clicking submit form","service":"playwright-e2e","timestamp":"2026-08-26 13:32:58"}
{"level":"info","message":"[STEP PASSED] Submit contact form","service":"playwright-e2e","timestamp":"2026-08-26 13:33:00"}
{"level":"info","message":"[STEP START] [BasePage] Navigating to: https://www.automationexercise.com//","service":"playwright-e2e","timestamp":"2026-08-26 13:33:10"}
{"level":"debug","message":"[BasePage] Successfully navigated to: https://www.automationexercise.com//","service":"playwright-e2e","timestamp":"2026-08-26 13:33:21"}
{"level":"info","message":"[STEP PASSED] [BasePage] Navigating to: https://www.automationexercise.com//","service":"playwright-e2e","timestamp":"2026-08-26 13:33:21"}
{"level":"info","message":"[STEP START] Navigate to Signup / Login page","service":"playwright-e2e","timestamp":"2026-08-26 13:33:21"}
{"level":"debug","message":"Clicking Signup / Login button","service":"playwright-e2e","timestamp":"2026-08-26 13:33:21"}
{"level":"info","message":"[STEP PASSED] Navigate to Signup / Login page","service":"playwright-e2e","timestamp":"2026-08-26 13:33:23"}
{"level":"info","message":"[STEP START] Login with email: email+1783927188631+@test.com","service":"playwright-e2e","timestamp":"2026-08-26 13:33:23"}
{"level":"debug","message":"Filling login credentials","service":"playwright-e2e","timestamp":"2026-08-26 13:33:23"}
{"level":"debug","message":"Clicking Login button","service":"playwright-e2e","timestamp":"2026-08-26 13:33:24"}
{"level":"info","message":"[STEP PASSED] Login with email: email+1783927188631+@test.com","service":"playwright-e2e","timestamp":"2026-08-26 13:33:25"}
{"level":"info","message":"[STEP START] [BasePage] Navigating to: https://www.automationexercise.com//","service":"playwright-e2e","timestamp":"2026-08-26 13:33:28"}
{"level":"debug","message":"[BasePage] Successfully navigated to: https://www.automationexercise.com//","service":"playwright-e2e","timestamp":"2026-08-26 13:33:34"}
{"level":"info","message":"[STEP PASSED] [BasePage] Navigating to: https://www.automationexercise.com//","service":"playwright-e2e","timestamp":"2026-08-26 13:33:34"}
{"level":"info","message":"[STEP START] Navigate to Signup / Login page","service":"playwright-e2e","timestamp":"2026-08-26 13:33:34"}
{"level":"debug","message":"Clicking Signup / Login button","service":"playwright-e2e","timestamp":"2026-08-26 13:33:34"}
{"level":"info","message":"[STEP PASSED] Navigate to Signup / Login page","service":"playwright-e2e","timestamp":"2026-08-26 13:33:35"}
{"level":"info","message":"[STEP START] Login with email: fail@invaliduser.com","service":"playwright-e2e","timestamp":"2026-08-26 13:33:35"}
{"level":"debug","message":"Filling login credentials","service":"playwright-e2e","timestamp":"2026-08-26 13:33:35"}
{"level":"debug","message":"Clicking Login button","service":"playwright-e2e","timestamp":"2026-08-26 13:33:36"}
{"level":"info","message":"[STEP PASSED] Login with email: fail@invaliduser.com","service":"playwright-e2e","timestamp":"2026-08-26 13:33:37"}
{"level":"info","message":"[STEP START] [BasePage] Navigating to: https://www.automationexercise.com//","service":"playwright-e2e","timestamp":"2026-08-26 13:33:39"}
{"level":"info","message":"[STEP START] [BasePage] Navigating to: https://www.automationexercise.com//","service":"playwright-e2e","timestamp":"2026-08-26 13:33:40"}
{"level":"debug","message":"[BasePage] Successfully navigated to: https://www.automationexercise.com//","service":"playwright-e2e","timestamp":"2026-08-26 13:33:57"}
{"level":"info","message":"[STEP PASSED] [BasePage] Navigating to: https://www.automationexercise.com//","service":"playwright-e2e","timestamp":"2026-08-26 13:33:57"}
{"level":"info","message":"[STEP START] Navigate to Signup / Login page","service":"playwright-e2e","timestamp":"2026-08-26 13:33:58"}
{"level":"debug","message":"Clicking Signup / Login button","service":"playwright-e2e","timestamp":"2026-08-26 13:33:58"}
{"level":"debug","message":"[BasePage] Successfully navigated to: https://www.automationexercise.com//","service":"playwright-e2e","timestamp":"2026-08-26 13:33:58"}
{"level":"info","message":"[STEP PASSED] [BasePage] Navigating to: https://www.automationexercise.com//","service":"playwright-e2e","timestamp":"2026-08-26 13:33:58"}
{"level":"info","message":"[STEP PASSED] Navigate to Signup / Login page","service":"playwright-e2e","timestamp":"2026-08-26 13:33:59"}
{"level":"info","message":"[STEP START] Login with email: email+1783927188631+@test.com","service":"playwright-e2e","timestamp":"2026-08-26 13:33:59"}
{"level":"debug","message":"Filling login credentials","service":"playwright-e2e","timestamp":"2026-08-26 13:33:59"}
{"level":"info","message":"[STEP START] Navigate to Signup / Login page","service":"playwright-e2e","timestamp":"2026-08-26 13:34:00"}
{"level":"debug","message":"Clicking Signup / Login button","service":"playwright-e2e","timestamp":"2026-08-26 13:34:00"}
{"level":"debug","message":"Clicking Login button","service":"playwright-e2e","timestamp":"2026-08-26 13:34:01"}
{"level":"info","message":"[STEP PASSED] Navigate to Signup / Login page","service":"playwright-e2e","timestamp":"2026-08-26 13:34:02"}
{"level":"info","message":"[STEP START] Login with email: email+1783927188631+@test.com","service":"playwright-e2e","timestamp":"2026-08-26 13:34:02"}
{"level":"debug","message":"Filling login credentials","service":"playwright-e2e","timestamp":"2026-08-26 13:34:02"}
{"level":"info","message":"[STEP PASSED] Login with email: email+1783927188631+@test.com","service":"playwright-e2e","timestamp":"2026-08-26 13:34:02"}
{"level":"debug","message":"Clicking Login button","service":"playwright-e2e","timestamp":"2026-08-26 13:34:04"}
{"level":"info","message":"[STEP PASSED] Login with email: email+1783927188631+@test.com","service":"playwright-e2e","timestamp":"2026-08-26 13:34:07"}
{"level":"info","message":"[STEP START] Navigate to Products page","service":"playwright-e2e","timestamp":"2026-08-26 13:34:08"}
{"level":"debug","message":"Clicking Products button","service":"playwright-e2e","timestamp":"2026-08-26 13:34:08"}
{"level":"info","message":"[STEP PASSED] Navigate to Products page","service":"playwright-e2e","timestamp":"2026-08-26 13:34:12"}
{"level":"info","message":"[STEP START] Search for product: \"Lace Top For Women\"","service":"playwright-e2e","timestamp":"2026-08-26 13:34:13"}
{"level":"debug","message":"Filling search input with: Lace Top For Women","service":"playwright-e2e","timestamp":"2026-08-26 13:34:13"}
{"level":"debug","message":"Clicking search submit button","service":"playwright-e2e","timestamp":"2026-08-26 13:34:14"}
{"level":"info","message":"[STEP PASSED] Search for product: \"Lace Top For Women\"","service":"playwright-e2e","timestamp":"2026-08-26 13:34:16"}
{"level":"info","message":"[STEP START] Fetch cart row details for","service":"playwright-e2e","timestamp":"2026-08-26 13:34:19"}
{"level":"info","message":"[STEP PASSED] Fetch cart row details for","service":"playwright-e2e","timestamp":"2026-08-26 13:34:19"}
{"level":"info","message":"[STEP START] [BasePage] Navigating to: https://www.automationexercise.com//","service":"playwright-e2e","timestamp":"2026-08-26 13:34:22"}
{"level":"info","message":"[STEP START] 'Fetch delivery address details","service":"playwright-e2e","timestamp":"2026-08-26 13:34:22"}
{"country":"India","fullAddress":"Deli Kataran 1441","fullName":"Mr. Rimas Grimas","level":"debug","message":"Fetched delivery address details","phone":"0420012889","service":"playwright-e2e","street":"Lakunu street","timestamp":"2026-08-26 13:34:22"}
{"level":"info","message":"[STEP PASSED] 'Fetch delivery address details","service":"playwright-e2e","timestamp":"2026-08-26 13:34:22"}
{"level":"info","message":"[STEP START] Click place order button","service":"playwright-e2e","timestamp":"2026-08-26 13:34:22"}
{"level":"debug","message":"Clicking Place Order button","service":"playwright-e2e","timestamp":"2026-08-26 13:34:22"}
{"level":"info","message":"[STEP START] Enter credit card payment details","service":"playwright-e2e","timestamp":"2026-08-26 13:34:22"}
{"level":"debug","message":"Filling payment form details","service":"playwright-e2e","timestamp":"2026-08-26 13:34:22"}
{"level":"info","message":"[STEP PASSED] Click place order button","service":"playwright-e2e","timestamp":"2026-08-26 13:34:26"}
{"level":"info","message":"[STEP PASSED] Enter credit card payment details","service":"playwright-e2e","timestamp":"2026-08-26 13:34:27"}
{"level":"info","message":"[STEP START] Click Pay and Confirm Order button","service":"playwright-e2e","timestamp":"2026-08-26 13:34:27"}
{"level":"debug","message":"Clicking Pay and Confirm Order","service":"playwright-e2e","timestamp":"2026-08-26 13:34:27"}
{"level":"info","message":"[STEP PASSED] Click Pay and Confirm Order button","service":"playwright-e2e","timestamp":"2026-08-26 13:34:30"}
{"level":"debug","message":"[BasePage] Successfully navigated to: https://www.automationexercise.com//","service":"playwright-e2e","timestamp":"2026-08-26 13:34:31"}
{"level":"info","message":"[STEP PASSED] [BasePage] Navigating to: https://www.automationexercise.com//","service":"playwright-e2e","timestamp":"2026-08-26 13:34:31"}
{"level":"info","message":"[STEP START] Navigate to Products page","service":"playwright-e2e","timestamp":"2026-08-26 13:34:31"}
{"level":"debug","message":"Clicking Products button","service":"playwright-e2e","timestamp":"2026-08-26 13:34:31"}
{"level":"info","message":"[STEP PASSED] Navigate to Products page","service":"playwright-e2e","timestamp":"2026-08-26 13:34:32"}
{"level":"info","message":"[STEP START] [BasePage] Navigating to: https://www.automationexercise.com//","service":"playwright-e2e","timestamp":"2026-08-26 13:34:40"}
{"level":"info","message":"[STEP START] [BasePage] Navigating to: https://www.automationexercise.com//","service":"playwright-e2e","timestamp":"2026-08-26 13:34:41"}
{"level":"debug","message":"[BasePage] Successfully navigated to: https://www.automationexercise.com//","service":"playwright-e2e","timestamp":"2026-08-26 13:34:46"}
{"level":"info","message":"[STEP PASSED] [BasePage] Navigating to: https://www.automationexercise.com//","service":"playwright-e2e","timestamp":"2026-08-26 13:34:46"}
{"level":"info","message":"[STEP START] Navigate to Products page","service":"playwright-e2e","timestamp":"2026-08-26 13:34:47"}
{"level":"debug","message":"Clicking Products button","service":"playwright-e2e","timestamp":"2026-08-26 13:34:47"}
{"level":"info","message":"[STEP PASSED] Navigate to Products page","service":"playwright-e2e","timestamp":"2026-08-26 13:34:48"}
{"level":"debug","message":"[BasePage] Successfully navigated to: https://www.automationexercise.com//","service":"playwright-e2e","timestamp":"2026-08-26 13:34:49"}
{"level":"info","message":"[STEP PASSED] [BasePage] Navigating to: https://www.automationexercise.com//","service":"playwright-e2e","timestamp":"2026-08-26 13:34:49"}
{"level":"info","message":"[STEP START] Search for product: \"Lace Top For Women\"","service":"playwright-e2e","timestamp":"2026-08-26 13:34:49"}
{"level":"debug","message":"Filling search input with: Lace Top For Women","service":"playwright-e2e","timestamp":"2026-08-26 13:34:49"}
{"level":"debug","message":"Clicking search submit button","service":"playwright-e2e","timestamp":"2026-08-26 13:34:50"}
{"level":"info","message":"[STEP START] Navigate to Signup / Login page","service":"playwright-e2e","timestamp":"2026-08-26 13:34:50"}
{"level":"debug","message":"Clicking Signup / Login button","service":"playwright-e2e","timestamp":"2026-08-26 13:34:50"}
{"level":"info","message":"[STEP PASSED] Navigate to Signup / Login page","service":"playwright-e2e","timestamp":"2026-08-26 13:34:52"}
{"level":"info","message":"[STEP START] New user signup: email+1787740418755+@test.com","service":"playwright-e2e","timestamp":"2026-08-26 13:34:52"}
{"level":"debug","message":"Filling name input","service":"playwright-e2e","timestamp":"2026-08-26 13:34:52"}
{"level":"info","message":"[STEP PASSED] Search for product: \"Lace Top For Women\"","service":"playwright-e2e","timestamp":"2026-08-26 13:34:53"}
{"level":"debug","message":"Filling email input","service":"playwright-e2e","timestamp":"2026-08-26 13:34:53"}
{"level":"debug","message":"Clicking signup button","service":"playwright-e2e","timestamp":"2026-08-26 13:34:54"}
{"level":"info","message":"[STEP PASSED] New user signup: email+1787740418755+@test.com","service":"playwright-e2e","timestamp":"2026-08-26 13:34:55"}
{"level":"info","message":"[STEP START] Complete registration form for: email+1787740418755+@test.com","service":"playwright-e2e","timestamp":"2026-08-26 13:34:55"}
{"level":"debug","message":"Filling user password","service":"playwright-e2e","timestamp":"2026-08-26 13:34:56"}
{"level":"debug","message":"Selecting DoB: 9/April/1990","service":"playwright-e2e","timestamp":"2026-08-26 13:34:58"}
{"level":"info","message":"[STEP START] [BasePage] Navigating to: https://www.automationexercise.com//","service":"playwright-e2e","timestamp":"2026-08-26 13:34:58"}
{"level":"debug","message":"Filling personal info: Rimas Grimas","service":"playwright-e2e","timestamp":"2026-08-26 13:34:59"}
{"level":"debug","message":"Filling address info: India","service":"playwright-e2e","timestamp":"2026-08-26 13:35:01"}
{"level":"debug","message":"Clicking Create Account button","service":"playwright-e2e","timestamp":"2026-08-26 13:35:02"}
{"level":"info","message":"[STEP PASSED] Complete registration form for: email+1787740418755+@test.com","service":"playwright-e2e","timestamp":"2026-08-26 13:35:03"}
{"level":"debug","message":"[BasePage] Successfully navigated to: https://www.automationexercise.com//","service":"playwright-e2e","timestamp":"2026-08-26 13:35:05"}
{"level":"info","message":"[STEP PASSED] [BasePage] Navigating to: https://www.automationexercise.com//","service":"playwright-e2e","timestamp":"2026-08-26 13:35:05"}
{"level":"info","message":"[STEP START] Subscribe to newsletter with email: email+1783927188631+@test.com","service":"playwright-e2e","timestamp":"2026-08-26 13:35:05"}
{"level":"debug","message":"Scrolling to footer","service":"playwright-e2e","timestamp":"2026-08-26 13:35:05"}
{"level":"debug","message":"Filling subscription email: email+1783927188631+@test.com","service":"playwright-e2e","timestamp":"2026-08-26 13:35:05"}
{"level":"debug","message":"Clicking subscribe button","service":"playwright-e2e","timestamp":"2026-08-26 13:35:06"}
{"level":"info","message":"[STEP PASSED] Subscribe to newsletter with email: email+1783927188631+@test.com","service":"playwright-e2e","timestamp":"2026-08-26 13:35:06"}
{"level":"info","message":"[STEP START] [BasePage] Navigating to: https://www.automationexercise.com//","service":"playwright-e2e","timestamp":"2026-08-26 14:04:41"}
{"level":"info","message":"[STEP START] [BasePage] Navigating to: https://www.automationexercise.com//","service":"playwright-e2e","timestamp":"2026-08-26 14:04:41"}
{"level":"debug","message":"[BasePage] Successfully navigated to: https://www.automationexercise.com//","service":"playwright-e2e","timestamp":"2026-08-26 14:04:48"}
{"level":"info","message":"[STEP PASSED] [BasePage] Navigating to: https://www.automationexercise.com//","service":"playwright-e2e","timestamp":"2026-08-26 14:04:48"}
{"level":"debug","message":"[BasePage] Successfully navigated to: https://www.automationexercise.com//","service":"playwright-e2e","timestamp":"2026-08-26 14:04:48"}
{"level":"info","message":"[STEP PASSED] [BasePage] Navigating to: https://www.automationexercise.com//","service":"playwright-e2e","timestamp":"2026-08-26 14:04:48"}
{"level":"info","message":"[STEP START] Navigate to Signup / Login page","service":"playwright-e2e","timestamp":"2026-08-26 14:04:48"}
{"level":"debug","message":"Clicking Signup / Login button","service":"playwright-e2e","timestamp":"2026-08-26 14:04:48"}
{"level":"info","message":"[STEP START] Navigate to Products page","service":"playwright-e2e","timestamp":"2026-08-26 14:04:48"}
{"level":"debug","message":"Clicking Products button","service":"playwright-e2e","timestamp":"2026-08-26 14:04:48"}
{"level":"info","message":"[STEP PASSED] Navigate to Signup / Login page","service":"playwright-e2e","timestamp":"2026-08-26 14:04:49"}
{"level":"info","message":"[STEP START] Login with email: email+1783927188631+@test.com","service":"playwright-e2e","timestamp":"2026-08-26 14:04:49"}
{"level":"debug","message":"Filling login credentials","service":"playwright-e2e","timestamp":"2026-08-26 14:04:49"}
{"level":"info","message":"[STEP PASSED] Navigate to Products page","service":"playwright-e2e","timestamp":"2026-08-26 14:04:49"}
{"level":"debug","message":"Clicking Login button","service":"playwright-e2e","timestamp":"2026-08-26 14:04:50"}
{"level":"info","message":"[STEP START] Search for product: \"Lace Top For Women\"","service":"playwright-e2e","timestamp":"2026-08-26 14:04:50"}
{"level":"debug","message":"Filling search input with: Lace Top For Women","service":"playwright-e2e","timestamp":"2026-08-26 14:04:50"}
{"level":"debug","message":"Clicking search submit button","service":"playwright-e2e","timestamp":"2026-08-26 14:04:50"}
{"level":"info","message":"[STEP PASSED] Login with email: email+1783927188631+@test.com","service":"playwright-e2e","timestamp":"2026-08-26 14:04:51"}
{"level":"info","message":"[STEP PASSED] Search for product: \"Lace Top For Women\"","service":"playwright-e2e","timestamp":"2026-08-26 14:04:52"}
{"level":"info","message":"[STEP START] Navigate to Contact Us page","service":"playwright-e2e","timestamp":"2026-08-26 14:04:52"}
{"level":"debug","message":"Clicking Contact Us button","service":"playwright-e2e","timestamp":"2026-08-26 14:04:52"}
{"level":"info","message":"[STEP PASSED] Navigate to Contact Us page","service":"playwright-e2e","timestamp":"2026-08-26 14:04:54"}
{"level":"info","message":"[STEP START] Submit contact form","service":"playwright-e2e","timestamp":"2026-08-26 14:04:54"}
{"level":"debug","message":"Filling contact form data","service":"playwright-e2e","timestamp":"2026-08-26 14:04:54"}
{"level":"debug","message":"Clicking submit form","service":"playwright-e2e","timestamp":"2026-08-26 14:04:55"}
{"level":"info","message":"[STEP PASSED] Submit contact form","service":"playwright-e2e","timestamp":"2026-08-26 14:04:55"}
{"level":"info","message":"[STEP START] [BasePage] Navigating to: https://www.automationexercise.com//","service":"playwright-e2e","timestamp":"2026-08-26 14:04:56"}
{"level":"debug","message":"[BasePage] Successfully navigated to: https://www.automationexercise.com//","service":"playwright-e2e","timestamp":"2026-08-26 14:04:58"}
{"level":"info","message":"[STEP PASSED] [BasePage] Navigating to: https://www.automationexercise.com//","service":"playwright-e2e","timestamp":"2026-08-26 14:04:58"}
{"level":"info","message":"[STEP START] Navigate to Signup / Login page","service":"playwright-e2e","timestamp":"2026-08-26 14:04:59"}
{"level":"debug","message":"Clicking Signup / Login button","service":"playwright-e2e","timestamp":"2026-08-26 14:04:59"}
{"level":"info","message":"[STEP PASSED] Navigate to Signup / Login page","service":"playwright-e2e","timestamp":"2026-08-26 14:04:59"}
{"level":"info","message":"[STEP START] Login with email: email+1783927188631+@test.com","service":"playwright-e2e","timestamp":"2026-08-26 14:04:59"}
{"level":"debug","message":"Filling login credentials","service":"playwright-e2e","timestamp":"2026-08-26 14:04:59"}
{"level":"debug","message":"Clicking Login button","service":"playwright-e2e","timestamp":"2026-08-26 14:04:59"}
{"level":"info","message":"[STEP PASSED] Login with email: email+1783927188631+@test.com","service":"playwright-e2e","timestamp":"2026-08-26 14:05:00"}
{"level":"info","message":"[STEP START] [BasePage] Navigating to: https://www.automationexercise.com//","service":"playwright-e2e","timestamp":"2026-08-26 14:05:01"}
{"level":"debug","message":"[BasePage] Successfully navigated to: https://www.automationexercise.com//","service":"playwright-e2e","timestamp":"2026-08-26 14:05:04"}
{"level":"info","message":"[STEP PASSED] [BasePage] Navigating to: https://www.automationexercise.com//","service":"playwright-e2e","timestamp":"2026-08-26 14:05:04"}
{"level":"info","message":"[STEP START] Navigate to Signup / Login page","service":"playwright-e2e","timestamp":"2026-08-26 14:05:04"}
{"level":"debug","message":"Clicking Signup / Login button","service":"playwright-e2e","timestamp":"2026-08-26 14:05:04"}
{"level":"info","message":"[STEP PASSED] Navigate to Signup / Login page","service":"playwright-e2e","timestamp":"2026-08-26 14:05:05"}
{"level":"info","message":"[STEP START] Login with email: fail@invaliduser.com","service":"playwright-e2e","timestamp":"2026-08-26 14:05:05"}
{"level":"debug","message":"Filling login credentials","service":"playwright-e2e","timestamp":"2026-08-26 14:05:05"}
{"level":"debug","message":"Clicking Login button","service":"playwright-e2e","timestamp":"2026-08-26 14:05:05"}
{"level":"info","message":"[STEP PASSED] Login with email: fail@invaliduser.com","service":"playwright-e2e","timestamp":"2026-08-26 14:05:05"}
{"level":"info","message":"[STEP START] [BasePage] Navigating to: https://www.automationexercise.com//","service":"playwright-e2e","timestamp":"2026-08-26 14:05:06"}
{"level":"debug","message":"[BasePage] Successfully navigated to: https://www.automationexercise.com//","service":"playwright-e2e","timestamp":"2026-08-26 14:05:08"}
{"level":"info","message":"[STEP PASSED] [BasePage] Navigating to: https://www.automationexercise.com//","service":"playwright-e2e","timestamp":"2026-08-26 14:05:08"}
{"level":"info","message":"[STEP START] Navigate to Signup / Login page","service":"playwright-e2e","timestamp":"2026-08-26 14:05:08"}
{"level":"debug","message":"Clicking Signup / Login button","service":"playwright-e2e","timestamp":"2026-08-26 14:05:08"}
{"level":"info","message":"[STEP PASSED] Navigate to Signup / Login page","service":"playwright-e2e","timestamp":"2026-08-26 14:05:09"}
{"level":"info","message":"[STEP START] Login with email: email+1783927188631+@test.com","service":"playwright-e2e","timestamp":"2026-08-26 14:05:09"}
{"level":"debug","message":"Filling login credentials","service":"playwright-e2e","timestamp":"2026-08-26 14:05:09"}
{"level":"debug","message":"Clicking Login button","service":"playwright-e2e","timestamp":"2026-08-26 14:05:09"}
{"level":"info","message":"[STEP PASSED] Login with email: email+1783927188631+@test.com","service":"playwright-e2e","timestamp":"2026-08-26 14:05:10"}
{"level":"info","message":"[STEP START] [BasePage] Navigating to: https://www.automationexercise.com//","service":"playwright-e2e","timestamp":"2026-08-26 14:05:13"}
{"level":"debug","message":"[BasePage] Successfully navigated to: https://www.automationexercise.com//","service":"playwright-e2e","timestamp":"2026-08-26 14:05:17"}
{"level":"info","message":"[STEP PASSED] [BasePage] Navigating to: https://www.automationexercise.com//","service":"playwright-e2e","timestamp":"2026-08-26 14:05:17"}
{"level":"info","message":"[STEP START] Navigate to Signup / Login page","service":"playwright-e2e","timestamp":"2026-08-26 14:05:17"}
{"level":"debug","message":"Clicking Signup / Login button","service":"playwright-e2e","timestamp":"2026-08-26 14:05:17"}
{"level":"info","message":"[STEP PASSED] Navigate to Signup / Login page","service":"playwright-e2e","timestamp":"2026-08-26 14:05:18"}
{"level":"info","message":"[STEP START] Login with email: email+1783927188631+@test.com","service":"playwright-e2e","timestamp":"2026-08-26 14:05:18"}
{"level":"debug","message":"Filling login credentials","service":"playwright-e2e","timestamp":"2026-08-26 14:05:18"}
{"level":"debug","message":"Clicking Login button","service":"playwright-e2e","timestamp":"2026-08-26 14:05:18"}
{"level":"info","message":"[STEP PASSED] Login with email: email+1783927188631+@test.com","service":"playwright-e2e","timestamp":"2026-08-26 14:05:19"}
{"level":"info","message":"[STEP START] Navigate to Products page","service":"playwright-e2e","timestamp":"2026-08-26 14:05:20"}
{"level":"debug","message":"Clicking Products button","service":"playwright-e2e","timestamp":"2026-08-26 14:05:20"}
{"level":"info","message":"[STEP PASSED] Navigate to Products page","service":"playwright-e2e","timestamp":"2026-08-26 14:05:21"}
{"level":"info","message":"[STEP START] Search for product: \"Lace Top For Women\"","service":"playwright-e2e","timestamp":"2026-08-26 14:05:22"}
{"level":"debug","message":"Filling search input with: Lace Top For Women","service":"playwright-e2e","timestamp":"2026-08-26 14:05:22"}
{"level":"debug","message":"Clicking search submit button","service":"playwright-e2e","timestamp":"2026-08-26 14:05:22"}
{"level":"info","message":"[STEP PASSED] Search for product: \"Lace Top For Women\"","service":"playwright-e2e","timestamp":"2026-08-26 14:05:24"}
{"level":"info","message":"[STEP START] Fetch cart row details for","service":"playwright-e2e","timestamp":"2026-08-26 14:05:25"}
{"level":"info","message":"[STEP PASSED] Fetch cart row details for","service":"playwright-e2e","timestamp":"2026-08-26 14:05:25"}
{"level":"info","message":"[STEP START] 'Fetch delivery address details","service":"playwright-e2e","timestamp":"2026-08-26 14:05:26"}
{"country":"India","fullAddress":"Deli Kataran 1441","fullName":"Mr. Rimas Grimas","level":"debug","message":"Fetched delivery address details","phone":"0420012889","service":"playwright-e2e","street":"Lakunu street","timestamp":"2026-08-26 14:05:27"}
{"level":"info","message":"[STEP PASSED] 'Fetch delivery address details","service":"playwright-e2e","timestamp":"2026-08-26 14:05:27"}
{"level":"info","message":"[STEP START] Click place order button","service":"playwright-e2e","timestamp":"2026-08-26 14:05:27"}
{"level":"debug","message":"Clicking Place Order button","service":"playwright-e2e","timestamp":"2026-08-26 14:05:27"}
{"level":"info","message":"[STEP START] Enter credit card payment details","service":"playwright-e2e","timestamp":"2026-08-26 14:05:27"}
{"level":"debug","message":"Filling payment form details","service":"playwright-e2e","timestamp":"2026-08-26 14:05:27"}
{"level":"info","message":"[STEP PASSED] Click place order button","service":"playwright-e2e","timestamp":"2026-08-26 14:05:27"}
{"level":"info","message":"[STEP PASSED] Enter credit card payment details","service":"playwright-e2e","timestamp":"2026-08-26 14:05:28"}
{"level":"info","message":"[STEP START] Click Pay and Confirm Order button","service":"playwright-e2e","timestamp":"2026-08-26 14:05:28"}
{"level":"debug","message":"Clicking Pay and Confirm Order","service":"playwright-e2e","timestamp":"2026-08-26 14:05:28"}
{"level":"info","message":"[STEP PASSED] Click Pay and Confirm Order button","service":"playwright-e2e","timestamp":"2026-08-26 14:05:30"}
{"level":"info","message":"[STEP START] [BasePage] Navigating to: https://www.automationexercise.com//","service":"playwright-e2e","timestamp":"2026-08-26 14:05:31"}
{"level":"debug","message":"[BasePage] Successfully navigated to: https://www.automationexercise.com//","service":"playwright-e2e","timestamp":"2026-08-26 14:05:35"}
{"level":"info","message":"[STEP PASSED] [BasePage] Navigating to: https://www.automationexercise.com//","service":"playwright-e2e","timestamp":"2026-08-26 14:05:35"}
{"level":"info","message":"[STEP START] Navigate to Products page","service":"playwright-e2e","timestamp":"2026-08-26 14:05:35"}
{"level":"debug","message":"Clicking Products button","service":"playwright-e2e","timestamp":"2026-08-26 14:05:35"}
{"level":"info","message":"[STEP PASSED] Navigate to Products page","service":"playwright-e2e","timestamp":"2026-08-26 14:05:35"}
{"level":"info","message":"[STEP START] [BasePage] Navigating to: https://www.automationexercise.com//","service":"playwright-e2e","timestamp":"2026-08-26 14:05:38"}
{"level":"debug","message":"[BasePage] Successfully navigated to: https://www.automationexercise.com//","service":"playwright-e2e","timestamp":"2026-08-26 14:05:42"}
{"level":"info","message":"[STEP PASSED] [BasePage] Navigating to: https://www.automationexercise.com//","service":"playwright-e2e","timestamp":"2026-08-26 14:05:42"}
{"level":"info","message":"[STEP START] Navigate to Products page","service":"playwright-e2e","timestamp":"2026-08-26 14:05:42"}
{"level":"debug","message":"Clicking Products button","service":"playwright-e2e","timestamp":"2026-08-26 14:05:42"}
{"level":"info","message":"[STEP PASSED] Navigate to Products page","service":"playwright-e2e","timestamp":"2026-08-26 14:05:43"}
{"level":"info","message":"[STEP START] Search for product: \"Lace Top For Women\"","service":"playwright-e2e","timestamp":"2026-08-26 14:05:43"}
{"level":"debug","message":"Filling search input with: Lace Top For Women","service":"playwright-e2e","timestamp":"2026-08-26 14:05:43"}
{"level":"debug","message":"Clicking search submit button","service":"playwright-e2e","timestamp":"2026-08-26 14:05:43"}
{"level":"info","message":"[STEP PASSED] Search for product: \"Lace Top For Women\"","service":"playwright-e2e","timestamp":"2026-08-26 14:05:45"}
{"level":"info","message":"[STEP START] [BasePage] Navigating to: https://www.automationexercise.com//","service":"playwright-e2e","timestamp":"2026-08-26 14:05:46"}
{"level":"debug","message":"[BasePage] Successfully navigated to: https://www.automationexercise.com//","service":"playwright-e2e","timestamp":"2026-08-26 14:05:49"}
{"level":"info","message":"[STEP PASSED] [BasePage] Navigating to: https://www.automationexercise.com//","service":"playwright-e2e","timestamp":"2026-08-26 14:05:49"}
{"level":"info","message":"[STEP START] Navigate to Signup / Login page","service":"playwright-e2e","timestamp":"2026-08-26 14:05:49"}
{"level":"debug","message":"Clicking Signup / Login button","service":"playwright-e2e","timestamp":"2026-08-26 14:05:49"}
{"level":"info","message":"[STEP PASSED] Navigate to Signup / Login page","service":"playwright-e2e","timestamp":"2026-08-26 14:05:49"}
{"level":"info","message":"[STEP START] New user signup: email+1787742280157+@test.com","service":"playwright-e2e","timestamp":"2026-08-26 14:05:49"}
{"level":"debug","message":"Filling name input","service":"playwright-e2e","timestamp":"2026-08-26 14:05:49"}
{"level":"debug","message":"Filling email input","service":"playwright-e2e","timestamp":"2026-08-26 14:05:50"}
{"level":"debug","message":"Clicking signup button","service":"playwright-e2e","timestamp":"2026-08-26 14:05:50"}
{"level":"info","message":"[STEP PASSED] New user signup: email+1787742280157+@test.com","service":"playwright-e2e","timestamp":"2026-08-26 14:05:50"}
{"level":"info","message":"[STEP START] Complete registration form for: email+1787742280157+@test.com","service":"playwright-e2e","timestamp":"2026-08-26 14:05:50"}
{"level":"debug","message":"Filling user password","service":"playwright-e2e","timestamp":"2026-08-26 14:05:51"}
{"level":"debug","message":"Selecting DoB: 9/April/1990","service":"playwright-e2e","timestamp":"2026-08-26 14:05:51"}
{"level":"debug","message":"Filling personal info: Rimas Grimas","service":"playwright-e2e","timestamp":"2026-08-26 14:05:52"}
{"level":"debug","message":"Filling address info: India","service":"playwright-e2e","timestamp":"2026-08-26 14:05:52"}
{"level":"debug","message":"Clicking Create Account button","service":"playwright-e2e","timestamp":"2026-08-26 14:05:53"}
{"level":"info","message":"[STEP PASSED] Complete registration form for: email+1787742280157+@test.com","service":"playwright-e2e","timestamp":"2026-08-26 14:05:54"}
{"level":"info","message":"[STEP START] 'Click Continue button on Account Created page","service":"playwright-e2e","timestamp":"2026-08-26 14:05:54"}
{"level":"debug","message":"Clicking continue button","service":"playwright-e2e","timestamp":"2026-08-26 14:05:54"}
{"level":"info","message":"[STEP PASSED] 'Click Continue button on Account Created page","service":"playwright-e2e","timestamp":"2026-08-26 14:05:55"}
{"level":"info","message":"[STEP START] Delete Account","service":"playwright-e2e","timestamp":"2026-08-26 14:05:55"}
{"level":"debug","message":"Clicking Delete Account button","service":"playwright-e2e","timestamp":"2026-08-26 14:05:55"}
{"level":"info","message":"[STEP PASSED] Delete Account","service":"playwright-e2e","timestamp":"2026-08-26 14:05:57"}
{"level":"info","message":"[STEP START] [BasePage] Navigating to: https://www.automationexercise.com//","service":"playwright-e2e","timestamp":"2026-08-26 14:06:01"}
{"level":"debug","message":"[BasePage] Successfully navigated to: https://www.automationexercise.com//","service":"playwright-e2e","timestamp":"2026-08-26 14:06:04"}
{"level":"info","message":"[STEP PASSED] [BasePage] Navigating to: https://www.automationexercise.com//","service":"playwright-e2e","timestamp":"2026-08-26 14:06:04"}
{"level":"info","message":"[STEP START] Subscribe to newsletter with email: email+1783927188631+@test.com","service":"playwright-e2e","timestamp":"2026-08-26 14:06:05"}
{"level":"debug","message":"Scrolling to footer","service":"playwright-e2e","timestamp":"2026-08-26 14:06:05"}
{"level":"debug","message":"Filling subscription email: email+1783927188631+@test.com","service":"playwright-e2e","timestamp":"2026-08-26 14:06:05"}
{"level":"debug","message":"Clicking subscribe button","service":"playwright-e2e","timestamp":"2026-08-26 14:06:05"}
{"level":"info","message":"[STEP PASSED] Subscribe to newsletter with email: email+1783927188631+@test.com","service":"playwright-e2e","timestamp":"2026-08-26 14:06:06"}
{"level":"info","message":"[STEP START] [BasePage] Navigating to: https://www.automationexercise.com//","service":"playwright-e2e","timestamp":"2026-08-26 14:08:32"}
{"level":"info","message":"[STEP START] [BasePage] Navigating to: https://www.automationexercise.com//","service":"playwright-e2e","timestamp":"2026-08-26 14:08:32"}
{"level":"debug","message":"[BasePage] Successfully navigated to: https://www.automationexercise.com//","service":"playwright-e2e","timestamp":"2026-08-26 14:08:36"}
{"level":"info","message":"[STEP PASSED] [BasePage] Navigating to: https://www.automationexercise.com//","service":"playwright-e2e","timestamp":"2026-08-26 14:08:36"}
{"level":"debug","message":"[BasePage] Successfully navigated to: https://www.automationexercise.com//","service":"playwright-e2e","timestamp":"2026-08-26 14:08:37"}
{"level":"info","message":"[STEP PASSED] [BasePage] Navigating to: https://www.automationexercise.com//","service":"playwright-e2e","timestamp":"2026-08-26 14:08:37"}
{"level":"info","message":"[STEP START] Navigate to Signup / Login page","service":"playwright-e2e","timestamp":"2026-08-26 14:08:37"}
{"level":"debug","message":"Clicking Signup / Login button","service":"playwright-e2e","timestamp":"2026-08-26 14:08:37"}
{"level":"info","message":"[STEP START] Navigate to Products page","service":"playwright-e2e","timestamp":"2026-08-26 14:08:37"}
{"level":"debug","message":"Clicking Products button","service":"playwright-e2e","timestamp":"2026-08-26 14:08:37"}
{"level":"info","message":"[STEP PASSED] Navigate to Signup / Login page","service":"playwright-e2e","timestamp":"2026-08-26 14:08:38"}
{"level":"info","message":"[STEP START] Login with email: email+1783927188631+@test.com","service":"playwright-e2e","timestamp":"2026-08-26 14:08:38"}
{"level":"debug","message":"Filling login credentials","service":"playwright-e2e","timestamp":"2026-08-26 14:08:38"}
{"level":"info","message":"[STEP PASSED] Navigate to Products page","service":"playwright-e2e","timestamp":"2026-08-26 14:08:38"}
{"level":"debug","message":"Clicking Login button","service":"playwright-e2e","timestamp":"2026-08-26 14:08:38"}
{"level":"info","message":"[STEP START] Search for product: \"Lace Top For Women\"","service":"playwright-e2e","timestamp":"2026-08-26 14:08:39"}
{"level":"debug","message":"Filling search input with: Lace Top For Women","service":"playwright-e2e","timestamp":"2026-08-26 14:08:39"}
{"level":"debug","message":"Clicking search submit button","service":"playwright-e2e","timestamp":"2026-08-26 14:08:39"}
{"level":"info","message":"[STEP PASSED] Search for product: \"Lace Top For Women\"","service":"playwright-e2e","timestamp":"2026-08-26 14:08:41"}
{"level":"info","message":"[STEP PASSED] Login with email: email+1783927188631+@test.com","service":"playwright-e2e","timestamp":"2026-08-26 14:08:41"}
{"level":"info","message":"[STEP START] Navigate to Contact Us page","service":"playwright-e2e","timestamp":"2026-08-26 14:08:41"}
{"level":"debug","message":"Clicking Contact Us button","service":"playwright-e2e","timestamp":"2026-08-26 14:08:41"}
{"level":"info","message":"[STEP PASSED] Navigate to Contact Us page","service":"playwright-e2e","timestamp":"2026-08-26 14:08:43"}
{"level":"info","message":"[STEP START] Fetch cart row details for","service":"playwright-e2e","timestamp":"2026-08-26 14:08:44"}
{"level":"info","message":"[STEP START] Submit contact form","service":"playwright-e2e","timestamp":"2026-08-26 14:08:44"}
{"level":"debug","message":"Filling contact form data","service":"playwright-e2e","timestamp":"2026-08-26 14:08:44"}
{"level":"debug","message":"Clicking submit form","service":"playwright-e2e","timestamp":"2026-08-26 14:08:44"}
{"level":"info","message":"[STEP PASSED] Submit contact form","service":"playwright-e2e","timestamp":"2026-08-26 14:08:45"}
{"level":"info","message":"[STEP PASSED] Fetch cart row details for","service":"playwright-e2e","timestamp":"2026-08-26 14:08:45"}
{"level":"info","message":"[STEP START] [BasePage] Navigating to: https://www.automationexercise.com//","service":"playwright-e2e","timestamp":"2026-08-26 14:08:47"}
{"level":"info","message":"[STEP START] [BasePage] Navigating to: https://www.automationexercise.com//","service":"playwright-e2e","timestamp":"2026-08-26 14:08:47"}
{"level":"debug","message":"[BasePage] Successfully navigated to: https://www.automationexercise.com//","service":"playwright-e2e","timestamp":"2026-08-26 14:08:50"}
{"level":"info","message":"[STEP PASSED] [BasePage] Navigating to: https://www.automationexercise.com//","service":"playwright-e2e","timestamp":"2026-08-26 14:08:50"}
{"level":"info","message":"[STEP START] Navigate to Signup / Login page","service":"playwright-e2e","timestamp":"2026-08-26 14:08:51"}
{"level":"debug","message":"Clicking Signup / Login button","service":"playwright-e2e","timestamp":"2026-08-26 14:08:51"}
{"level":"info","message":"[STEP PASSED] Navigate to Signup / Login page","service":"playwright-e2e","timestamp":"2026-08-26 14:08:52"}
{"level":"info","message":"[STEP START] Login with email: email+1783927188631+@test.com","service":"playwright-e2e","timestamp":"2026-08-26 14:08:52"}
{"level":"debug","message":"Filling login credentials","service":"playwright-e2e","timestamp":"2026-08-26 14:08:52"}
{"level":"debug","message":"[BasePage] Successfully navigated to: https://www.automationexercise.com//","service":"playwright-e2e","timestamp":"2026-08-26 14:08:52"}
{"level":"info","message":"[STEP PASSED] [BasePage] Navigating to: https://www.automationexercise.com//","service":"playwright-e2e","timestamp":"2026-08-26 14:08:52"}
{"level":"info","message":"[STEP START] Navigate to Signup / Login page","service":"playwright-e2e","timestamp":"2026-08-26 14:08:53"}
{"level":"debug","message":"Clicking Signup / Login button","service":"playwright-e2e","timestamp":"2026-08-26 14:08:53"}
{"level":"debug","message":"Clicking Login button","service":"playwright-e2e","timestamp":"2026-08-26 14:08:53"}
{"level":"info","message":"[STEP PASSED] Navigate to Signup / Login page","service":"playwright-e2e","timestamp":"2026-08-26 14:08:53"}
{"level":"info","message":"[STEP START] Login with email: fail@invaliduser.com","service":"playwright-e2e","timestamp":"2026-08-26 14:08:54"}
{"level":"debug","message":"Filling login credentials","service":"playwright-e2e","timestamp":"2026-08-26 14:08:54"}
{"level":"debug","message":"Clicking Login button","service":"playwright-e2e","timestamp":"2026-08-26 14:08:54"}
{"level":"info","message":"[STEP PASSED] Login with email: email+1783927188631+@test.com","service":"playwright-e2e","timestamp":"2026-08-26 14:08:54"}
{"level":"info","message":"[STEP PASSED] Login with email: fail@invaliduser.com","service":"playwright-e2e","timestamp":"2026-08-26 14:08:54"}
{"level":"info","message":"[STEP START] [BasePage] Navigating to: https://www.automationexercise.com//","service":"playwright-e2e","timestamp":"2026-08-26 14:08:57"}
{"level":"info","message":"[STEP START] [BasePage] Navigating to: https://www.automationexercise.com//","service":"playwright-e2e","timestamp":"2026-08-26 14:08:59"}
{"level":"debug","message":"[BasePage] Successfully navigated to: https://www.automationexercise.com//","service":"playwright-e2e","timestamp":"2026-08-26 14:09:02"}
{"level":"info","message":"[STEP PASSED] [BasePage] Navigating to: https://www.automationexercise.com//","service":"playwright-e2e","timestamp":"2026-08-26 14:09:02"}
{"level":"info","message":"[STEP START] Navigate to Signup / Login page","service":"playwright-e2e","timestamp":"2026-08-26 14:09:03"}
{"level":"debug","message":"Clicking Signup / Login button","service":"playwright-e2e","timestamp":"2026-08-26 14:09:03"}
{"level":"info","message":"[STEP PASSED] Navigate to Signup / Login page","service":"playwright-e2e","timestamp":"2026-08-26 14:09:04"}
{"level":"debug","message":"[BasePage] Successfully navigated to: https://www.automationexercise.com//","service":"playwright-e2e","timestamp":"2026-08-26 14:09:04"}
{"level":"info","message":"[STEP PASSED] [BasePage] Navigating to: https://www.automationexercise.com//","service":"playwright-e2e","timestamp":"2026-08-26 14:09:04"}
{"level":"info","message":"[STEP START] Login with email: email+1783927188631+@test.com","service":"playwright-e2e","timestamp":"2026-08-26 14:09:05"}
{"level":"debug","message":"Filling login credentials","service":"playwright-e2e","timestamp":"2026-08-26 14:09:05"}
{"level":"info","message":"[STEP START] Navigate to Signup / Login page","service":"playwright-e2e","timestamp":"2026-08-26 14:09:05"}
{"level":"debug","message":"Clicking Signup / Login button","service":"playwright-e2e","timestamp":"2026-08-26 14:09:05"}
{"level":"debug","message":"Clicking Login button","service":"playwright-e2e","timestamp":"2026-08-26 14:09:05"}
{"level":"info","message":"[STEP PASSED] Navigate to Signup / Login page","service":"playwright-e2e","timestamp":"2026-08-26 14:09:06"}
{"level":"info","message":"[STEP START] Login with email: email+1783927188631+@test.com","service":"playwright-e2e","timestamp":"2026-08-26 14:09:06"}
{"level":"debug","message":"Filling login credentials","service":"playwright-e2e","timestamp":"2026-08-26 14:09:06"}
{"level":"info","message":"[STEP PASSED] Login with email: email+1783927188631+@test.com","service":"playwright-e2e","timestamp":"2026-08-26 14:09:06"}
{"level":"debug","message":"Clicking Login button","service":"playwright-e2e","timestamp":"2026-08-26 14:09:07"}
{"level":"info","message":"[STEP PASSED] Login with email: email+1783927188631+@test.com","service":"playwright-e2e","timestamp":"2026-08-26 14:09:08"}
{"level":"info","message":"[STEP START] Navigate to Products page","service":"playwright-e2e","timestamp":"2026-08-26 14:09:09"}
{"level":"debug","message":"Clicking Products button","service":"playwright-e2e","timestamp":"2026-08-26 14:09:09"}
{"level":"info","message":"[STEP PASSED] Navigate to Products page","service":"playwright-e2e","timestamp":"2026-08-26 14:09:11"}
{"level":"info","message":"[STEP START] Search for product: \"Lace Top For Women\"","service":"playwright-e2e","timestamp":"2026-08-26 14:09:12"}
{"level":"debug","message":"Filling search input with: Lace Top For Women","service":"playwright-e2e","timestamp":"2026-08-26 14:09:12"}
{"level":"debug","message":"Clicking search submit button","service":"playwright-e2e","timestamp":"2026-08-26 14:09:13"}
{"level":"info","message":"[STEP PASSED] Search for product: \"Lace Top For Women\"","service":"playwright-e2e","timestamp":"2026-08-26 14:09:14"}
{"level":"info","message":"[STEP START] [BasePage] Navigating to: https://www.automationexercise.com//","service":"playwright-e2e","timestamp":"2026-08-26 14:09:15"}
{"level":"info","message":"[STEP START] Fetch cart row details for","service":"playwright-e2e","timestamp":"2026-08-26 14:09:16"}
{"level":"info","message":"[STEP PASSED] Fetch cart row details for","service":"playwright-e2e","timestamp":"2026-08-26 14:09:17"}
{"level":"info","message":"[STEP START] 'Fetch delivery address details","service":"playwright-e2e","timestamp":"2026-08-26 14:09:18"}
{"country":"India","fullAddress":"Deli Kataran 1441","fullName":"Mr. Rimas Grimas","level":"debug","message":"Fetched delivery address details","phone":"0420012889","service":"playwright-e2e","street":"Lakunu street","timestamp":"2026-08-26 14:09:19"}
{"level":"info","message":"[STEP PASSED] 'Fetch delivery address details","service":"playwright-e2e","timestamp":"2026-08-26 14:09:19"}
{"level":"info","message":"[STEP START] Click place order button","service":"playwright-e2e","timestamp":"2026-08-26 14:09:19"}
{"level":"debug","message":"Clicking Place Order button","service":"playwright-e2e","timestamp":"2026-08-26 14:09:19"}
{"level":"info","message":"[STEP START] Enter credit card payment details","service":"playwright-e2e","timestamp":"2026-08-26 14:09:19"}
{"level":"debug","message":"Filling payment form details","service":"playwright-e2e","timestamp":"2026-08-26 14:09:19"}
{"level":"debug","message":"[BasePage] Successfully navigated to: https://www.automationexercise.com//","service":"playwright-e2e","timestamp":"2026-08-26 14:09:21"}
{"level":"info","message":"[STEP PASSED] [BasePage] Navigating to: https://www.automationexercise.com//","service":"playwright-e2e","timestamp":"2026-08-26 14:09:21"}
{"level":"info","message":"[STEP START] Navigate to Products page","service":"playwright-e2e","timestamp":"2026-08-26 14:09:21"}
{"level":"debug","message":"Clicking Products button","service":"playwright-e2e","timestamp":"2026-08-26 14:09:21"}
{"level":"info","message":"[STEP PASSED] Navigate to Products page","service":"playwright-e2e","timestamp":"2026-08-26 14:09:22"}
{"level":"info","message":"[STEP PASSED] Click place order button","service":"playwright-e2e","timestamp":"2026-08-26 14:09:25"}
{"level":"info","message":"[STEP PASSED] Enter credit card payment details","service":"playwright-e2e","timestamp":"2026-08-26 14:09:27"}
{"level":"info","message":"[STEP START] Click Pay and Confirm Order button","service":"playwright-e2e","timestamp":"2026-08-26 14:09:27"}
{"level":"debug","message":"Clicking Pay and Confirm Order","service":"playwright-e2e","timestamp":"2026-08-26 14:09:27"}
{"level":"info","message":"[STEP START] [BasePage] Navigating to: https://www.automationexercise.com//","service":"playwright-e2e","timestamp":"2026-08-26 14:09:28"}
{"level":"info","message":"[STEP PASSED] Click Pay and Confirm Order button","service":"playwright-e2e","timestamp":"2026-08-26 14:09:29"}
{"level":"debug","message":"[BasePage] Successfully navigated to: https://www.automationexercise.com//","service":"playwright-e2e","timestamp":"2026-08-26 14:09:32"}
{"level":"info","message":"[STEP PASSED] [BasePage] Navigating to: https://www.automationexercise.com//","service":"playwright-e2e","timestamp":"2026-08-26 14:09:32"}
{"level":"info","message":"[STEP START] Navigate to Products page","service":"playwright-e2e","timestamp":"2026-08-26 14:09:32"}
{"level":"debug","message":"Clicking Products button","service":"playwright-e2e","timestamp":"2026-08-26 14:09:32"}
{"level":"info","message":"[STEP START] [BasePage] Navigating to: https://www.automationexercise.com//","service":"playwright-e2e","timestamp":"2026-08-26 14:09:32"}
{"level":"info","message":"[STEP PASSED] Navigate to Products page","service":"playwright-e2e","timestamp":"2026-08-26 14:09:33"}
{"level":"info","message":"[STEP START] Search for product: \"Lace Top For Women\"","service":"playwright-e2e","timestamp":"2026-08-26 14:09:34"}
{"level":"debug","message":"Filling search input with: Lace Top For Women","service":"playwright-e2e","timestamp":"2026-08-26 14:09:34"}
{"level":"debug","message":"Clicking search submit button","service":"playwright-e2e","timestamp":"2026-08-26 14:09:34"}
{"level":"info","message":"[STEP PASSED] Search for product: \"Lace Top For Women\"","service":"playwright-e2e","timestamp":"2026-08-26 14:09:37"}
{"level":"debug","message":"[BasePage] Successfully navigated to: https://www.automationexercise.com//","service":"playwright-e2e","timestamp":"2026-08-26 14:09:38"}
{"level":"info","message":"[STEP PASSED] [BasePage] Navigating to: https://www.automationexercise.com//","service":"playwright-e2e","timestamp":"2026-08-26 14:09:38"}
{"level":"info","message":"[STEP START] Navigate to Signup / Login page","service":"playwright-e2e","timestamp":"2026-08-26 14:09:39"}
{"level":"debug","message":"Clicking Signup / Login button","service":"playwright-e2e","timestamp":"2026-08-26 14:09:39"}
{"level":"info","message":"[STEP PASSED] Navigate to Signup / Login page","service":"playwright-e2e","timestamp":"2026-08-26 14:09:40"}
{"level":"info","message":"[STEP START] New user signup: email+1787742511621+@test.com","service":"playwright-e2e","timestamp":"2026-08-26 14:09:40"}
{"level":"debug","message":"Filling name input","service":"playwright-e2e","timestamp":"2026-08-26 14:09:40"}
{"level":"info","message":"[STEP START] [BasePage] Navigating to: https://www.automationexercise.com//","service":"playwright-e2e","timestamp":"2026-08-26 14:09:40"}
{"level":"debug","message":"Filling email input","service":"playwright-e2e","timestamp":"2026-08-26 14:09:40"}
{"level":"debug","message":"Clicking signup button","service":"playwright-e2e","timestamp":"2026-08-26 14:09:41"}
{"level":"info","message":"[STEP PASSED] New user signup: email+1787742511621+@test.com","service":"playwright-e2e","timestamp":"2026-08-26 14:09:41"}
{"level":"info","message":"[STEP START] Complete registration form for: email+1787742511621+@test.com","service":"playwright-e2e","timestamp":"2026-08-26 14:09:41"}
{"level":"debug","message":"Filling user password","service":"playwright-e2e","timestamp":"2026-08-26 14:09:42"}
{"level":"debug","message":"Selecting DoB: 9/April/1990","service":"playwright-e2e","timestamp":"2026-08-26 14:09:42"}
{"level":"debug","message":"[BasePage] Successfully navigated to: https://www.automationexercise.com//","service":"playwright-e2e","timestamp":"2026-08-26 14:09:44"}
{"level":"info","message":"[STEP PASSED] [BasePage] Navigating to: https://www.automationexercise.com//","service":"playwright-e2e","timestamp":"2026-08-26 14:09:44"}
{"level":"info","message":"[STEP START] Subscribe to newsletter with email: email+1783927188631+@test.com","service":"playwright-e2e","timestamp":"2026-08-26 14:09:45"}
{"level":"debug","message":"Filling personal info: Rimas Grimas","service":"playwright-e2e","timestamp":"2026-08-26 14:09:45"}
{"level":"debug","message":"Scrolling to footer","service":"playwright-e2e","timestamp":"2026-08-26 14:09:45"}
{"level":"debug","message":"Filling subscription email: email+1783927188631+@test.com","service":"playwright-e2e","timestamp":"2026-08-26 14:09:45"}
{"level":"debug","message":"Clicking subscribe button","service":"playwright-e2e","timestamp":"2026-08-26 14:09:45"}
{"level":"info","message":"[STEP PASSED] Subscribe to newsletter with email: email+1783927188631+@test.com","service":"playwright-e2e","timestamp":"2026-08-26 14:09:45"}
{"level":"debug","message":"Filling address info: India","service":"playwright-e2e","timestamp":"2026-08-26 14:09:47"}
{"level":"debug","message":"Clicking Create Account button","service":"playwright-e2e","timestamp":"2026-08-26 14:09:49"}
{"level":"info","message":"[STEP PASSED] Complete registration form for: email+1787742511621+@test.com","service":"playwright-e2e","timestamp":"2026-08-26 14:09:49"}
{"level":"info","message":"[STEP START] [BasePage] Navigating to: https://www.automationexercise.com//","service":"playwright-e2e","timestamp":"2026-08-26 14:15:08"}
{"level":"info","message":"[STEP START] [BasePage] Navigating to: https://www.automationexercise.com//","service":"playwright-e2e","timestamp":"2026-08-26 14:15:08"}
{"level":"debug","message":"[BasePage] Successfully navigated to: https://www.automationexercise.com//","service":"playwright-e2e","timestamp":"2026-08-26 14:15:12"}
{"level":"info","message":"[STEP PASSED] [BasePage] Navigating to: https://www.automationexercise.com//","service":"playwright-e2e","timestamp":"2026-08-26 14:15:12"}
{"level":"info","message":"[STEP START] Navigate to Products page","service":"playwright-e2e","timestamp":"2026-08-26 14:15:12"}
{"level":"debug","message":"Clicking Products button","service":"playwright-e2e","timestamp":"2026-08-26 14:15:12"}
{"level":"debug","message":"[BasePage] Successfully navigated to: https://www.automationexercise.com//","service":"playwright-e2e","timestamp":"2026-08-26 14:15:12"}
{"level":"info","message":"[STEP PASSED] [BasePage] Navigating to: https://www.automationexercise.com//","service":"playwright-e2e","timestamp":"2026-08-26 14:15:12"}
{"level":"info","message":"[STEP START] Navigate to Signup / Login page","service":"playwright-e2e","timestamp":"2026-08-26 14:15:12"}
{"level":"debug","message":"Clicking Signup / Login button","service":"playwright-e2e","timestamp":"2026-08-26 14:15:12"}
{"level":"info","message":"[STEP PASSED] Navigate to Products page","service":"playwright-e2e","timestamp":"2026-08-26 14:15:13"}
{"level":"info","message":"[STEP START] Search for product: \"Lace Top For Women\"","service":"playwright-e2e","timestamp":"2026-08-26 14:15:13"}
{"level":"debug","message":"Filling search input with: Lace Top For Women","service":"playwright-e2e","timestamp":"2026-08-26 14:15:14"}
{"level":"debug","message":"Clicking search submit button","service":"playwright-e2e","timestamp":"2026-08-26 14:15:14"}
{"level":"info","message":"[STEP PASSED] Navigate to Signup / Login page","service":"playwright-e2e","timestamp":"2026-08-26 14:15:14"}
{"level":"info","message":"[STEP START] Login with email: email+1783927188631+@test.com","service":"playwright-e2e","timestamp":"2026-08-26 14:15:15"}
{"level":"debug","message":"Filling login credentials","service":"playwright-e2e","timestamp":"2026-08-26 14:15:15"}
{"level":"info","message":"[STEP PASSED] Search for product: \"Lace Top For Women\"","service":"playwright-e2e","timestamp":"2026-08-26 14:15:15"}
{"level":"debug","message":"Clicking Login button","service":"playwright-e2e","timestamp":"2026-08-26 14:15:16"}
{"level":"info","message":"[STEP START] Fetch cart row details for","service":"playwright-e2e","timestamp":"2026-08-26 14:15:17"}
{"level":"info","message":"[STEP PASSED] Fetch cart row details for","service":"playwright-e2e","timestamp":"2026-08-26 14:15:17"}
{"level":"info","message":"[STEP PASSED] Login with email: email+1783927188631+@test.com","service":"playwright-e2e","timestamp":"2026-08-26 14:15:17"}
{"level":"info","message":"[STEP START] Navigate to Contact Us page","service":"playwright-e2e","timestamp":"2026-08-26 14:15:18"}
{"level":"debug","message":"Clicking Contact Us button","service":"playwright-e2e","timestamp":"2026-08-26 14:15:18"}
{"level":"info","message":"[STEP PASSED] Navigate to Contact Us page","service":"playwright-e2e","timestamp":"2026-08-26 14:15:19"}
{"level":"info","message":"[STEP START] Submit contact form","service":"playwright-e2e","timestamp":"2026-08-26 14:15:20"}
{"level":"debug","message":"Filling contact form data","service":"playwright-e2e","timestamp":"2026-08-26 14:15:20"}
{"level":"debug","message":"Clicking submit form","service":"playwright-e2e","timestamp":"2026-08-26 14:15:20"}
{"level":"info","message":"[STEP START] [BasePage] Navigating to: https://www.automationexercise.com//","service":"playwright-e2e","timestamp":"2026-08-26 14:15:20"}
{"level":"info","message":"[STEP PASSED] Submit contact form","service":"playwright-e2e","timestamp":"2026-08-26 14:15:21"}
{"level":"debug","message":"[BasePage] Successfully navigated to: https://www.automationexercise.com//","service":"playwright-e2e","timestamp":"2026-08-26 14:15:22"}
{"level":"info","message":"[STEP PASSED] [BasePage] Navigating to: https://www.automationexercise.com//","service":"playwright-e2e","timestamp":"2026-08-26 14:15:23"}
{"level":"info","message":"[STEP START] Navigate to Signup / Login page","service":"playwright-e2e","timestamp":"2026-08-26 14:15:23"}
{"level":"debug","message":"Clicking Signup / Login button","service":"playwright-e2e","timestamp":"2026-08-26 14:15:23"}
{"level":"info","message":"[STEP PASSED] Navigate to Signup / Login page","service":"playwright-e2e","timestamp":"2026-08-26 14:15:23"}
{"level":"info","message":"[STEP START] Login with email: email+1783927188631+@test.com","service":"playwright-e2e","timestamp":"2026-08-26 14:15:23"}
{"level":"debug","message":"Filling login credentials","service":"playwright-e2e","timestamp":"2026-08-26 14:15:23"}
{"level":"debug","message":"Clicking Login button","service":"playwright-e2e","timestamp":"2026-08-26 14:15:23"}
{"level":"info","message":"[STEP PASSED] Login with email: email+1783927188631+@test.com","service":"playwright-e2e","timestamp":"2026-08-26 14:15:24"}
{"level":"info","message":"[STEP START] [BasePage] Navigating to: https://www.automationexercise.com//","service":"playwright-e2e","timestamp":"2026-08-26 14:15:26"}
{"level":"debug","message":"[BasePage] Successfully navigated to: https://www.automationexercise.com//","service":"playwright-e2e","timestamp":"2026-08-26 14:15:29"}
{"level":"info","message":"[STEP PASSED] [BasePage] Navigating to: https://www.automationexercise.com//","service":"playwright-e2e","timestamp":"2026-08-26 14:15:29"}
{"level":"info","message":"[STEP START] Navigate to Signup / Login page","service":"playwright-e2e","timestamp":"2026-08-26 14:15:29"}
{"level":"debug","message":"Clicking Signup / Login button","service":"playwright-e2e","timestamp":"2026-08-26 14:15:29"}
{"level":"info","message":"[STEP PASSED] Navigate to Signup / Login page","service":"playwright-e2e","timestamp":"2026-08-26 14:15:30"}
{"level":"info","message":"[STEP START] Login with email: fail@invaliduser.com","service":"playwright-e2e","timestamp":"2026-08-26 14:15:30"}
{"level":"debug","message":"Filling login credentials","service":"playwright-e2e","timestamp":"2026-08-26 14:15:30"}
{"level":"debug","message":"Clicking Login button","service":"playwright-e2e","timestamp":"2026-08-26 14:15:30"}
{"level":"info","message":"[STEP PASSED] Login with email: fail@invaliduser.com","service":"playwright-e2e","timestamp":"2026-08-26 14:15:31"}
{"level":"info","message":"[STEP START] [BasePage] Navigating to: https://www.automationexercise.com//","service":"playwright-e2e","timestamp":"2026-08-26 14:15:32"}
{"level":"info","message":"[STEP START] [BasePage] Navigating to: https://www.automationexercise.com//","service":"playwright-e2e","timestamp":"2026-08-26 14:15:35"}
{"level":"debug","message":"[BasePage] Successfully navigated to: https://www.automationexercise.com//","service":"playwright-e2e","timestamp":"2026-08-26 14:15:36"}
{"level":"info","message":"[STEP PASSED] [BasePage] Navigating to: https://www.automationexercise.com//","service":"playwright-e2e","timestamp":"2026-08-26 14:15:36"}
{"level":"info","message":"[STEP START] Navigate to Signup / Login page","service":"playwright-e2e","timestamp":"2026-08-26 14:15:36"}
{"level":"debug","message":"Clicking Signup / Login button","service":"playwright-e2e","timestamp":"2026-08-26 14:15:36"}
{"level":"info","message":"[STEP PASSED] Navigate to Signup / Login page","service":"playwright-e2e","timestamp":"2026-08-26 14:15:37"}
{"level":"info","message":"[STEP START] Login with email: email+1783927188631+@test.com","service":"playwright-e2e","timestamp":"2026-08-26 14:15:38"}
{"level":"debug","message":"Filling login credentials","service":"playwright-e2e","timestamp":"2026-08-26 14:15:38"}
{"level":"debug","message":"Clicking Login button","service":"playwright-e2e","timestamp":"2026-08-26 14:15:39"}
{"level":"debug","message":"[BasePage] Successfully navigated to: https://www.automationexercise.com//","service":"playwright-e2e","timestamp":"2026-08-26 14:15:39"}
{"level":"info","message":"[STEP PASSED] [BasePage] Navigating to: https://www.automationexercise.com//","service":"playwright-e2e","timestamp":"2026-08-26 14:15:39"}
{"level":"info","message":"[STEP START] Navigate to Signup / Login page","service":"playwright-e2e","timestamp":"2026-08-26 14:15:40"}
{"level":"debug","message":"Clicking Signup / Login button","service":"playwright-e2e","timestamp":"2026-08-26 14:15:40"}
{"level":"info","message":"[STEP PASSED] Navigate to Signup / Login page","service":"playwright-e2e","timestamp":"2026-08-26 14:15:40"}
{"level":"info","message":"[STEP PASSED] Login with email: email+1783927188631+@test.com","service":"playwright-e2e","timestamp":"2026-08-26 14:15:41"}
{"level":"info","message":"[STEP START] Login with email: email+1783927188631+@test.com","service":"playwright-e2e","timestamp":"2026-08-26 14:15:41"}
{"level":"debug","message":"Filling login credentials","service":"playwright-e2e","timestamp":"2026-08-26 14:15:41"}
{"level":"debug","message":"Clicking Login button","service":"playwright-e2e","timestamp":"2026-08-26 14:15:42"}
{"level":"info","message":"[STEP START] Navigate to Products page","service":"playwright-e2e","timestamp":"2026-08-26 14:15:42"}
{"level":"debug","message":"Clicking Products button","service":"playwright-e2e","timestamp":"2026-08-26 14:15:42"}
{"level":"info","message":"[STEP PASSED] Login with email: email+1783927188631+@test.com","service":"playwright-e2e","timestamp":"2026-08-26 14:15:43"}
{"level":"info","message":"[STEP PASSED] Navigate to Products page","service":"playwright-e2e","timestamp":"2026-08-26 14:15:44"}
{"level":"info","message":"[STEP START] Search for product: \"Lace Top For Women\"","service":"playwright-e2e","timestamp":"2026-08-26 14:15:45"}
{"level":"debug","message":"Filling search input with: Lace Top For Women","service":"playwright-e2e","timestamp":"2026-08-26 14:15:45"}
{"level":"debug","message":"Clicking search submit button","service":"playwright-e2e","timestamp":"2026-08-26 14:15:45"}
{"level":"info","message":"[STEP PASSED] Search for product: \"Lace Top For Women\"","service":"playwright-e2e","timestamp":"2026-08-26 14:15:48"}
{"level":"info","message":"[STEP START] Fetch cart row details for","service":"playwright-e2e","timestamp":"2026-08-26 14:15:51"}
{"level":"info","message":"[STEP PASSED] Fetch cart row details for","service":"playwright-e2e","timestamp":"2026-08-26 14:15:51"}
{"level":"info","message":"[STEP START] [BasePage] Navigating to: https://www.automationexercise.com//","service":"playwright-e2e","timestamp":"2026-08-26 14:15:52"}
{"level":"info","message":"[STEP START] 'Fetch delivery address details","service":"playwright-e2e","timestamp":"2026-08-26 14:15:52"}
{"country":"India","fullAddress":"Deli Kataran 1441","fullName":"Mr. Rimas Grimas","level":"debug","message":"Fetched delivery address details","phone":"0420012889","service":"playwright-e2e","street":"Lakunu street","timestamp":"2026-08-26 14:15:53"}
{"level":"info","message":"[STEP PASSED] 'Fetch delivery address details","service":"playwright-e2e","timestamp":"2026-08-26 14:15:53"}
{"level":"info","message":"[STEP START] Click place order button","service":"playwright-e2e","timestamp":"2026-08-26 14:15:53"}
{"level":"debug","message":"Clicking Place Order button","service":"playwright-e2e","timestamp":"2026-08-26 14:15:53"}
{"level":"info","message":"[STEP START] Enter credit card payment details","service":"playwright-e2e","timestamp":"2026-08-26 14:15:53"}
{"level":"debug","message":"Filling payment form details","service":"playwright-e2e","timestamp":"2026-08-26 14:15:53"}
{"level":"info","message":"[STEP PASSED] Click place order button","service":"playwright-e2e","timestamp":"2026-08-26 14:15:54"}
{"level":"info","message":"[STEP PASSED] Enter credit card payment details","service":"playwright-e2e","timestamp":"2026-08-26 14:15:55"}
{"level":"info","message":"[STEP START] Click Pay and Confirm Order button","service":"playwright-e2e","timestamp":"2026-08-26 14:15:55"}
{"level":"debug","message":"Clicking Pay and Confirm Order","service":"playwright-e2e","timestamp":"2026-08-26 14:15:55"}
{"level":"info","message":"[STEP PASSED] Click Pay and Confirm Order button","service":"playwright-e2e","timestamp":"2026-08-26 14:15:57"}
{"level":"debug","message":"[BasePage] Successfully navigated to: https://www.automationexercise.com//","service":"playwright-e2e","timestamp":"2026-08-26 14:15:58"}
{"level":"info","message":"[STEP PASSED] [BasePage] Navigating to: https://www.automationexercise.com//","service":"playwright-e2e","timestamp":"2026-08-26 14:15:58"}
{"level":"info","message":"[STEP START] Navigate to Products page","service":"playwright-e2e","timestamp":"2026-08-26 14:15:58"}
{"level":"debug","message":"Clicking Products button","service":"playwright-e2e","timestamp":"2026-08-26 14:15:58"}
{"level":"info","message":"[STEP PASSED] Navigate to Products page","service":"playwright-e2e","timestamp":"2026-08-26 14:16:00"}
{"level":"info","message":"[STEP START] [BasePage] Navigating to: https://www.automationexercise.com//","service":"playwright-e2e","timestamp":"2026-08-26 14:16:01"}
{"level":"info","message":"[STEP START] [BasePage] Navigating to: https://www.automationexercise.com//","service":"playwright-e2e","timestamp":"2026-08-26 14:16:05"}
{"level":"debug","message":"[BasePage] Successfully navigated to: https://www.automationexercise.com//","service":"playwright-e2e","timestamp":"2026-08-26 14:16:06"}
{"level":"info","message":"[STEP PASSED] [BasePage] Navigating to: https://www.automationexercise.com//","service":"playwright-e2e","timestamp":"2026-08-26 14:16:06"}
{"level":"info","message":"[STEP START] Navigate to Products page","service":"playwright-e2e","timestamp":"2026-08-26 14:16:06"}
{"level":"debug","message":"Clicking Products button","service":"playwright-e2e","timestamp":"2026-08-26 14:16:06"}
{"level":"info","message":"[STEP PASSED] Navigate to Products page","service":"playwright-e2e","timestamp":"2026-08-26 14:16:07"}
{"level":"info","message":"[STEP START] Search for product: \"Lace Top For Women\"","service":"playwright-e2e","timestamp":"2026-08-26 14:16:08"}
{"level":"debug","message":"Filling search input with: Lace Top For Women","service":"playwright-e2e","timestamp":"2026-08-26 14:16:08"}
{"level":"debug","message":"Clicking search submit button","service":"playwright-e2e","timestamp":"2026-08-26 14:16:08"}
{"level":"debug","message":"[BasePage] Successfully navigated to: https://www.automationexercise.com//","service":"playwright-e2e","timestamp":"2026-08-26 14:16:10"}
{"level":"info","message":"[STEP PASSED] [BasePage] Navigating to: https://www.automationexercise.com//","service":"playwright-e2e","timestamp":"2026-08-26 14:16:10"}
{"level":"info","message":"[STEP START] Navigate to Signup / Login page","service":"playwright-e2e","timestamp":"2026-08-26 14:16:11"}
{"level":"debug","message":"Clicking Signup / Login button","service":"playwright-e2e","timestamp":"2026-08-26 14:16:11"}
{"level":"info","message":"[STEP PASSED] Search for product: \"Lace Top For Women\"","service":"playwright-e2e","timestamp":"2026-08-26 14:16:12"}
{"level":"info","message":"[STEP PASSED] Navigate to Signup / Login page","service":"playwright-e2e","timestamp":"2026-08-26 14:16:12"}
{"level":"info","message":"[STEP START] New user signup: email+1787742933572+@test.com","service":"playwright-e2e","timestamp":"2026-08-26 14:16:12"}
{"level":"debug","message":"Filling name input","service":"playwright-e2e","timestamp":"2026-08-26 14:16:12"}
{"level":"debug","message":"Filling email input","service":"playwright-e2e","timestamp":"2026-08-26 14:16:13"}
{"level":"debug","message":"Clicking signup button","service":"playwright-e2e","timestamp":"2026-08-26 14:16:13"}
{"level":"info","message":"[STEP PASSED] New user signup: email+1787742933572+@test.com","service":"playwright-e2e","timestamp":"2026-08-26 14:16:14"}
{"level":"info","message":"[STEP START] Complete registration form for: email+1787742933572+@test.com","service":"playwright-e2e","timestamp":"2026-08-26 14:16:14"}
{"level":"info","message":"[STEP START] [BasePage] Navigating to: https://www.automationexercise.com//","service":"playwright-e2e","timestamp":"2026-08-26 14:16:15"}
{"level":"debug","message":"Filling user password","service":"playwright-e2e","timestamp":"2026-08-26 14:16:15"}
{"level":"debug","message":"Selecting DoB: 9/April/1990","service":"playwright-e2e","timestamp":"2026-08-26 14:16:15"}
{"level":"debug","message":"Filling personal info: Rimas Grimas","service":"playwright-e2e","timestamp":"2026-08-26 14:16:17"}
{"level":"debug","message":"Filling address info: India","service":"playwright-e2e","timestamp":"2026-08-26 14:16:18"}
{"level":"debug","message":"[BasePage] Successfully navigated to: https://www.automationexercise.com//","service":"playwright-e2e","timestamp":"2026-08-26 14:16:21"}
{"level":"info","message":"[STEP PASSED] [BasePage] Navigating to: https://www.automationexercise.com//","service":"playwright-e2e","timestamp":"2026-08-26 14:16:21"}
{"level":"debug","message":"Clicking Create Account button","service":"playwright-e2e","timestamp":"2026-08-26 14:16:21"}
{"level":"info","message":"[STEP START] Subscribe to newsletter with email: email+1783927188631+@test.com","service":"playwright-e2e","timestamp":"2026-08-26 14:16:21"}
{"error":{"log":["  - waiting for getByRole('button', { name: 'Create Account' })","    - locator resolved to <button type=\"submit\" class=\"btn btn-default\" data-qa=\"create-account\">Create Account</button>"]},"level":"error","message":"[STEP FAILED] Complete registration form for: email+1787742933572+@test.com","service":"playwright-e2e","timestamp":"2026-08-26 14:16:21"}
{"level":"debug","message":"Scrolling to footer","service":"playwright-e2e","timestamp":"2026-08-26 14:16:21"}
{"level":"debug","message":"Filling subscription email: email+1783927188631+@test.com","service":"playwright-e2e","timestamp":"2026-08-26 14:16:21"}
{"level":"debug","message":"Clicking subscribe button","service":"playwright-e2e","timestamp":"2026-08-26 14:16:22"}
{"level":"info","message":"[STEP PASSED] Subscribe to newsletter with email: email+1783927188631+@test.com","service":"playwright-e2e","timestamp":"2026-08-26 14:16:22"}
{"level":"info","message":"[STEP START] [BasePage] Navigating to: https://www.automationexercise.com//","service":"playwright-e2e","timestamp":"2026-08-26 14:18:17"}
{"level":"info","message":"[STEP START] [BasePage] Navigating to: https://www.automationexercise.com//","service":"playwright-e2e","timestamp":"2026-08-26 14:18:17"}
{"level":"debug","message":"[BasePage] Successfully navigated to: https://www.automationexercise.com//","service":"playwright-e2e","timestamp":"2026-08-26 14:18:21"}
{"level":"info","message":"[STEP PASSED] [BasePage] Navigating to: https://www.automationexercise.com//","service":"playwright-e2e","timestamp":"2026-08-26 14:18:21"}
{"level":"debug","message":"[BasePage] Successfully navigated to: https://www.automationexercise.com//","service":"playwright-e2e","timestamp":"2026-08-26 14:18:21"}
{"level":"info","message":"[STEP PASSED] [BasePage] Navigating to: https://www.automationexercise.com//","service":"playwright-e2e","timestamp":"2026-08-26 14:18:21"}
{"level":"info","message":"[STEP START] Navigate to Products page","service":"playwright-e2e","timestamp":"2026-08-26 14:18:22"}
{"level":"debug","message":"Clicking Products button","service":"playwright-e2e","timestamp":"2026-08-26 14:18:22"}
{"level":"info","message":"[STEP START] Navigate to Signup / Login page","service":"playwright-e2e","timestamp":"2026-08-26 14:18:22"}
{"level":"debug","message":"Clicking Signup / Login button","service":"playwright-e2e","timestamp":"2026-08-26 14:18:22"}
{"level":"info","message":"[STEP PASSED] Navigate to Signup / Login page","service":"playwright-e2e","timestamp":"2026-08-26 14:18:23"}
{"level":"info","message":"[STEP PASSED] Navigate to Products page","service":"playwright-e2e","timestamp":"2026-08-26 14:18:23"}
{"level":"info","message":"[STEP START] Login with email: email+1783927188631+@test.com","service":"playwright-e2e","timestamp":"2026-08-26 14:18:23"}
{"level":"debug","message":"Filling login credentials","service":"playwright-e2e","timestamp":"2026-08-26 14:18:23"}
{"level":"info","message":"[STEP START] Search for product: \"Lace Top For Women\"","service":"playwright-e2e","timestamp":"2026-08-26 14:18:24"}
{"level":"debug","message":"Filling search input with: Lace Top For Women","service":"playwright-e2e","timestamp":"2026-08-26 14:18:24"}
{"level":"debug","message":"Clicking search submit button","service":"playwright-e2e","timestamp":"2026-08-26 14:18:24"}
{"level":"debug","message":"Clicking Login button","service":"playwright-e2e","timestamp":"2026-08-26 14:18:24"}
{"level":"info","message":"[STEP PASSED] Search for product: \"Lace Top For Women\"","service":"playwright-e2e","timestamp":"2026-08-26 14:18:25"}
{"level":"info","message":"[STEP PASSED] Login with email: email+1783927188631+@test.com","service":"playwright-e2e","timestamp":"2026-08-26 14:18:26"}
{"level":"info","message":"[STEP START] Navigate to Contact Us page","service":"playwright-e2e","timestamp":"2026-08-26 14:18:26"}
{"level":"debug","message":"Clicking Contact Us button","service":"playwright-e2e","timestamp":"2026-08-26 14:18:26"}
{"level":"info","message":"[STEP START] Fetch cart row details for","service":"playwright-e2e","timestamp":"2026-08-26 14:18:28"}
{"level":"info","message":"[STEP PASSED] Fetch cart row details for","service":"playwright-e2e","timestamp":"2026-08-26 14:18:28"}
{"level":"info","message":"[STEP PASSED] Navigate to Contact Us page","service":"playwright-e2e","timestamp":"2026-08-26 14:18:28"}
{"level":"info","message":"[STEP START] Submit contact form","service":"playwright-e2e","timestamp":"2026-08-26 14:18:29"}
{"level":"debug","message":"Filling contact form data","service":"playwright-e2e","timestamp":"2026-08-26 14:18:29"}
{"level":"debug","message":"Clicking submit form","service":"playwright-e2e","timestamp":"2026-08-26 14:18:29"}
{"level":"info","message":"[STEP PASSED] Submit contact form","service":"playwright-e2e","timestamp":"2026-08-26 14:18:30"}
{"level":"info","message":"[STEP START] [BasePage] Navigating to: https://www.automationexercise.com//","service":"playwright-e2e","timestamp":"2026-08-26 14:18:31"}
{"level":"info","message":"[STEP START] [BasePage] Navigating to: https://www.automationexercise.com//","service":"playwright-e2e","timestamp":"2026-08-26 14:18:31"}
{"level":"debug","message":"[BasePage] Successfully navigated to: https://www.automationexercise.com//","service":"playwright-e2e","timestamp":"2026-08-26 14:18:36"}
{"level":"info","message":"[STEP PASSED] [BasePage] Navigating to: https://www.automationexercise.com//","service":"playwright-e2e","timestamp":"2026-08-26 14:18:36"}
{"level":"debug","message":"[BasePage] Successfully navigated to: https://www.automationexercise.com//","service":"playwright-e2e","timestamp":"2026-08-26 14:18:36"}
{"level":"info","message":"[STEP PASSED] [BasePage] Navigating to: https://www.automationexercise.com//","service":"playwright-e2e","timestamp":"2026-08-26 14:18:36"}
{"level":"info","message":"[STEP START] Navigate to Signup / Login page","service":"playwright-e2e","timestamp":"2026-08-26 14:18:36"}
{"level":"info","message":"[STEP START] Navigate to Signup / Login page","service":"playwright-e2e","timestamp":"2026-08-26 14:18:36"}
{"level":"debug","message":"Clicking Signup / Login button","service":"playwright-e2e","timestamp":"2026-08-26 14:18:36"}
{"level":"debug","message":"Clicking Signup / Login button","service":"playwright-e2e","timestamp":"2026-08-26 14:18:36"}
{"level":"info","message":"[STEP PASSED] Navigate to Signup / Login page","service":"playwright-e2e","timestamp":"2026-08-26 14:18:37"}
{"level":"info","message":"[STEP PASSED] Navigate to Signup / Login page","service":"playwright-e2e","timestamp":"2026-08-26 14:18:37"}
{"level":"info","message":"[STEP START] Login with email: fail@invaliduser.com","service":"playwright-e2e","timestamp":"2026-08-26 14:18:37"}
{"level":"debug","message":"Filling login credentials","service":"playwright-e2e","timestamp":"2026-08-26 14:18:37"}
{"level":"info","message":"[STEP START] Login with email: email+1783927188631+@test.com","service":"playwright-e2e","timestamp":"2026-08-26 14:18:37"}
{"level":"debug","message":"Filling login credentials","service":"playwright-e2e","timestamp":"2026-08-26 14:18:37"}
{"level":"debug","message":"Clicking Login button","service":"playwright-e2e","timestamp":"2026-08-26 14:18:37"}
{"level":"debug","message":"Clicking Login button","service":"playwright-e2e","timestamp":"2026-08-26 14:18:38"}
{"level":"info","message":"[STEP PASSED] Login with email: fail@invaliduser.com","service":"playwright-e2e","timestamp":"2026-08-26 14:18:38"}
{"level":"info","message":"[STEP PASSED] Login with email: email+1783927188631+@test.com","service":"playwright-e2e","timestamp":"2026-08-26 14:18:39"}
{"level":"info","message":"[STEP START] [BasePage] Navigating to: https://www.automationexercise.com//","service":"playwright-e2e","timestamp":"2026-08-26 14:18:42"}
{"level":"info","message":"[STEP START] [BasePage] Navigating to: https://www.automationexercise.com//","service":"playwright-e2e","timestamp":"2026-08-26 14:18:43"}
{"level":"debug","message":"[BasePage] Successfully navigated to: https://www.automationexercise.com//","service":"playwright-e2e","timestamp":"2026-08-26 14:18:46"}
{"level":"info","message":"[STEP PASSED] [BasePage] Navigating to: https://www.automationexercise.com//","service":"playwright-e2e","timestamp":"2026-08-26 14:18:46"}
{"level":"info","message":"[STEP START] Navigate to Signup / Login page","service":"playwright-e2e","timestamp":"2026-08-26 14:18:47"}
{"level":"debug","message":"Clicking Signup / Login button","service":"playwright-e2e","timestamp":"2026-08-26 14:18:47"}
{"level":"info","message":"[STEP PASSED] Navigate to Signup / Login page","service":"playwright-e2e","timestamp":"2026-08-26 14:18:48"}
{"level":"debug","message":"[BasePage] Successfully navigated to: https://www.automationexercise.com//","service":"playwright-e2e","timestamp":"2026-08-26 14:18:48"}
{"level":"info","message":"[STEP PASSED] [BasePage] Navigating to: https://www.automationexercise.com//","service":"playwright-e2e","timestamp":"2026-08-26 14:18:48"}
{"level":"info","message":"[STEP START] Login with email: email+1783927188631+@test.com","service":"playwright-e2e","timestamp":"2026-08-26 14:18:48"}
{"level":"debug","message":"Filling login credentials","service":"playwright-e2e","timestamp":"2026-08-26 14:18:48"}
{"level":"info","message":"[STEP START] Navigate to Signup / Login page","service":"playwright-e2e","timestamp":"2026-08-26 14:18:49"}
{"level":"debug","message":"Clicking Signup / Login button","service":"playwright-e2e","timestamp":"2026-08-26 14:18:49"}
{"level":"debug","message":"Clicking Login button","service":"playwright-e2e","timestamp":"2026-08-26 14:18:49"}
{"level":"info","message":"[STEP PASSED] Navigate to Signup / Login page","service":"playwright-e2e","timestamp":"2026-08-26 14:18:50"}
{"level":"info","message":"[STEP START] Login with email: email+1783927188631+@test.com","service":"playwright-e2e","timestamp":"2026-08-26 14:18:50"}
{"level":"debug","message":"Filling login credentials","service":"playwright-e2e","timestamp":"2026-08-26 14:18:50"}
{"level":"info","message":"[STEP PASSED] Login with email: email+1783927188631+@test.com","service":"playwright-e2e","timestamp":"2026-08-26 14:18:51"}
{"level":"debug","message":"Clicking Login button","service":"playwright-e2e","timestamp":"2026-08-26 14:18:52"}
{"level":"info","message":"[STEP PASSED] Login with email: email+1783927188631+@test.com","service":"playwright-e2e","timestamp":"2026-08-26 14:18:53"}
{"level":"info","message":"[STEP START] Navigate to Products page","service":"playwright-e2e","timestamp":"2026-08-26 14:18:54"}
{"level":"debug","message":"Clicking Products button","service":"playwright-e2e","timestamp":"2026-08-26 14:18:54"}
{"level":"info","message":"[STEP PASSED] Navigate to Products page","service":"playwright-e2e","timestamp":"2026-08-26 14:18:56"}
{"level":"info","message":"[STEP START] Search for product: \"Lace Top For Women\"","service":"playwright-e2e","timestamp":"2026-08-26 14:18:57"}
{"level":"debug","message":"Filling search input with: Lace Top For Women","service":"playwright-e2e","timestamp":"2026-08-26 14:18:57"}
{"level":"info","message":"[STEP START] [BasePage] Navigating to: https://www.automationexercise.com//","service":"playwright-e2e","timestamp":"2026-08-26 14:18:58"}
{"level":"debug","message":"Clicking search submit button","service":"playwright-e2e","timestamp":"2026-08-26 14:18:58"}
{"level":"info","message":"[STEP PASSED] Search for product: \"Lace Top For Women\"","service":"playwright-e2e","timestamp":"2026-08-26 14:19:00"}
{"level":"debug","message":"[BasePage] Successfully navigated to: https://www.automationexercise.com//","service":"playwright-e2e","timestamp":"2026-08-26 14:19:03"}
{"level":"info","message":"[STEP PASSED] [BasePage] Navigating to: https://www.automationexercise.com//","service":"playwright-e2e","timestamp":"2026-08-26 14:19:03"}
{"level":"info","message":"[STEP START] Navigate to Products page","service":"playwright-e2e","timestamp":"2026-08-26 14:19:03"}
{"level":"debug","message":"Clicking Products button","service":"playwright-e2e","timestamp":"2026-08-26 14:19:03"}
{"level":"info","message":"[STEP PASSED] Navigate to Products page","service":"playwright-e2e","timestamp":"2026-08-26 14:19:04"}
{"level":"info","message":"[STEP START] [BasePage] Navigating to: https://www.automationexercise.com//","service":"playwright-e2e","timestamp":"2026-08-26 14:19:08"}
{"level":"debug","message":"[BasePage] Successfully navigated to: https://www.automationexercise.com//","service":"playwright-e2e","timestamp":"2026-08-26 14:19:11"}
{"level":"info","message":"[STEP PASSED] [BasePage] Navigating to: https://www.automationexercise.com//","service":"playwright-e2e","timestamp":"2026-08-26 14:19:11"}
{"level":"info","message":"[STEP START] Navigate to Products page","service":"playwright-e2e","timestamp":"2026-08-26 14:19:11"}
{"level":"debug","message":"Clicking Products button","service":"playwright-e2e","timestamp":"2026-08-26 14:19:11"}
{"level":"info","message":"[STEP PASSED] Navigate to Products page","service":"playwright-e2e","timestamp":"2026-08-26 14:19:12"}
{"level":"info","message":"[STEP START] Search for product: \"Lace Top For Women\"","service":"playwright-e2e","timestamp":"2026-08-26 14:19:12"}
{"level":"debug","message":"Filling search input with: Lace Top For Women","service":"playwright-e2e","timestamp":"2026-08-26 14:19:12"}
{"level":"debug","message":"Clicking search submit button","service":"playwright-e2e","timestamp":"2026-08-26 14:19:13"}
{"level":"info","message":"[STEP PASSED] Search for product: \"Lace Top For Women\"","service":"playwright-e2e","timestamp":"2026-08-26 14:19:14"}
{"level":"info","message":"[STEP START] [BasePage] Navigating to: https://www.automationexercise.com//","service":"playwright-e2e","timestamp":"2026-08-26 14:19:15"}
{"level":"debug","message":"[BasePage] Successfully navigated to: https://www.automationexercise.com//","service":"playwright-e2e","timestamp":"2026-08-26 14:19:19"}
{"level":"info","message":"[STEP PASSED] [BasePage] Navigating to: https://www.automationexercise.com//","service":"playwright-e2e","timestamp":"2026-08-26 14:19:19"}
{"level":"info","message":"[STEP START] Navigate to Signup / Login page","service":"playwright-e2e","timestamp":"2026-08-26 14:19:19"}
{"level":"debug","message":"Clicking Signup / Login button","service":"playwright-e2e","timestamp":"2026-08-26 14:19:19"}
{"level":"info","message":"[STEP PASSED] Navigate to Signup / Login page","service":"playwright-e2e","timestamp":"2026-08-26 14:19:19"}
{"level":"info","message":"[STEP START] New user signup: email+1787743096070+@test.com","service":"playwright-e2e","timestamp":"2026-08-26 14:19:19"}
{"level":"debug","message":"Filling name input","service":"playwright-e2e","timestamp":"2026-08-26 14:19:19"}
{"level":"debug","message":"Filling email input","service":"playwright-e2e","timestamp":"2026-08-26 14:19:20"}
{"level":"debug","message":"Clicking signup button","service":"playwright-e2e","timestamp":"2026-08-26 14:19:20"}
{"level":"info","message":"[STEP PASSED] New user signup: email+1787743096070+@test.com","service":"playwright-e2e","timestamp":"2026-08-26 14:19:20"}
{"level":"info","message":"[STEP START] Complete registration form for: email+1787743096070+@test.com","service":"playwright-e2e","timestamp":"2026-08-26 14:19:20"}
{"level":"debug","message":"Filling user password","service":"playwright-e2e","timestamp":"2026-08-26 14:19:21"}
{"level":"debug","message":"Selecting DoB: 9/April/1990","service":"playwright-e2e","timestamp":"2026-08-26 14:19:21"}
{"level":"debug","message":"Filling personal info: Rimas Grimas","service":"playwright-e2e","timestamp":"2026-08-26 14:19:22"}
{"level":"debug","message":"Filling address info: India","service":"playwright-e2e","timestamp":"2026-08-26 14:19:22"}
{"level":"debug","message":"Clicking Create Account button","service":"playwright-e2e","timestamp":"2026-08-26 14:19:23"}
{"level":"info","message":"[STEP PASSED] Complete registration form for: email+1787743096070+@test.com","service":"playwright-e2e","timestamp":"2026-08-26 14:19:24"}
{"level":"info","message":"[STEP START] 'Click Continue button on Account Created page","service":"playwright-e2e","timestamp":"2026-08-26 14:19:24"}
{"level":"debug","message":"Clicking continue button","service":"playwright-e2e","timestamp":"2026-08-26 14:19:24"}
{"level":"info","message":"[STEP PASSED] 'Click Continue button on Account Created page","service":"playwright-e2e","timestamp":"2026-08-26 14:19:24"}
{"level":"info","message":"[STEP START] Delete Account","service":"playwright-e2e","timestamp":"2026-08-26 14:19:25"}
{"level":"debug","message":"Clicking Delete Account button","service":"playwright-e2e","timestamp":"2026-08-26 14:19:25"}
{"level":"info","message":"[STEP PASSED] Delete Account","service":"playwright-e2e","timestamp":"2026-08-26 14:19:26"}
{"level":"info","message":"[STEP START] [BasePage] Navigating to: https://www.automationexercise.com//","service":"playwright-e2e","timestamp":"2026-08-26 14:19:28"}
{"level":"debug","message":"[BasePage] Successfully navigated to: https://www.automationexercise.com//","service":"playwright-e2e","timestamp":"2026-08-26 14:19:32"}
{"level":"info","message":"[STEP PASSED] [BasePage] Navigating to: https://www.automationexercise.com//","service":"playwright-e2e","timestamp":"2026-08-26 14:19:32"}
{"level":"info","message":"[STEP START] Subscribe to newsletter with email: email+1783927188631+@test.com","service":"playwright-e2e","timestamp":"2026-08-26 14:19:32"}
{"level":"debug","message":"Scrolling to footer","service":"playwright-e2e","timestamp":"2026-08-26 14:19:32"}
{"level":"debug","message":"Filling subscription email: email+1783927188631+@test.com","service":"playwright-e2e","timestamp":"2026-08-26 14:19:32"}
{"level":"debug","message":"Clicking subscribe button","service":"playwright-e2e","timestamp":"2026-08-26 14:19:32"}
{"level":"info","message":"[STEP PASSED] Subscribe to newsletter with email: email+1783927188631+@test.com","service":"playwright-e2e","timestamp":"2026-08-26 14:19:32"}
{"level":"info","message":"[STEP START] [BasePage] Navigating to: https://www.automationexercise.com//","service":"playwright-e2e","timestamp":"2026-08-26 14:33:36"}
{"level":"info","message":"[STEP START] [BasePage] Navigating to: https://www.automationexercise.com//","service":"playwright-e2e","timestamp":"2026-08-26 14:33:37"}
{"level":"debug","message":"[BasePage] Successfully navigated to: https://www.automationexercise.com//","service":"playwright-e2e","timestamp":"2026-08-26 14:33:45"}
{"level":"info","message":"[STEP PASSED] [BasePage] Navigating to: https://www.automationexercise.com//","service":"playwright-e2e","timestamp":"2026-08-26 14:33:45"}
{"level":"debug","message":"[BasePage] Successfully navigated to: https://www.automationexercise.com//","service":"playwright-e2e","timestamp":"2026-08-26 14:33:45"}
{"level":"info","message":"[STEP PASSED] [BasePage] Navigating to: https://www.automationexercise.com//","service":"playwright-e2e","timestamp":"2026-08-26 14:33:45"}
{"level":"info","message":"[STEP START] Navigate to Signup / Login page","service":"playwright-e2e","timestamp":"2026-08-26 14:33:46"}
{"level":"debug","message":"Clicking Signup / Login button","service":"playwright-e2e","timestamp":"2026-08-26 14:33:46"}
{"level":"info","message":"[STEP START] Navigate to Products page","service":"playwright-e2e","timestamp":"2026-08-26 14:33:46"}
{"level":"debug","message":"Clicking Products button","service":"playwright-e2e","timestamp":"2026-08-26 14:33:46"}
{"level":"info","message":"[STEP PASSED] Navigate to Signup / Login page","service":"playwright-e2e","timestamp":"2026-08-26 14:33:48"}
{"level":"info","message":"[STEP PASSED] Navigate to Products page","service":"playwright-e2e","timestamp":"2026-08-26 14:33:48"}
{"level":"info","message":"[STEP START] Login with email: email+1783927188631+@test.com","service":"playwright-e2e","timestamp":"2026-08-26 14:33:48"}
{"level":"debug","message":"Filling login credentials","service":"playwright-e2e","timestamp":"2026-08-26 14:33:48"}
{"level":"info","message":"[STEP START] Search for product: \"Lace Top For Women\"","service":"playwright-e2e","timestamp":"2026-08-26 14:33:49"}
{"level":"debug","message":"Filling search input with: Lace Top For Women","service":"playwright-e2e","timestamp":"2026-08-26 14:33:49"}
{"level":"debug","message":"Clicking search submit button","service":"playwright-e2e","timestamp":"2026-08-26 14:33:49"}
{"level":"debug","message":"Clicking Login button","service":"playwright-e2e","timestamp":"2026-08-26 14:33:49"}
{"level":"info","message":"[STEP PASSED] Search for product: \"Lace Top For Women\"","service":"playwright-e2e","timestamp":"2026-08-26 14:33:51"}
{"level":"info","message":"[STEP PASSED] Login with email: email+1783927188631+@test.com","service":"playwright-e2e","timestamp":"2026-08-26 14:33:52"}
{"level":"info","message":"[STEP START] Navigate to Contact Us page","service":"playwright-e2e","timestamp":"2026-08-26 14:33:53"}
{"level":"debug","message":"Clicking Contact Us button","service":"playwright-e2e","timestamp":"2026-08-26 14:33:53"}
{"level":"info","message":"[STEP START] Fetch cart row details for","service":"playwright-e2e","timestamp":"2026-08-26 14:33:55"}
{"level":"info","message":"[STEP PASSED] Fetch cart row details for","service":"playwright-e2e","timestamp":"2026-08-26 14:33:56"}
{"level":"info","message":"[STEP PASSED] Navigate to Contact Us page","service":"playwright-e2e","timestamp":"2026-08-26 14:33:56"}
{"level":"info","message":"[STEP START] Submit contact form","service":"playwright-e2e","timestamp":"2026-08-26 14:33:57"}
{"level":"debug","message":"Filling contact form data","service":"playwright-e2e","timestamp":"2026-08-26 14:33:57"}
{"level":"debug","message":"Clicking submit form","service":"playwright-e2e","timestamp":"2026-08-26 14:33:58"}
{"level":"info","message":"[STEP PASSED] Submit contact form","service":"playwright-e2e","timestamp":"2026-08-26 14:33:58"}
{"level":"info","message":"[STEP START] [BasePage] Navigating to: https://www.automationexercise.com//","service":"playwright-e2e","timestamp":"2026-08-26 14:34:00"}
{"level":"info","message":"[STEP START] [BasePage] Navigating to: https://www.automationexercise.com//","service":"playwright-e2e","timestamp":"2026-08-26 14:34:01"}
{"level":"debug","message":"[BasePage] Successfully navigated to: https://www.automationexercise.com//","service":"playwright-e2e","timestamp":"2026-08-26 14:34:05"}
{"level":"info","message":"[STEP PASSED] [BasePage] Navigating to: https://www.automationexercise.com//","service":"playwright-e2e","timestamp":"2026-08-26 14:34:05"}
{"level":"info","message":"[STEP START] Navigate to Signup / Login page","service":"playwright-e2e","timestamp":"2026-08-26 14:34:05"}
{"level":"debug","message":"Clicking Signup / Login button","service":"playwright-e2e","timestamp":"2026-08-26 14:34:05"}
{"level":"info","message":"[STEP PASSED] Navigate to Signup / Login page","service":"playwright-e2e","timestamp":"2026-08-26 14:34:06"}
{"level":"debug","message":"[BasePage] Successfully navigated to: https://www.automationexercise.com//","service":"playwright-e2e","timestamp":"2026-08-26 14:34:06"}
{"level":"info","message":"[STEP START] Login with email: email+1783927188631+@test.com","service":"playwright-e2e","timestamp":"2026-08-26 14:34:06"}
{"level":"info","message":"[STEP PASSED] [BasePage] Navigating to: https://www.automationexercise.com//","service":"playwright-e2e","timestamp":"2026-08-26 14:34:06"}
{"level":"debug","message":"Filling login credentials","service":"playwright-e2e","timestamp":"2026-08-26 14:34:06"}
{"level":"info","message":"[STEP START] Navigate to Signup / Login page","service":"playwright-e2e","timestamp":"2026-08-26 14:34:07"}
{"level":"debug","message":"Clicking Signup / Login button","service":"playwright-e2e","timestamp":"2026-08-26 14:34:07"}
{"level":"debug","message":"Clicking Login button","service":"playwright-e2e","timestamp":"2026-08-26 14:34:07"}
{"level":"info","message":"[STEP PASSED] Navigate to Signup / Login page","service":"playwright-e2e","timestamp":"2026-08-26 14:34:08"}
{"level":"info","message":"[STEP START] Login with email: fail@invaliduser.com","service":"playwright-e2e","timestamp":"2026-08-26 14:34:08"}
{"level":"debug","message":"Filling login credentials","service":"playwright-e2e","timestamp":"2026-08-26 14:34:08"}
{"level":"debug","message":"Clicking Login button","service":"playwright-e2e","timestamp":"2026-08-26 14:34:08"}
{"level":"info","message":"[STEP PASSED] Login with email: email+1783927188631+@test.com","service":"playwright-e2e","timestamp":"2026-08-26 14:34:09"}
{"level":"info","message":"[STEP PASSED] Login with email: fail@invaliduser.com","service":"playwright-e2e","timestamp":"2026-08-26 14:34:09"}
{"level":"info","message":"[STEP START] [BasePage] Navigating to: https://www.automationexercise.com//","service":"playwright-e2e","timestamp":"2026-08-26 14:34:13"}
{"level":"info","message":"[STEP START] [BasePage] Navigating to: https://www.automationexercise.com//","service":"playwright-e2e","timestamp":"2026-08-26 14:34:13"}
{"level":"debug","message":"[BasePage] Successfully navigated to: https://www.automationexercise.com//","service":"playwright-e2e","timestamp":"2026-08-26 14:34:18"}
{"level":"info","message":"[STEP PASSED] [BasePage] Navigating to: https://www.automationexercise.com//","service":"playwright-e2e","timestamp":"2026-08-26 14:34:18"}
{"level":"info","message":"[STEP START] Navigate to Signup / Login page","service":"playwright-e2e","timestamp":"2026-08-26 14:34:18"}
{"level":"debug","message":"Clicking Signup / Login button","service":"playwright-e2e","timestamp":"2026-08-26 14:34:18"}
{"level":"debug","message":"[BasePage] Successfully navigated to: https://www.automationexercise.com//","service":"playwright-e2e","timestamp":"2026-08-26 14:34:18"}
{"level":"info","message":"[STEP PASSED] [BasePage] Navigating to: https://www.automationexercise.com//","service":"playwright-e2e","timestamp":"2026-08-26 14:34:18"}
{"level":"info","message":"[STEP START] Navigate to Signup / Login page","service":"playwright-e2e","timestamp":"2026-08-26 14:34:19"}
{"level":"debug","message":"Clicking Signup / Login button","service":"playwright-e2e","timestamp":"2026-08-26 14:34:19"}
{"level":"info","message":"[STEP PASSED] Navigate to Signup / Login page","service":"playwright-e2e","timestamp":"2026-08-26 14:34:19"}
{"level":"info","message":"[STEP START] Login with email: email+1783927188631+@test.com","service":"playwright-e2e","timestamp":"2026-08-26 14:34:19"}
{"level":"debug","message":"Filling login credentials","service":"playwright-e2e","timestamp":"2026-08-26 14:34:19"}
{"level":"debug","message":"Clicking Login button","service":"playwright-e2e","timestamp":"2026-08-26 14:34:20"}
{"level":"info","message":"[STEP PASSED] Navigate to Signup / Login page","service":"playwright-e2e","timestamp":"2026-08-26 14:34:20"}
{"level":"info","message":"[STEP START] Login with email: email+1783927188631+@test.com","service":"playwright-e2e","timestamp":"2026-08-26 14:34:20"}
{"level":"debug","message":"Filling login credentials","service":"playwright-e2e","timestamp":"2026-08-26 14:34:20"}
{"level":"info","message":"[STEP PASSED] Login with email: email+1783927188631+@test.com","service":"playwright-e2e","timestamp":"2026-08-26 14:34:21"}
{"level":"debug","message":"Clicking Login button","service":"playwright-e2e","timestamp":"2026-08-26 14:34:21"}
{"level":"info","message":"[STEP PASSED] Login with email: email+1783927188631+@test.com","service":"playwright-e2e","timestamp":"2026-08-26 14:34:23"}
{"level":"info","message":"[STEP START] Navigate to Products page","service":"playwright-e2e","timestamp":"2026-08-26 14:34:24"}
{"level":"debug","message":"Clicking Products button","service":"playwright-e2e","timestamp":"2026-08-26 14:34:24"}
{"level":"info","message":"[STEP PASSED] Navigate to Products page","service":"playwright-e2e","timestamp":"2026-08-26 14:34:26"}
{"level":"info","message":"[STEP START] Search for product: \"Lace Top For Women\"","service":"playwright-e2e","timestamp":"2026-08-26 14:34:27"}
{"level":"debug","message":"Filling search input with: Lace Top For Women","service":"playwright-e2e","timestamp":"2026-08-26 14:34:27"}
{"level":"debug","message":"Clicking search submit button","service":"playwright-e2e","timestamp":"2026-08-26 14:34:27"}
{"level":"info","message":"[STEP START] [BasePage] Navigating to: https://www.automationexercise.com//","service":"playwright-e2e","timestamp":"2026-08-26 14:34:28"}
{"level":"info","message":"[STEP PASSED] Search for product: \"Lace Top For Women\"","service":"playwright-e2e","timestamp":"2026-08-26 14:34:29"}
{"level":"info","message":"[STEP START] Fetch cart row details for","service":"playwright-e2e","timestamp":"2026-08-26 14:34:32"}
{"level":"info","message":"[STEP PASSED] Fetch cart row details for","service":"playwright-e2e","timestamp":"2026-08-26 14:34:33"}
{"level":"info","message":"[STEP START] 'Fetch delivery address details","service":"playwright-e2e","timestamp":"2026-08-26 14:34:33"}
{"country":"India","fullAddress":"Deli Kataran 1441","fullName":"Mr. Rimas Grimas","level":"debug","message":"Fetched delivery address details","phone":"0420012889","service":"playwright-e2e","street":"Lakunu street","timestamp":"2026-08-26 14:34:34"}
{"level":"info","message":"[STEP PASSED] 'Fetch delivery address details","service":"playwright-e2e","timestamp":"2026-08-26 14:34:34"}
{"level":"info","message":"[STEP START] Click place order button","service":"playwright-e2e","timestamp":"2026-08-26 14:34:34"}
{"level":"debug","message":"Clicking Place Order button","service":"playwright-e2e","timestamp":"2026-08-26 14:34:34"}
{"level":"info","message":"[STEP START] Enter credit card payment details","service":"playwright-e2e","timestamp":"2026-08-26 14:34:34"}
{"level":"debug","message":"Filling payment form details","service":"playwright-e2e","timestamp":"2026-08-26 14:34:34"}
{"level":"debug","message":"[BasePage] Successfully navigated to: https://www.automationexercise.com//","service":"playwright-e2e","timestamp":"2026-08-26 14:34:34"}
{"level":"info","message":"[STEP PASSED] [BasePage] Navigating to: https://www.automationexercise.com//","service":"playwright-e2e","timestamp":"2026-08-26 14:34:34"}
{"level":"info","message":"[STEP START] Navigate to Products page","service":"playwright-e2e","timestamp":"2026-08-26 14:34:35"}
{"level":"debug","message":"Clicking Products button","service":"playwright-e2e","timestamp":"2026-08-26 14:34:35"}
{"level":"info","message":"[STEP PASSED] Click place order button","service":"playwright-e2e","timestamp":"2026-08-26 14:34:36"}
{"level":"info","message":"[STEP PASSED] Navigate to Products page","service":"playwright-e2e","timestamp":"2026-08-26 14:34:36"}
{"level":"info","message":"[STEP PASSED] Enter credit card payment details","service":"playwright-e2e","timestamp":"2026-08-26 14:34:37"}
{"level":"info","message":"[STEP START] Click Pay and Confirm Order button","service":"playwright-e2e","timestamp":"2026-08-26 14:34:37"}
{"level":"debug","message":"Clicking Pay and Confirm Order","service":"playwright-e2e","timestamp":"2026-08-26 14:34:37"}
{"level":"info","message":"[STEP PASSED] Click Pay and Confirm Order button","service":"playwright-e2e","timestamp":"2026-08-26 14:34:40"}
{"level":"info","message":"[STEP START] [BasePage] Navigating to: https://www.automationexercise.com//","service":"playwright-e2e","timestamp":"2026-08-26 14:34:43"}
{"level":"info","message":"[STEP START] [BasePage] Navigating to: https://www.automationexercise.com//","service":"playwright-e2e","timestamp":"2026-08-26 14:34:44"}
{"level":"debug","message":"[BasePage] Successfully navigated to: https://www.automationexercise.com//","service":"playwright-e2e","timestamp":"2026-08-26 14:34:48"}
{"level":"info","message":"[STEP PASSED] [BasePage] Navigating to: https://www.automationexercise.com//","service":"playwright-e2e","timestamp":"2026-08-26 14:34:48"}
{"level":"info","message":"[STEP START] Navigate to Products page","service":"playwright-e2e","timestamp":"2026-08-26 14:34:48"}
{"level":"debug","message":"Clicking Products button","service":"playwright-e2e","timestamp":"2026-08-26 14:34:48"}
{"level":"debug","message":"[BasePage] Successfully navigated to: https://www.automationexercise.com//","service":"playwright-e2e","timestamp":"2026-08-26 14:34:49"}
{"level":"info","message":"[STEP PASSED] [BasePage] Navigating to: https://www.automationexercise.com//","service":"playwright-e2e","timestamp":"2026-08-26 14:34:49"}
{"level":"info","message":"[STEP PASSED] Navigate to Products page","service":"playwright-e2e","timestamp":"2026-08-26 14:34:49"}
{"level":"info","message":"[STEP START] Navigate to Signup / Login page","service":"playwright-e2e","timestamp":"2026-08-26 14:34:49"}
{"level":"debug","message":"Clicking Signup / Login button","service":"playwright-e2e","timestamp":"2026-08-26 14:34:49"}
{"level":"info","message":"[STEP START] Search for product: \"Lace Top For Women\"","service":"playwright-e2e","timestamp":"2026-08-26 14:34:50"}
{"level":"debug","message":"Filling search input with: Lace Top For Women","service":"playwright-e2e","timestamp":"2026-08-26 14:34:50"}
{"level":"debug","message":"Clicking search submit button","service":"playwright-e2e","timestamp":"2026-08-26 14:34:51"}
{"level":"info","message":"[STEP PASSED] Navigate to Signup / Login page","service":"playwright-e2e","timestamp":"2026-08-26 14:34:51"}
{"level":"info","message":"[STEP START] New user signup: email+1787744013639+@test.com","service":"playwright-e2e","timestamp":"2026-08-26 14:34:52"}
{"level":"debug","message":"Filling name input","service":"playwright-e2e","timestamp":"2026-08-26 14:34:52"}
{"level":"debug","message":"Filling email input","service":"playwright-e2e","timestamp":"2026-08-26 14:34:52"}
{"level":"debug","message":"Clicking signup button","service":"playwright-e2e","timestamp":"2026-08-26 14:34:53"}
{"level":"info","message":"[STEP PASSED] Search for product: \"Lace Top For Women\"","service":"playwright-e2e","timestamp":"2026-08-26 14:34:53"}
{"level":"info","message":"[STEP PASSED] New user signup: email+1787744013639+@test.com","service":"playwright-e2e","timestamp":"2026-08-26 14:34:54"}
{"level":"info","message":"[STEP START] Complete registration form for: email+1787744013639+@test.com","service":"playwright-e2e","timestamp":"2026-08-26 14:34:54"}
{"level":"debug","message":"Filling user password","service":"playwright-e2e","timestamp":"2026-08-26 14:34:55"}
{"level":"debug","message":"Selecting DoB: 9/April/1990","service":"playwright-e2e","timestamp":"2026-08-26 14:34:55"}
{"level":"info","message":"[STEP START] [BasePage] Navigating to: https://www.automationexercise.com//","service":"playwright-e2e","timestamp":"2026-08-26 14:34:56"}
{"level":"debug","message":"Filling personal info: Rimas Grimas","service":"playwright-e2e","timestamp":"2026-08-26 14:34:57"}
{"level":"debug","message":"Filling address info: India","service":"playwright-e2e","timestamp":"2026-08-26 14:34:58"}
{"level":"debug","message":"[BasePage] Successfully navigated to: https://www.automationexercise.com//","service":"playwright-e2e","timestamp":"2026-08-26 14:35:00"}
{"level":"info","message":"[STEP PASSED] [BasePage] Navigating to: https://www.automationexercise.com//","service":"playwright-e2e","timestamp":"2026-08-26 14:35:00"}
{"error":{"log":["  - waiting for locator('#mobile_number')","    - locator resolved to <input value=\"\" type=\"text\" required=\"\" id=\"mobile_number\" class=\"form-control\" name=\"mobile_number\" data-qa=\"mobile_number\"/>","    - fill(\"0420012889\")","  - attempting fill action"]},"level":"error","message":"[STEP FAILED] Complete registration form for: email+1787744013639+@test.com","service":"playwright-e2e","timestamp":"2026-08-26 14:35:01"}
{"level":"info","message":"[STEP START] Subscribe to newsletter with email: email+1783927188631+@test.com","service":"playwright-e2e","timestamp":"2026-08-26 14:35:01"}
{"level":"debug","message":"Scrolling to footer","service":"playwright-e2e","timestamp":"2026-08-26 14:35:01"}
{"level":"debug","message":"Filling subscription email: email+1783927188631+@test.com","service":"playwright-e2e","timestamp":"2026-08-26 14:35:01"}
{"level":"debug","message":"Clicking subscribe button","service":"playwright-e2e","timestamp":"2026-08-26 14:35:01"}
{"level":"info","message":"[STEP PASSED] Subscribe to newsletter with email: email+1783927188631+@test.com","service":"playwright-e2e","timestamp":"2026-08-26 14:35:01"}
{"level":"info","message":"[STEP START] [BasePage] Navigating to: https://www.automationexercise.com//","service":"playwright-e2e","timestamp":"2026-08-26 14:37:15"}
{"level":"info","message":"[STEP START] [BasePage] Navigating to: https://www.automationexercise.com//","service":"playwright-e2e","timestamp":"2026-08-26 14:37:15"}
{"level":"debug","message":"[BasePage] Successfully navigated to: https://www.automationexercise.com//","service":"playwright-e2e","timestamp":"2026-08-26 14:37:19"}
{"level":"info","message":"[STEP PASSED] [BasePage] Navigating to: https://www.automationexercise.com//","service":"playwright-e2e","timestamp":"2026-08-26 14:37:19"}
{"level":"debug","message":"[BasePage] Successfully navigated to: https://www.automationexercise.com//","service":"playwright-e2e","timestamp":"2026-08-26 14:37:19"}
{"level":"info","message":"[STEP PASSED] [BasePage] Navigating to: https://www.automationexercise.com//","service":"playwright-e2e","timestamp":"2026-08-26 14:37:19"}
{"level":"info","message":"[STEP START] Navigate to Signup / Login page","service":"playwright-e2e","timestamp":"2026-08-26 14:37:19"}
{"level":"debug","message":"Clicking Signup / Login button","service":"playwright-e2e","timestamp":"2026-08-26 14:37:19"}
{"level":"info","message":"[STEP START] Navigate to Products page","service":"playwright-e2e","timestamp":"2026-08-26 14:37:20"}
{"level":"debug","message":"Clicking Products button","service":"playwright-e2e","timestamp":"2026-08-26 14:37:20"}
{"level":"info","message":"[STEP PASSED] Navigate to Signup / Login page","service":"playwright-e2e","timestamp":"2026-08-26 14:37:20"}
{"level":"info","message":"[STEP START] Login with email: email+1783927188631+@test.com","service":"playwright-e2e","timestamp":"2026-08-26 14:37:20"}
{"level":"debug","message":"Filling login credentials","service":"playwright-e2e","timestamp":"2026-08-26 14:37:20"}
{"level":"debug","message":"Clicking Login button","service":"playwright-e2e","timestamp":"2026-08-26 14:37:21"}
{"level":"info","message":"[STEP PASSED] Navigate to Products page","service":"playwright-e2e","timestamp":"2026-08-26 14:37:21"}
{"level":"info","message":"[STEP START] Search for product: \"Lace Top For Women\"","service":"playwright-e2e","timestamp":"2026-08-26 14:37:21"}
{"level":"debug","message":"Filling search input with: Lace Top For Women","service":"playwright-e2e","timestamp":"2026-08-26 14:37:21"}
{"level":"debug","message":"Clicking search submit button","service":"playwright-e2e","timestamp":"2026-08-26 14:37:22"}
{"level":"info","message":"[STEP PASSED] Login with email: email+1783927188631+@test.com","service":"playwright-e2e","timestamp":"2026-08-26 14:37:22"}
{"level":"info","message":"[STEP START] Navigate to Contact Us page","service":"playwright-e2e","timestamp":"2026-08-26 14:37:23"}
{"level":"debug","message":"Clicking Contact Us button","service":"playwright-e2e","timestamp":"2026-08-26 14:37:23"}
{"level":"info","message":"[STEP PASSED] Search for product: \"Lace Top For Women\"","service":"playwright-e2e","timestamp":"2026-08-26 14:37:23"}
{"level":"info","message":"[STEP PASSED] Navigate to Contact Us page","service":"playwright-e2e","timestamp":"2026-08-26 14:37:25"}
{"level":"info","message":"[STEP START] Submit contact form","service":"playwright-e2e","timestamp":"2026-08-26 14:37:25"}
{"level":"debug","message":"Filling contact form data","service":"playwright-e2e","timestamp":"2026-08-26 14:37:25"}
{"level":"debug","message":"Clicking submit form","service":"playwright-e2e","timestamp":"2026-08-26 14:37:26"}
{"level":"info","message":"[STEP PASSED] Submit contact form","service":"playwright-e2e","timestamp":"2026-08-26 14:37:26"}
{"level":"info","message":"[STEP START] [BasePage] Navigating to: https://www.automationexercise.com//","service":"playwright-e2e","timestamp":"2026-08-26 14:37:26"}
{"level":"debug","message":"[BasePage] Successfully navigated to: https://www.automationexercise.com//","service":"playwright-e2e","timestamp":"2026-08-26 14:37:29"}
{"level":"info","message":"[STEP PASSED] [BasePage] Navigating to: https://www.automationexercise.com//","service":"playwright-e2e","timestamp":"2026-08-26 14:37:29"}
{"level":"info","message":"[STEP START] Navigate to Signup / Login page","service":"playwright-e2e","timestamp":"2026-08-26 14:37:29"}
{"level":"debug","message":"Clicking Signup / Login button","service":"playwright-e2e","timestamp":"2026-08-26 14:37:29"}
{"level":"info","message":"[STEP PASSED] Navigate to Signup / Login page","service":"playwright-e2e","timestamp":"2026-08-26 14:37:30"}
{"level":"info","message":"[STEP START] Login with email: email+1783927188631+@test.com","service":"playwright-e2e","timestamp":"2026-08-26 14:37:30"}
{"level":"debug","message":"Filling login credentials","service":"playwright-e2e","timestamp":"2026-08-26 14:37:30"}
{"level":"debug","message":"Clicking Login button","service":"playwright-e2e","timestamp":"2026-08-26 14:37:30"}
{"level":"info","message":"[STEP PASSED] Login with email: email+1783927188631+@test.com","service":"playwright-e2e","timestamp":"2026-08-26 14:37:31"}
{"level":"info","message":"[STEP START] [BasePage] Navigating to: https://www.automationexercise.com//","service":"playwright-e2e","timestamp":"2026-08-26 14:37:33"}
{"level":"debug","message":"[BasePage] Successfully navigated to: https://www.automationexercise.com//","service":"playwright-e2e","timestamp":"2026-08-26 14:37:36"}
{"level":"info","message":"[STEP PASSED] [BasePage] Navigating to: https://www.automationexercise.com//","service":"playwright-e2e","timestamp":"2026-08-26 14:37:36"}
{"level":"info","message":"[STEP START] Navigate to Signup / Login page","service":"playwright-e2e","timestamp":"2026-08-26 14:37:37"}
{"level":"debug","message":"Clicking Signup / Login button","service":"playwright-e2e","timestamp":"2026-08-26 14:37:37"}
{"level":"info","message":"[STEP PASSED] Navigate to Signup / Login page","service":"playwright-e2e","timestamp":"2026-08-26 14:37:37"}
{"level":"info","message":"[STEP START] Login with email: fail@invaliduser.com","service":"playwright-e2e","timestamp":"2026-08-26 14:37:37"}
{"level":"debug","message":"Filling login credentials","service":"playwright-e2e","timestamp":"2026-08-26 14:37:37"}
{"level":"debug","message":"Clicking Login button","service":"playwright-e2e","timestamp":"2026-08-26 14:37:37"}
{"level":"info","message":"[STEP PASSED] Login with email: fail@invaliduser.com","service":"playwright-e2e","timestamp":"2026-08-26 14:37:38"}
{"level":"info","message":"[STEP START] [BasePage] Navigating to: https://www.automationexercise.com//","service":"playwright-e2e","timestamp":"2026-08-26 14:37:39"}
{"level":"debug","message":"[BasePage] Successfully navigated to: https://www.automationexercise.com//","service":"playwright-e2e","timestamp":"2026-08-26 14:37:42"}
{"level":"info","message":"[STEP PASSED] [BasePage] Navigating to: https://www.automationexercise.com//","service":"playwright-e2e","timestamp":"2026-08-26 14:37:42"}
{"level":"info","message":"[STEP START] Navigate to Signup / Login page","service":"playwright-e2e","timestamp":"2026-08-26 14:37:42"}
{"level":"debug","message":"Clicking Signup / Login button","service":"playwright-e2e","timestamp":"2026-08-26 14:37:42"}
{"level":"info","message":"[STEP PASSED] Navigate to Signup / Login page","service":"playwright-e2e","timestamp":"2026-08-26 14:37:42"}
{"level":"info","message":"[STEP START] Login with email: email+1783927188631+@test.com","service":"playwright-e2e","timestamp":"2026-08-26 14:37:42"}
{"level":"debug","message":"Filling login credentials","service":"playwright-e2e","timestamp":"2026-08-26 14:37:42"}
{"level":"debug","message":"Clicking Login button","service":"playwright-e2e","timestamp":"2026-08-26 14:37:43"}
{"level":"info","message":"[STEP PASSED] Login with email: email+1783927188631+@test.com","service":"playwright-e2e","timestamp":"2026-08-26 14:37:44"}
{"level":"info","message":"[STEP START] [BasePage] Navigating to: https://www.automationexercise.com//","service":"playwright-e2e","timestamp":"2026-08-26 14:37:47"}
{"level":"debug","message":"[BasePage] Successfully navigated to: https://www.automationexercise.com//","service":"playwright-e2e","timestamp":"2026-08-26 14:37:50"}
{"level":"info","message":"[STEP PASSED] [BasePage] Navigating to: https://www.automationexercise.com//","service":"playwright-e2e","timestamp":"2026-08-26 14:37:50"}
{"level":"info","message":"[STEP START] Navigate to Signup / Login page","service":"playwright-e2e","timestamp":"2026-08-26 14:37:50"}
{"level":"debug","message":"Clicking Signup / Login button","service":"playwright-e2e","timestamp":"2026-08-26 14:37:50"}
{"level":"info","message":"[STEP PASSED] Navigate to Signup / Login page","service":"playwright-e2e","timestamp":"2026-08-26 14:37:50"}
{"level":"info","message":"[STEP START] Login with email: email+1783927188631+@test.com","service":"playwright-e2e","timestamp":"2026-08-26 14:37:51"}
{"level":"debug","message":"Filling login credentials","service":"playwright-e2e","timestamp":"2026-08-26 14:37:51"}
{"level":"debug","message":"Clicking Login button","service":"playwright-e2e","timestamp":"2026-08-26 14:37:51"}
{"level":"info","message":"[STEP PASSED] Login with email: email+1783927188631+@test.com","service":"playwright-e2e","timestamp":"2026-08-26 14:37:52"}
{"level":"info","message":"[STEP START] Navigate to Products page","service":"playwright-e2e","timestamp":"2026-08-26 14:37:53"}
{"level":"debug","message":"Clicking Products button","service":"playwright-e2e","timestamp":"2026-08-26 14:37:53"}
{"level":"info","message":"[STEP PASSED] Navigate to Products page","service":"playwright-e2e","timestamp":"2026-08-26 14:37:54"}
{"level":"info","message":"[STEP START] Search for product: \"Lace Top For Women\"","service":"playwright-e2e","timestamp":"2026-08-26 14:37:55"}
{"level":"debug","message":"Filling search input with: Lace Top For Women","service":"playwright-e2e","timestamp":"2026-08-26 14:37:55"}
{"level":"debug","message":"Clicking search submit button","service":"playwright-e2e","timestamp":"2026-08-26 14:37:55"}
{"level":"info","message":"[STEP PASSED] Search for product: \"Lace Top For Women\"","service":"playwright-e2e","timestamp":"2026-08-26 14:37:56"}
{"level":"info","message":"[STEP START] Fetch cart row details for","service":"playwright-e2e","timestamp":"2026-08-26 14:37:57"}
{"level":"info","message":"[STEP PASSED] Fetch cart row details for","service":"playwright-e2e","timestamp":"2026-08-26 14:37:58"}
{"level":"info","message":"[STEP START] 'Fetch delivery address details","service":"playwright-e2e","timestamp":"2026-08-26 14:37:59"}
{"country":"India","fullAddress":"Deli Kataran 1441","fullName":"Mr. Rimas Grimas","level":"debug","message":"Fetched delivery address details","phone":"0420012889","service":"playwright-e2e","street":"Lakunu street","timestamp":"2026-08-26 14:37:59"}
{"level":"info","message":"[STEP PASSED] 'Fetch delivery address details","service":"playwright-e2e","timestamp":"2026-08-26 14:37:59"}
{"level":"info","message":"[STEP START] Click place order button","service":"playwright-e2e","timestamp":"2026-08-26 14:37:59"}
{"level":"debug","message":"Clicking Place Order button","service":"playwright-e2e","timestamp":"2026-08-26 14:37:59"}
{"level":"info","message":"[STEP START] Enter credit card payment details","service":"playwright-e2e","timestamp":"2026-08-26 14:37:59"}
{"level":"debug","message":"Filling payment form details","service":"playwright-e2e","timestamp":"2026-08-26 14:37:59"}
{"level":"info","message":"[STEP PASSED] Click place order button","service":"playwright-e2e","timestamp":"2026-08-26 14:38:00"}
{"level":"info","message":"[STEP PASSED] Enter credit card payment details","service":"playwright-e2e","timestamp":"2026-08-26 14:38:01"}
{"level":"info","message":"[STEP START] Click Pay and Confirm Order button","service":"playwright-e2e","timestamp":"2026-08-26 14:38:01"}
{"level":"debug","message":"Clicking Pay and Confirm Order","service":"playwright-e2e","timestamp":"2026-08-26 14:38:01"}
{"level":"info","message":"[STEP PASSED] Click Pay and Confirm Order button","service":"playwright-e2e","timestamp":"2026-08-26 14:38:02"}
{"level":"info","message":"[STEP START] [BasePage] Navigating to: https://www.automationexercise.com//","service":"playwright-e2e","timestamp":"2026-08-26 14:38:04"}
{"level":"debug","message":"[BasePage] Successfully navigated to: https://www.automationexercise.com//","service":"playwright-e2e","timestamp":"2026-08-26 14:38:06"}
{"level":"info","message":"[STEP PASSED] [BasePage] Navigating to: https://www.automationexercise.com//","service":"playwright-e2e","timestamp":"2026-08-26 14:38:06"}
{"level":"info","message":"[STEP START] Navigate to Products page","service":"playwright-e2e","timestamp":"2026-08-26 14:38:07"}
{"level":"debug","message":"Clicking Products button","service":"playwright-e2e","timestamp":"2026-08-26 14:38:07"}
{"level":"info","message":"[STEP PASSED] Navigate to Products page","service":"playwright-e2e","timestamp":"2026-08-26 14:38:07"}
{"level":"info","message":"[STEP START] [BasePage] Navigating to: https://www.automationexercise.com//","service":"playwright-e2e","timestamp":"2026-08-26 14:38:09"}
{"level":"debug","message":"[BasePage] Successfully navigated to: https://www.automationexercise.com//","service":"playwright-e2e","timestamp":"2026-08-26 14:38:12"}
{"level":"info","message":"[STEP PASSED] [BasePage] Navigating to: https://www.automationexercise.com//","service":"playwright-e2e","timestamp":"2026-08-26 14:38:12"}
{"level":"info","message":"[STEP START] Navigate to Products page","service":"playwright-e2e","timestamp":"2026-08-26 14:38:12"}
{"level":"debug","message":"Clicking Products button","service":"playwright-e2e","timestamp":"2026-08-26 14:38:12"}
{"level":"info","message":"[STEP PASSED] Navigate to Products page","service":"playwright-e2e","timestamp":"2026-08-26 14:38:13"}
{"level":"info","message":"[STEP START] Search for product: \"Lace Top For Women\"","service":"playwright-e2e","timestamp":"2026-08-26 14:38:13"}
{"level":"debug","message":"Filling search input with: Lace Top For Women","service":"playwright-e2e","timestamp":"2026-08-26 14:38:13"}
{"level":"debug","message":"Clicking search submit button","service":"playwright-e2e","timestamp":"2026-08-26 14:38:13"}
{"level":"info","message":"[STEP PASSED] Search for product: \"Lace Top For Women\"","service":"playwright-e2e","timestamp":"2026-08-26 14:38:14"}
{"level":"info","message":"[STEP START] [BasePage] Navigating to: https://www.automationexercise.com//","service":"playwright-e2e","timestamp":"2026-08-26 14:38:15"}
{"level":"debug","message":"[BasePage] Successfully navigated to: https://www.automationexercise.com//","service":"playwright-e2e","timestamp":"2026-08-26 14:38:19"}
{"level":"info","message":"[STEP PASSED] [BasePage] Navigating to: https://www.automationexercise.com//","service":"playwright-e2e","timestamp":"2026-08-26 14:38:19"}
{"level":"info","message":"[STEP START] Navigate to Signup / Login page","service":"playwright-e2e","timestamp":"2026-08-26 14:38:19"}
{"level":"debug","message":"Clicking Signup / Login button","service":"playwright-e2e","timestamp":"2026-08-26 14:38:19"}
{"level":"info","message":"[STEP PASSED] Navigate to Signup / Login page","service":"playwright-e2e","timestamp":"2026-08-26 14:38:19"}
{"level":"info","message":"[STEP START] New user signup: email+1787744234361+@test.com","service":"playwright-e2e","timestamp":"2026-08-26 14:38:20"}
{"level":"debug","message":"Filling name input","service":"playwright-e2e","timestamp":"2026-08-26 14:38:20"}
{"level":"debug","message":"Filling email input","service":"playwright-e2e","timestamp":"2026-08-26 14:38:20"}
{"level":"debug","message":"Clicking signup button","service":"playwright-e2e","timestamp":"2026-08-26 14:38:20"}
{"level":"info","message":"[STEP PASSED] New user signup: email+1787744234361+@test.com","service":"playwright-e2e","timestamp":"2026-08-26 14:38:25"}
{"level":"info","message":"[STEP START] Complete registration form for: email+1787744234361+@test.com","service":"playwright-e2e","timestamp":"2026-08-26 14:38:25"}
{"level":"debug","message":"Filling user password","service":"playwright-e2e","timestamp":"2026-08-26 14:38:26"}
{"level":"debug","message":"Selecting DoB: 9/April/1990","service":"playwright-e2e","timestamp":"2026-08-26 14:38:26"}
{"level":"debug","message":"Filling personal info: Rimas Grimas","service":"playwright-e2e","timestamp":"2026-08-26 14:38:27"}
{"level":"debug","message":"Filling address info: India","service":"playwright-e2e","timestamp":"2026-08-26 14:38:28"}
{"level":"debug","message":"Clicking Create Account button","service":"playwright-e2e","timestamp":"2026-08-26 14:38:29"}
{"level":"info","message":"[STEP PASSED] Complete registration form for: email+1787744234361+@test.com","service":"playwright-e2e","timestamp":"2026-08-26 14:38:31"}
{"level":"info","message":"[STEP START] [BasePage] Navigating to: https://www.automationexercise.com//","service":"playwright-e2e","timestamp":"2026-08-26 14:38:35"}
{"level":"debug","message":"[BasePage] Successfully navigated to: https://www.automationexercise.com//","service":"playwright-e2e","timestamp":"2026-08-26 14:38:38"}
{"level":"info","message":"[STEP PASSED] [BasePage] Navigating to: https://www.automationexercise.com//","service":"playwright-e2e","timestamp":"2026-08-26 14:38:38"}
{"level":"info","message":"[STEP START] Subscribe to newsletter with email: email+1783927188631+@test.com","service":"playwright-e2e","timestamp":"2026-08-26 14:38:38"}
{"level":"debug","message":"Scrolling to footer","service":"playwright-e2e","timestamp":"2026-08-26 14:38:38"}
{"level":"debug","message":"Filling subscription email: email+1783927188631+@test.com","service":"playwright-e2e","timestamp":"2026-08-26 14:38:38"}
{"level":"debug","message":"Clicking subscribe button","service":"playwright-e2e","timestamp":"2026-08-26 14:38:38"}
{"level":"info","message":"[STEP PASSED] Subscribe to newsletter with email: email+1783927188631+@test.com","service":"playwright-e2e","timestamp":"2026-08-26 14:38:39"}
{"level":"info","message":"[STEP START] [BasePage] Navigating to: https://www.automationexercise.com//","service":"playwright-e2e","timestamp":"2026-08-26 14:43:09"}
{"level":"info","message":"[STEP START] [BasePage] Navigating to: https://www.automationexercise.com//","service":"playwright-e2e","timestamp":"2026-08-26 14:43:09"}
{"level":"debug","message":"[BasePage] Successfully navigated to: https://www.automationexercise.com//","service":"playwright-e2e","timestamp":"2026-08-26 14:43:14"}
{"level":"info","message":"[STEP PASSED] [BasePage] Navigating to: https://www.automationexercise.com//","service":"playwright-e2e","timestamp":"2026-08-26 14:43:14"}
{"level":"info","message":"[STEP START] Navigate to Signup / Login page","service":"playwright-e2e","timestamp":"2026-08-26 14:43:14"}
{"level":"debug","message":"Clicking Signup / Login button","service":"playwright-e2e","timestamp":"2026-08-26 14:43:14"}
{"level":"debug","message":"[BasePage] Successfully navigated to: https://www.automationexercise.com//","service":"playwright-e2e","timestamp":"2026-08-26 14:43:14"}
{"level":"info","message":"[STEP PASSED] [BasePage] Navigating to: https://www.automationexercise.com//","service":"playwright-e2e","timestamp":"2026-08-26 14:43:14"}
{"level":"info","message":"[STEP START] Navigate to Products page","service":"playwright-e2e","timestamp":"2026-08-26 14:43:15"}
{"level":"debug","message":"Clicking Products button","service":"playwright-e2e","timestamp":"2026-08-26 14:43:15"}
{"level":"info","message":"[STEP PASSED] Navigate to Signup / Login page","service":"playwright-e2e","timestamp":"2026-08-26 14:43:16"}
{"level":"info","message":"[STEP START] Login with email: email+1783927188631+@test.com","service":"playwright-e2e","timestamp":"2026-08-26 14:43:16"}
{"level":"debug","message":"Filling login credentials","service":"playwright-e2e","timestamp":"2026-08-26 14:43:16"}
{"level":"debug","message":"Clicking Login button","service":"playwright-e2e","timestamp":"2026-08-26 14:43:17"}
{"level":"info","message":"[STEP PASSED] Navigate to Products page","service":"playwright-e2e","timestamp":"2026-08-26 14:43:18"}
{"level":"info","message":"[STEP START] Search for product: \"Lace Top For Women\"","service":"playwright-e2e","timestamp":"2026-08-26 14:43:18"}
{"level":"debug","message":"Filling search input with: Lace Top For Women","service":"playwright-e2e","timestamp":"2026-08-26 14:43:18"}
{"level":"debug","message":"Clicking search submit button","service":"playwright-e2e","timestamp":"2026-08-26 14:43:19"}
{"level":"info","message":"[STEP PASSED] Login with email: email+1783927188631+@test.com","service":"playwright-e2e","timestamp":"2026-08-26 14:43:19"}
{"level":"info","message":"[STEP START] Navigate to Contact Us page","service":"playwright-e2e","timestamp":"2026-08-26 14:43:20"}
{"level":"debug","message":"Clicking Contact Us button","service":"playwright-e2e","timestamp":"2026-08-26 14:43:20"}
{"level":"info","message":"[STEP PASSED] Search for product: \"Lace Top For Women\"","service":"playwright-e2e","timestamp":"2026-08-26 14:43:21"}
{"level":"info","message":"[STEP PASSED] Navigate to Contact Us page","service":"playwright-e2e","timestamp":"2026-08-26 14:43:22"}
{"level":"info","message":"[STEP START] Submit contact form","service":"playwright-e2e","timestamp":"2026-08-26 14:43:22"}
{"level":"debug","message":"Filling contact form data","service":"playwright-e2e","timestamp":"2026-08-26 14:43:22"}
{"level":"debug","message":"Clicking submit form","service":"playwright-e2e","timestamp":"2026-08-26 14:43:23"}
{"level":"info","message":"[STEP PASSED] Submit contact form","service":"playwright-e2e","timestamp":"2026-08-26 14:43:23"}
{"level":"info","message":"[STEP START] [BasePage] Navigating to: https://www.automationexercise.com//","service":"playwright-e2e","timestamp":"2026-08-26 14:43:25"}
{"level":"debug","message":"[BasePage] Successfully navigated to: https://www.automationexercise.com//","service":"playwright-e2e","timestamp":"2026-08-26 14:43:28"}
{"level":"info","message":"[STEP PASSED] [BasePage] Navigating to: https://www.automationexercise.com//","service":"playwright-e2e","timestamp":"2026-08-26 14:43:28"}
{"level":"info","message":"[STEP START] Navigate to Signup / Login page","service":"playwright-e2e","timestamp":"2026-08-26 14:43:28"}
{"level":"debug","message":"Clicking Signup / Login button","service":"playwright-e2e","timestamp":"2026-08-26 14:43:28"}
{"level":"info","message":"[STEP PASSED] Navigate to Signup / Login page","service":"playwright-e2e","timestamp":"2026-08-26 14:43:29"}
{"level":"info","message":"[STEP START] Login with email: email+1783927188631+@test.com","service":"playwright-e2e","timestamp":"2026-08-26 14:43:29"}
{"level":"debug","message":"Filling login credentials","service":"playwright-e2e","timestamp":"2026-08-26 14:43:29"}
{"level":"debug","message":"Clicking Login button","service":"playwright-e2e","timestamp":"2026-08-26 14:43:29"}
{"level":"info","message":"[STEP PASSED] Login with email: email+1783927188631+@test.com","service":"playwright-e2e","timestamp":"2026-08-26 14:43:30"}
{"level":"info","message":"[STEP START] [BasePage] Navigating to: https://www.automationexercise.com//","service":"playwright-e2e","timestamp":"2026-08-26 14:43:33"}
{"level":"debug","message":"[BasePage] Successfully navigated to: https://www.automationexercise.com//","service":"playwright-e2e","timestamp":"2026-08-26 14:43:36"}
{"level":"info","message":"[STEP PASSED] [BasePage] Navigating to: https://www.automationexercise.com//","service":"playwright-e2e","timestamp":"2026-08-26 14:43:36"}
{"level":"info","message":"[STEP START] Navigate to Signup / Login page","service":"playwright-e2e","timestamp":"2026-08-26 14:43:37"}
{"level":"debug","message":"Clicking Signup / Login button","service":"playwright-e2e","timestamp":"2026-08-26 14:43:37"}
{"level":"info","message":"[STEP PASSED] Navigate to Signup / Login page","service":"playwright-e2e","timestamp":"2026-08-26 14:43:37"}
{"level":"info","message":"[STEP START] Login with email: fail@invaliduser.com","service":"playwright-e2e","timestamp":"2026-08-26 14:43:37"}
{"level":"debug","message":"Filling login credentials","service":"playwright-e2e","timestamp":"2026-08-26 14:43:37"}
{"level":"debug","message":"Clicking Login button","service":"playwright-e2e","timestamp":"2026-08-26 14:43:38"}
{"level":"info","message":"[STEP PASSED] Login with email: fail@invaliduser.com","service":"playwright-e2e","timestamp":"2026-08-26 14:43:38"}
{"level":"info","message":"[STEP START] [BasePage] Navigating to: https://www.automationexercise.com//","service":"playwright-e2e","timestamp":"2026-08-26 14:43:39"}
{"level":"debug","message":"[BasePage] Successfully navigated to: https://www.automationexercise.com//","service":"playwright-e2e","timestamp":"2026-08-26 14:43:43"}
{"level":"info","message":"[STEP PASSED] [BasePage] Navigating to: https://www.automationexercise.com//","service":"playwright-e2e","timestamp":"2026-08-26 14:43:43"}
{"level":"info","message":"[STEP START] Navigate to Signup / Login page","service":"playwright-e2e","timestamp":"2026-08-26 14:43:43"}
{"level":"debug","message":"Clicking Signup / Login button","service":"playwright-e2e","timestamp":"2026-08-26 14:43:43"}
{"level":"info","message":"[STEP PASSED] Navigate to Signup / Login page","service":"playwright-e2e","timestamp":"2026-08-26 14:43:44"}
{"level":"info","message":"[STEP START] Login with email: email+1783927188631+@test.com","service":"playwright-e2e","timestamp":"2026-08-26 14:43:44"}
{"level":"debug","message":"Filling login credentials","service":"playwright-e2e","timestamp":"2026-08-26 14:43:44"}
{"level":"debug","message":"Clicking Login button","service":"playwright-e2e","timestamp":"2026-08-26 14:43:44"}
{"level":"info","message":"[STEP PASSED] Login with email: email+1783927188631+@test.com","service":"playwright-e2e","timestamp":"2026-08-26 14:43:45"}
{"level":"info","message":"[STEP START] [BasePage] Navigating to: https://www.automationexercise.com//","service":"playwright-e2e","timestamp":"2026-08-26 14:43:49"}
{"level":"debug","message":"[BasePage] Successfully navigated to: https://www.automationexercise.com//","service":"playwright-e2e","timestamp":"2026-08-26 14:43:52"}
{"level":"info","message":"[STEP PASSED] [BasePage] Navigating to: https://www.automationexercise.com//","service":"playwright-e2e","timestamp":"2026-08-26 14:43:52"}
{"level":"info","message":"[STEP START] Navigate to Signup / Login page","service":"playwright-e2e","timestamp":"2026-08-26 14:43:52"}
{"level":"debug","message":"Clicking Signup / Login button","service":"playwright-e2e","timestamp":"2026-08-26 14:43:52"}
{"level":"info","message":"[STEP PASSED] Navigate to Signup / Login page","service":"playwright-e2e","timestamp":"2026-08-26 14:43:53"}
{"level":"info","message":"[STEP START] Login with email: email+1783927188631+@test.com","service":"playwright-e2e","timestamp":"2026-08-26 14:43:53"}
{"level":"debug","message":"Filling login credentials","service":"playwright-e2e","timestamp":"2026-08-26 14:43:53"}
{"level":"debug","message":"Clicking Login button","service":"playwright-e2e","timestamp":"2026-08-26 14:43:53"}
{"level":"info","message":"[STEP PASSED] Login with email: email+1783927188631+@test.com","service":"playwright-e2e","timestamp":"2026-08-26 14:43:55"}
{"level":"info","message":"[STEP START] Navigate to Products page","service":"playwright-e2e","timestamp":"2026-08-26 14:43:55"}
{"level":"debug","message":"Clicking Products button","service":"playwright-e2e","timestamp":"2026-08-26 14:43:55"}
{"level":"info","message":"[STEP PASSED] Navigate to Products page","service":"playwright-e2e","timestamp":"2026-08-26 14:43:58"}
{"level":"info","message":"[STEP START] Search for product: \"Lace Top For Women\"","service":"playwright-e2e","timestamp":"2026-08-26 14:43:59"}
{"level":"debug","message":"Filling search input with: Lace Top For Women","service":"playwright-e2e","timestamp":"2026-08-26 14:43:59"}
{"level":"debug","message":"Clicking search submit button","service":"playwright-e2e","timestamp":"2026-08-26 14:43:59"}
{"level":"info","message":"[STEP PASSED] Search for product: \"Lace Top For Women\"","service":"playwright-e2e","timestamp":"2026-08-26 14:44:00"}
{"level":"info","message":"[STEP START] Fetch cart row details for","service":"playwright-e2e","timestamp":"2026-08-26 14:44:02"}
{"level":"info","message":"[STEP PASSED] Fetch cart row details for","service":"playwright-e2e","timestamp":"2026-08-26 14:44:02"}
{"level":"info","message":"[STEP START] 'Fetch delivery address details","service":"playwright-e2e","timestamp":"2026-08-26 14:44:03"}
{"country":"India","fullAddress":"Deli Kataran 1441","fullName":"Mr. Rimas Grimas","level":"debug","message":"Fetched delivery address details","phone":"0420012889","service":"playwright-e2e","street":"Lakunu street","timestamp":"2026-08-26 14:44:03"}
{"level":"info","message":"[STEP PASSED] 'Fetch delivery address details","service":"playwright-e2e","timestamp":"2026-08-26 14:44:03"}
{"level":"info","message":"[STEP START] Click place order button","service":"playwright-e2e","timestamp":"2026-08-26 14:44:03"}
{"level":"debug","message":"Clicking Place Order button","service":"playwright-e2e","timestamp":"2026-08-26 14:44:03"}
{"level":"info","message":"[STEP START] Enter credit card payment details","service":"playwright-e2e","timestamp":"2026-08-26 14:44:03"}
{"level":"debug","message":"Filling payment form details","service":"playwright-e2e","timestamp":"2026-08-26 14:44:03"}
{"level":"info","message":"[STEP PASSED] Click place order button","service":"playwright-e2e","timestamp":"2026-08-26 14:44:04"}
{"level":"info","message":"[STEP PASSED] Enter credit card payment details","service":"playwright-e2e","timestamp":"2026-08-26 14:44:05"}
{"level":"info","message":"[STEP START] Click Pay and Confirm Order button","service":"playwright-e2e","timestamp":"2026-08-26 14:44:05"}
{"level":"debug","message":"Clicking Pay and Confirm Order","service":"playwright-e2e","timestamp":"2026-08-26 14:44:05"}
{"level":"info","message":"[STEP PASSED] Click Pay and Confirm Order button","service":"playwright-e2e","timestamp":"2026-08-26 14:44:07"}
{"level":"info","message":"[STEP START] [BasePage] Navigating to: https://www.automationexercise.com//","service":"playwright-e2e","timestamp":"2026-08-26 14:44:08"}
{"level":"debug","message":"[BasePage] Successfully navigated to: https://www.automationexercise.com//","service":"playwright-e2e","timestamp":"2026-08-26 14:44:13"}
{"level":"info","message":"[STEP PASSED] [BasePage] Navigating to: https://www.automationexercise.com//","service":"playwright-e2e","timestamp":"2026-08-26 14:44:13"}
{"level":"info","message":"[STEP START] Navigate to Products page","service":"playwright-e2e","timestamp":"2026-08-26 14:44:13"}
{"level":"debug","message":"Clicking Products button","service":"playwright-e2e","timestamp":"2026-08-26 14:44:13"}
{"level":"info","message":"[STEP PASSED] Navigate to Products page","service":"playwright-e2e","timestamp":"2026-08-26 14:44:14"}
{"level":"info","message":"[STEP START] [BasePage] Navigating to: https://www.automationexercise.com//","service":"playwright-e2e","timestamp":"2026-08-26 14:44:18"}
{"level":"debug","message":"[BasePage] Successfully navigated to: https://www.automationexercise.com//","service":"playwright-e2e","timestamp":"2026-08-26 14:44:21"}
{"level":"info","message":"[STEP PASSED] [BasePage] Navigating to: https://www.automationexercise.com//","service":"playwright-e2e","timestamp":"2026-08-26 14:44:21"}
{"level":"info","message":"[STEP START] Navigate to Products page","service":"playwright-e2e","timestamp":"2026-08-26 14:44:22"}
{"level":"debug","message":"Clicking Products button","service":"playwright-e2e","timestamp":"2026-08-26 14:44:22"}
{"level":"info","message":"[STEP PASSED] Navigate to Products page","service":"playwright-e2e","timestamp":"2026-08-26 14:44:22"}
{"level":"info","message":"[STEP START] Search for product: \"Lace Top For Women\"","service":"playwright-e2e","timestamp":"2026-08-26 14:44:23"}
{"level":"debug","message":"Filling search input with: Lace Top For Women","service":"playwright-e2e","timestamp":"2026-08-26 14:44:23"}
{"level":"debug","message":"Clicking search submit button","service":"playwright-e2e","timestamp":"2026-08-26 14:44:23"}
{"level":"info","message":"[STEP PASSED] Search for product: \"Lace Top For Women\"","service":"playwright-e2e","timestamp":"2026-08-26 14:44:25"}
{"level":"info","message":"[STEP START] [BasePage] Navigating to: https://www.automationexercise.com//","service":"playwright-e2e","timestamp":"2026-08-26 14:44:27"}
{"level":"debug","message":"[BasePage] Successfully navigated to: https://www.automationexercise.com//","service":"playwright-e2e","timestamp":"2026-08-26 14:44:31"}
{"level":"info","message":"[STEP PASSED] [BasePage] Navigating to: https://www.automationexercise.com//","service":"playwright-e2e","timestamp":"2026-08-26 14:44:31"}
{"level":"info","message":"[STEP START] Navigate to Signup / Login page","service":"playwright-e2e","timestamp":"2026-08-26 14:44:31"}
{"level":"debug","message":"Clicking Signup / Login button","service":"playwright-e2e","timestamp":"2026-08-26 14:44:31"}
{"level":"info","message":"[STEP PASSED] Navigate to Signup / Login page","service":"playwright-e2e","timestamp":"2026-08-26 14:44:32"}
{"level":"info","message":"[STEP START] New user signup: email+1787744587896+@test.com","service":"playwright-e2e","timestamp":"2026-08-26 14:44:32"}
{"level":"debug","message":"Filling name input","service":"playwright-e2e","timestamp":"2026-08-26 14:44:32"}
{"level":"debug","message":"Filling email input","service":"playwright-e2e","timestamp":"2026-08-26 14:44:32"}
{"level":"debug","message":"Clicking signup button","service":"playwright-e2e","timestamp":"2026-08-26 14:44:32"}
{"level":"info","message":"[STEP PASSED] New user signup: email+1787744587896+@test.com","service":"playwright-e2e","timestamp":"2026-08-26 14:44:33"}
{"level":"info","message":"[STEP START] Complete registration form for: email+1787744587896+@test.com","service":"playwright-e2e","timestamp":"2026-08-26 14:44:33"}
{"level":"debug","message":"Filling user password","service":"playwright-e2e","timestamp":"2026-08-26 14:44:34"}
{"level":"debug","message":"Selecting DoB: 9/April/1990","service":"playwright-e2e","timestamp":"2026-08-26 14:44:35"}
{"level":"debug","message":"Filling personal info: Rimas Grimas","service":"playwright-e2e","timestamp":"2026-08-26 14:44:36"}
{"level":"debug","message":"Filling address info: India","service":"playwright-e2e","timestamp":"2026-08-26 14:44:37"}
{"level":"debug","message":"Clicking Create Account button","service":"playwright-e2e","timestamp":"2026-08-26 14:44:38"}
{"level":"info","message":"[STEP PASSED] Complete registration form for: email+1787744587896+@test.com","service":"playwright-e2e","timestamp":"2026-08-26 14:44:40"}
{"level":"info","message":"[STEP START] [BasePage] Navigating to: https://www.automationexercise.com//","service":"playwright-e2e","timestamp":"2026-08-26 14:44:43"}
{"level":"debug","message":"[BasePage] Successfully navigated to: https://www.automationexercise.com//","service":"playwright-e2e","timestamp":"2026-08-26 14:44:46"}
{"level":"info","message":"[STEP PASSED] [BasePage] Navigating to: https://www.automationexercise.com//","service":"playwright-e2e","timestamp":"2026-08-26 14:44:46"}
{"level":"info","message":"[STEP START] Subscribe to newsletter with email: email+1783927188631+@test.com","service":"playwright-e2e","timestamp":"2026-08-26 14:44:46"}
{"level":"debug","message":"Scrolling to footer","service":"playwright-e2e","timestamp":"2026-08-26 14:44:46"}
{"level":"debug","message":"Filling subscription email: email+1783927188631+@test.com","service":"playwright-e2e","timestamp":"2026-08-26 14:44:46"}
{"level":"debug","message":"Clicking subscribe button","service":"playwright-e2e","timestamp":"2026-08-26 14:44:47"}
{"level":"info","message":"[STEP PASSED] Subscribe to newsletter with email: email+1783927188631+@test.com","service":"playwright-e2e","timestamp":"2026-08-26 14:44:47"}
{"level":"info","message":"[STEP START] [BasePage] Navigating to: https://www.automationexercise.com//","service":"playwright-e2e","timestamp":"2026-08-26 15:49:06"}
{"level":"info","message":"[STEP START] [BasePage] Navigating to: https://www.automationexercise.com//","service":"playwright-e2e","timestamp":"2026-08-26 15:49:06"}
{"level":"debug","message":"[BasePage] Successfully navigated to: https://www.automationexercise.com//","service":"playwright-e2e","timestamp":"2026-08-26 15:49:15"}
{"level":"info","message":"[STEP PASSED] [BasePage] Navigating to: https://www.automationexercise.com//","service":"playwright-e2e","timestamp":"2026-08-26 15:49:15"}
{"level":"debug","message":"[BasePage] Successfully navigated to: https://www.automationexercise.com//","service":"playwright-e2e","timestamp":"2026-08-26 15:49:15"}
{"level":"info","message":"[STEP PASSED] [BasePage] Navigating to: https://www.automationexercise.com//","service":"playwright-e2e","timestamp":"2026-08-26 15:49:15"}
{"level":"info","message":"[STEP START] Navigate to Products page","service":"playwright-e2e","timestamp":"2026-08-26 15:49:15"}
{"level":"debug","message":"Clicking Products button","service":"playwright-e2e","timestamp":"2026-08-26 15:49:15"}
{"level":"info","message":"[STEP START] Navigate to Signup / Login page","service":"playwright-e2e","timestamp":"2026-08-26 15:49:16"}
{"level":"debug","message":"Clicking Signup / Login button","service":"playwright-e2e","timestamp":"2026-08-26 15:49:16"}
{"level":"info","message":"[STEP PASSED] Navigate to Products page","service":"playwright-e2e","timestamp":"2026-08-26 15:49:17"}
{"level":"info","message":"[STEP PASSED] Navigate to Signup / Login page","service":"playwright-e2e","timestamp":"2026-08-26 15:49:17"}
{"level":"info","message":"[STEP START] Login with email: email+1783927188631+@test.com","service":"playwright-e2e","timestamp":"2026-08-26 15:49:18"}
{"level":"debug","message":"Filling login credentials","service":"playwright-e2e","timestamp":"2026-08-26 15:49:18"}
{"level":"info","message":"[STEP START] Search for product: \"Lace Top For Women\"","service":"playwright-e2e","timestamp":"2026-08-26 15:49:18"}
{"level":"debug","message":"Filling search input with: Lace Top For Women","service":"playwright-e2e","timestamp":"2026-08-26 15:49:18"}
{"level":"debug","message":"Clicking search submit button","service":"playwright-e2e","timestamp":"2026-08-26 15:49:19"}
{"level":"debug","message":"Clicking Login button","service":"playwright-e2e","timestamp":"2026-08-26 15:49:20"}
{"level":"info","message":"[STEP PASSED] Search for product: \"Lace Top For Women\"","service":"playwright-e2e","timestamp":"2026-08-26 15:49:20"}
{"level":"info","message":"[STEP PASSED] Login with email: email+1783927188631+@test.com","service":"playwright-e2e","timestamp":"2026-08-26 15:49:22"}
{"level":"info","message":"[STEP START] Fetch cart row details for","service":"playwright-e2e","timestamp":"2026-08-26 15:49:23"}
{"level":"info","message":"[STEP START] Navigate to Contact Us page","service":"playwright-e2e","timestamp":"2026-08-26 15:49:23"}
{"level":"debug","message":"Clicking Contact Us button","service":"playwright-e2e","timestamp":"2026-08-26 15:49:23"}
{"level":"info","message":"[STEP PASSED] Fetch cart row details for","service":"playwright-e2e","timestamp":"2026-08-26 15:49:23"}
{"level":"info","message":"[STEP PASSED] Navigate to Contact Us page","service":"playwright-e2e","timestamp":"2026-08-26 15:49:25"}
{"level":"info","message":"[STEP START] Submit contact form","service":"playwright-e2e","timestamp":"2026-08-26 15:49:25"}
{"level":"debug","message":"Filling contact form data","service":"playwright-e2e","timestamp":"2026-08-26 15:49:25"}
{"level":"debug","message":"Clicking submit form","service":"playwright-e2e","timestamp":"2026-08-26 15:49:26"}
{"level":"info","message":"[STEP PASSED] Submit contact form","service":"playwright-e2e","timestamp":"2026-08-26 15:49:26"}
{"level":"info","message":"[STEP START] [BasePage] Navigating to: https://www.automationexercise.com//","service":"playwright-e2e","timestamp":"2026-08-26 15:49:29"}
{"level":"info","message":"[STEP START] [BasePage] Navigating to: https://www.automationexercise.com//","service":"playwright-e2e","timestamp":"2026-08-26 15:49:29"}
{"level":"debug","message":"[BasePage] Successfully navigated to: https://www.automationexercise.com//","service":"playwright-e2e","timestamp":"2026-08-26 15:49:33"}
{"level":"info","message":"[STEP PASSED] [BasePage] Navigating to: https://www.automationexercise.com//","service":"playwright-e2e","timestamp":"2026-08-26 15:49:33"}
{"level":"info","message":"[STEP START] Navigate to Signup / Login page","service":"playwright-e2e","timestamp":"2026-08-26 15:49:33"}
{"level":"debug","message":"Clicking Signup / Login button","service":"playwright-e2e","timestamp":"2026-08-26 15:49:33"}
{"level":"info","message":"[STEP PASSED] Navigate to Signup / Login page","service":"playwright-e2e","timestamp":"2026-08-26 15:49:34"}
{"level":"debug","message":"[BasePage] Successfully navigated to: https://www.automationexercise.com//","service":"playwright-e2e","timestamp":"2026-08-26 15:49:34"}
{"level":"info","message":"[STEP PASSED] [BasePage] Navigating to: https://www.automationexercise.com//","service":"playwright-e2e","timestamp":"2026-08-26 15:49:34"}
{"level":"info","message":"[STEP START] Login with email: fail@invaliduser.com","service":"playwright-e2e","timestamp":"2026-08-26 15:49:34"}
{"level":"debug","message":"Filling login credentials","service":"playwright-e2e","timestamp":"2026-08-26 15:49:34"}
{"level":"info","message":"[STEP START] Navigate to Signup / Login page","service":"playwright-e2e","timestamp":"2026-08-26 15:49:35"}
{"level":"debug","message":"Clicking Signup / Login button","service":"playwright-e2e","timestamp":"2026-08-26 15:49:35"}
{"level":"debug","message":"Clicking Login button","service":"playwright-e2e","timestamp":"2026-08-26 15:49:35"}
{"level":"info","message":"[STEP PASSED] Navigate to Signup / Login page","service":"playwright-e2e","timestamp":"2026-08-26 15:49:36"}
{"level":"info","message":"[STEP START] Login with email: email+1783927188631+@test.com","service":"playwright-e2e","timestamp":"2026-08-26 15:49:36"}
{"level":"debug","message":"Filling login credentials","service":"playwright-e2e","timestamp":"2026-08-26 15:49:36"}
{"level":"info","message":"[STEP PASSED] Login with email: fail@invaliduser.com","service":"playwright-e2e","timestamp":"2026-08-26 15:49:36"}
{"level":"debug","message":"Clicking Login button","service":"playwright-e2e","timestamp":"2026-08-26 15:49:36"}
{"level":"info","message":"[STEP START] [BasePage] Navigating to: https://www.automationexercise.com//","service":"playwright-e2e","timestamp":"2026-08-26 15:49:37"}
{"level":"info","message":"[STEP PASSED] Login with email: email+1783927188631+@test.com","service":"playwright-e2e","timestamp":"2026-08-26 15:49:37"}
{"level":"debug","message":"[BasePage] Successfully navigated to: https://www.automationexercise.com//","service":"playwright-e2e","timestamp":"2026-08-26 15:49:41"}
{"level":"info","message":"[STEP PASSED] [BasePage] Navigating to: https://www.automationexercise.com//","service":"playwright-e2e","timestamp":"2026-08-26 15:49:41"}
{"level":"info","message":"[STEP START] [BasePage] Navigating to: https://www.automationexercise.com//","service":"playwright-e2e","timestamp":"2026-08-26 15:49:41"}
{"level":"info","message":"[STEP START] Navigate to Signup / Login page","service":"playwright-e2e","timestamp":"2026-08-26 15:49:41"}
{"level":"debug","message":"Clicking Signup / Login button","service":"playwright-e2e","timestamp":"2026-08-26 15:49:41"}
{"level":"info","message":"[STEP PASSED] Navigate to Signup / Login page","service":"playwright-e2e","timestamp":"2026-08-26 15:49:41"}
{"level":"info","message":"[STEP START] Login with email: email+1783927188631+@test.com","service":"playwright-e2e","timestamp":"2026-08-26 15:49:41"}
{"level":"debug","message":"Filling login credentials","service":"playwright-e2e","timestamp":"2026-08-26 15:49:41"}
{"level":"debug","message":"Clicking Login button","service":"playwright-e2e","timestamp":"2026-08-26 15:49:41"}
{"level":"info","message":"[STEP PASSED] Login with email: email+1783927188631+@test.com","service":"playwright-e2e","timestamp":"2026-08-26 15:49:43"}
{"level":"debug","message":"[BasePage] Successfully navigated to: https://www.automationexercise.com//","service":"playwright-e2e","timestamp":"2026-08-26 15:49:45"}
{"level":"info","message":"[STEP PASSED] [BasePage] Navigating to: https://www.automationexercise.com//","service":"playwright-e2e","timestamp":"2026-08-26 15:49:45"}
{"level":"info","message":"[STEP START] Navigate to Signup / Login page","service":"playwright-e2e","timestamp":"2026-08-26 15:49:46"}
{"level":"debug","message":"Clicking Signup / Login button","service":"playwright-e2e","timestamp":"2026-08-26 15:49:46"}
{"level":"info","message":"[STEP PASSED] Navigate to Signup / Login page","service":"playwright-e2e","timestamp":"2026-08-26 15:49:47"}
{"level":"info","message":"[STEP START] Login with email: email+1783927188631+@test.com","service":"playwright-e2e","timestamp":"2026-08-26 15:49:48"}
{"level":"debug","message":"Filling login credentials","service":"playwright-e2e","timestamp":"2026-08-26 15:49:48"}
{"level":"debug","message":"Clicking Login button","service":"playwright-e2e","timestamp":"2026-08-26 15:49:49"}
{"level":"info","message":"[STEP START] [BasePage] Navigating to: https://www.automationexercise.com//","service":"playwright-e2e","timestamp":"2026-08-26 15:49:50"}
{"level":"info","message":"[STEP PASSED] Login with email: email+1783927188631+@test.com","service":"playwright-e2e","timestamp":"2026-08-26 15:49:50"}
{"level":"info","message":"[STEP START] Navigate to Products page","service":"playwright-e2e","timestamp":"2026-08-26 15:49:51"}
{"level":"debug","message":"Clicking Products button","service":"playwright-e2e","timestamp":"2026-08-26 15:49:51"}
{"level":"info","message":"[STEP PASSED] Navigate to Products page","service":"playwright-e2e","timestamp":"2026-08-26 15:49:53"}
{"level":"info","message":"[STEP START] Search for product: \"Lace Top For Women\"","service":"playwright-e2e","timestamp":"2026-08-26 15:49:55"}
{"level":"debug","message":"Filling search input with: Lace Top For Women","service":"playwright-e2e","timestamp":"2026-08-26 15:49:55"}
{"level":"debug","message":"Clicking search submit button","service":"playwright-e2e","timestamp":"2026-08-26 15:49:55"}
{"level":"info","message":"[STEP PASSED] Search for product: \"Lace Top For Women\"","service":"playwright-e2e","timestamp":"2026-08-26 15:49:55"}
{"level":"debug","message":"[BasePage] Successfully navigated to: https://www.automationexercise.com//","service":"playwright-e2e","timestamp":"2026-08-26 15:49:57"}
{"level":"info","message":"[STEP PASSED] [BasePage] Navigating to: https://www.automationexercise.com//","service":"playwright-e2e","timestamp":"2026-08-26 15:49:57"}
{"level":"info","message":"[STEP START] Navigate to Products page","service":"playwright-e2e","timestamp":"2026-08-26 15:49:57"}
{"level":"debug","message":"Clicking Products button","service":"playwright-e2e","timestamp":"2026-08-26 15:49:57"}
{"level":"info","message":"[STEP PASSED] Navigate to Products page","service":"playwright-e2e","timestamp":"2026-08-26 15:49:59"}
{"level":"info","message":"[STEP START] [BasePage] Navigating to: https://www.automationexercise.com//","service":"playwright-e2e","timestamp":"2026-08-26 15:50:04"}
{"level":"debug","message":"[BasePage] Successfully navigated to: https://www.automationexercise.com//","service":"playwright-e2e","timestamp":"2026-08-26 15:50:07"}
{"level":"info","message":"[STEP PASSED] [BasePage] Navigating to: https://www.automationexercise.com//","service":"playwright-e2e","timestamp":"2026-08-26 15:50:07"}
{"level":"info","message":"[STEP START] Navigate to Products page","service":"playwright-e2e","timestamp":"2026-08-26 15:50:07"}
{"level":"debug","message":"Clicking Products button","service":"playwright-e2e","timestamp":"2026-08-26 15:50:07"}
{"level":"info","message":"[STEP PASSED] Navigate to Products page","service":"playwright-e2e","timestamp":"2026-08-26 15:50:08"}
{"level":"info","message":"[STEP START] Search for product: \"Lace Top For Women\"","service":"playwright-e2e","timestamp":"2026-08-26 15:50:09"}
{"level":"debug","message":"Filling search input with: Lace Top For Women","service":"playwright-e2e","timestamp":"2026-08-26 15:50:09"}
{"level":"debug","message":"Clicking search submit button","service":"playwright-e2e","timestamp":"2026-08-26 15:50:09"}
{"level":"info","message":"[STEP PASSED] Search for product: \"Lace Top For Women\"","service":"playwright-e2e","timestamp":"2026-08-26 15:50:11"}
{"level":"info","message":"[STEP START] [BasePage] Navigating to: https://www.automationexercise.com//","service":"playwright-e2e","timestamp":"2026-08-26 15:50:14"}
{"level":"info","message":"[STEP START] [BasePage] Navigating to: https://www.automationexercise.com//","service":"playwright-e2e","timestamp":"2026-08-26 15:50:15"}
{"level":"debug","message":"[BasePage] Successfully navigated to: https://www.automationexercise.com//","service":"playwright-e2e","timestamp":"2026-08-26 15:50:19"}
{"level":"info","message":"[STEP PASSED] [BasePage] Navigating to: https://www.automationexercise.com//","service":"playwright-e2e","timestamp":"2026-08-26 15:50:19"}
{"level":"info","message":"[STEP START] Navigate to Signup / Login page","service":"playwright-e2e","timestamp":"2026-08-26 15:50:20"}
{"level":"debug","message":"Clicking Signup / Login button","service":"playwright-e2e","timestamp":"2026-08-26 15:50:20"}
{"level":"debug","message":"[BasePage] Successfully navigated to: https://www.automationexercise.com//","service":"playwright-e2e","timestamp":"2026-08-26 15:50:21"}
{"level":"info","message":"[STEP PASSED] [BasePage] Navigating to: https://www.automationexercise.com//","service":"playwright-e2e","timestamp":"2026-08-26 15:50:21"}
{"level":"info","message":"[STEP START] Subscribe to newsletter with email: email+1783927188631+@test.com","service":"playwright-e2e","timestamp":"2026-08-26 15:50:21"}
{"level":"debug","message":"Scrolling to footer","service":"playwright-e2e","timestamp":"2026-08-26 15:50:21"}
{"level":"debug","message":"Filling subscription email: email+1783927188631+@test.com","service":"playwright-e2e","timestamp":"2026-08-26 15:50:21"}
{"level":"debug","message":"Clicking subscribe button","service":"playwright-e2e","timestamp":"2026-08-26 15:50:22"}
{"level":"info","message":"[STEP PASSED] Navigate to Signup / Login page","service":"playwright-e2e","timestamp":"2026-08-26 15:50:22"}
{"level":"info","message":"[STEP PASSED] Subscribe to newsletter with email: email+1783927188631+@test.com","service":"playwright-e2e","timestamp":"2026-08-26 15:50:22"}
{"level":"info","message":"[STEP START] New user signup: email+1787748612677+@test.com","service":"playwright-e2e","timestamp":"2026-08-26 15:50:23"}
{"level":"debug","message":"Filling name input","service":"playwright-e2e","timestamp":"2026-08-26 15:50:23"}
{"level":"debug","message":"Filling email input","service":"playwright-e2e","timestamp":"2026-08-26 15:50:23"}
{"level":"debug","message":"Clicking signup button","service":"playwright-e2e","timestamp":"2026-08-26 15:50:23"}
{"level":"info","message":"[STEP PASSED] New user signup: email+1787748612677+@test.com","service":"playwright-e2e","timestamp":"2026-08-26 15:50:24"}
{"level":"info","message":"[STEP START] Complete registration form for: email+1787748612677+@test.com","service":"playwright-e2e","timestamp":"2026-08-26 15:50:24"}
{"level":"debug","message":"Filling user password","service":"playwright-e2e","timestamp":"2026-08-26 15:50:25"}
{"level":"debug","message":"Selecting DoB: 9/April/1990","service":"playwright-e2e","timestamp":"2026-08-26 15:50:26"}
{"level":"debug","message":"Filling personal info: Rimas Grimas","service":"playwright-e2e","timestamp":"2026-08-26 15:50:27"}
{"level":"debug","message":"Filling address info: India","service":"playwright-e2e","timestamp":"2026-08-26 15:50:28"}
{"level":"debug","message":"Clicking Create Account button","service":"playwright-e2e","timestamp":"2026-08-26 15:50:29"}
{"level":"info","message":"[STEP PASSED] Complete registration form for: email+1787748612677+@test.com","service":"playwright-e2e","timestamp":"2026-08-26 15:50:30"}
{"level":"info","message":"[STEP START] 'Click Continue button on Account Created page","service":"playwright-e2e","timestamp":"2026-08-26 15:50:31"}
{"level":"debug","message":"Clicking continue button","service":"playwright-e2e","timestamp":"2026-08-26 15:50:31"}
{"level":"info","message":"[STEP PASSED] 'Click Continue button on Account Created page","service":"playwright-e2e","timestamp":"2026-08-26 15:50:32"}
{"level":"info","message":"[STEP START] Delete Account","service":"playwright-e2e","timestamp":"2026-08-26 15:50:33"}
{"level":"debug","message":"Clicking Delete Account button","service":"playwright-e2e","timestamp":"2026-08-26 15:50:33"}
{"level":"info","message":"[STEP PASSED] Delete Account","service":"playwright-e2e","timestamp":"2026-08-26 15:50:34"}
{"level":"info","message":"[STEP START] [BasePage] Navigating to: https://www.automationexercise.com//","service":"playwright-e2e","timestamp":"2026-08-26 16:23:17"}
{"level":"info","message":"[STEP START] [BasePage] Navigating to: https://www.automationexercise.com//","service":"playwright-e2e","timestamp":"2026-08-26 16:23:17"}
{"level":"debug","message":"[BasePage] Successfully navigated to: https://www.automationexercise.com//","service":"playwright-e2e","timestamp":"2026-08-26 16:23:24"}
{"level":"info","message":"[STEP PASSED] [BasePage] Navigating to: https://www.automationexercise.com//","service":"playwright-e2e","timestamp":"2026-08-26 16:23:24"}
{"level":"debug","message":"[BasePage] Successfully navigated to: https://www.automationexercise.com//","service":"playwright-e2e","timestamp":"2026-08-26 16:23:24"}
{"level":"info","message":"[STEP PASSED] [BasePage] Navigating to: https://www.automationexercise.com//","service":"playwright-e2e","timestamp":"2026-08-26 16:23:24"}
{"level":"info","message":"[STEP START] Navigate to Signup / Login page","service":"playwright-e2e","timestamp":"2026-08-26 16:23:24"}
{"level":"debug","message":"Clicking Signup / Login button","service":"playwright-e2e","timestamp":"2026-08-26 16:23:24"}
{"level":"info","message":"[STEP START] Navigate to Products page","service":"playwright-e2e","timestamp":"2026-08-26 16:23:25"}
{"level":"debug","message":"Clicking Products button","service":"playwright-e2e","timestamp":"2026-08-26 16:23:25"}
{"level":"info","message":"[STEP PASSED] Navigate to Signup / Login page","service":"playwright-e2e","timestamp":"2026-08-26 16:23:25"}
{"level":"info","message":"[STEP START] Login with email: email+1783927188631+@test.com","service":"playwright-e2e","timestamp":"2026-08-26 16:23:26"}
{"level":"debug","message":"Filling login credentials","service":"playwright-e2e","timestamp":"2026-08-26 16:23:26"}
{"level":"info","message":"[STEP PASSED] Navigate to Products page","service":"playwright-e2e","timestamp":"2026-08-26 16:23:26"}
{"level":"info","message":"[STEP START] Search for product: \"Lace Top For Women\"","service":"playwright-e2e","timestamp":"2026-08-26 16:23:26"}
{"level":"debug","message":"Filling search input with: Lace Top For Women","service":"playwright-e2e","timestamp":"2026-08-26 16:23:26"}
{"level":"debug","message":"Clicking Login button","service":"playwright-e2e","timestamp":"2026-08-26 16:23:27"}
{"level":"debug","message":"Clicking search submit button","service":"playwright-e2e","timestamp":"2026-08-26 16:23:27"}
{"level":"info","message":"[STEP PASSED] Search for product: \"Lace Top For Women\"","service":"playwright-e2e","timestamp":"2026-08-26 16:23:28"}
{"level":"info","message":"[STEP PASSED] Login with email: email+1783927188631+@test.com","service":"playwright-e2e","timestamp":"2026-08-26 16:23:29"}
{"level":"info","message":"[STEP START] Navigate to Contact Us page","service":"playwright-e2e","timestamp":"2026-08-26 16:23:30"}
{"level":"debug","message":"Clicking Contact Us button","service":"playwright-e2e","timestamp":"2026-08-26 16:23:30"}
{"level":"info","message":"[STEP START] Fetch cart row details for","service":"playwright-e2e","timestamp":"2026-08-26 16:23:30"}
{"level":"info","message":"[STEP PASSED] Fetch cart row details for","service":"playwright-e2e","timestamp":"2026-08-26 16:23:31"}
{"level":"info","message":"[STEP PASSED] Navigate to Contact Us page","service":"playwright-e2e","timestamp":"2026-08-26 16:23:32"}
{"level":"info","message":"[STEP START] Submit contact form","service":"playwright-e2e","timestamp":"2026-08-26 16:23:32"}
{"level":"debug","message":"Filling contact form data","service":"playwright-e2e","timestamp":"2026-08-26 16:23:32"}
{"level":"debug","message":"Clicking submit form","service":"playwright-e2e","timestamp":"2026-08-26 16:23:33"}
{"level":"info","message":"[STEP START] [BasePage] Navigating to: https://www.automationexercise.com//","service":"playwright-e2e","timestamp":"2026-08-26 16:23:34"}
{"level":"info","message":"[STEP PASSED] Submit contact form","service":"playwright-e2e","timestamp":"2026-08-26 16:23:34"}
{"level":"debug","message":"[BasePage] Successfully navigated to: https://www.automationexercise.com//","service":"playwright-e2e","timestamp":"2026-08-26 16:23:36"}
{"level":"info","message":"[STEP PASSED] [BasePage] Navigating to: https://www.automationexercise.com//","service":"playwright-e2e","timestamp":"2026-08-26 16:23:36"}
{"level":"info","message":"[STEP START] Navigate to Signup / Login page","service":"playwright-e2e","timestamp":"2026-08-26 16:23:36"}
{"level":"debug","message":"Clicking Signup / Login button","service":"playwright-e2e","timestamp":"2026-08-26 16:23:36"}
{"level":"info","message":"[STEP PASSED] Navigate to Signup / Login page","service":"playwright-e2e","timestamp":"2026-08-26 16:23:37"}
{"level":"info","message":"[STEP START] Login with email: email+1783927188631+@test.com","service":"playwright-e2e","timestamp":"2026-08-26 16:23:37"}
{"level":"debug","message":"Filling login credentials","service":"playwright-e2e","timestamp":"2026-08-26 16:23:37"}
{"level":"debug","message":"Clicking Login button","service":"playwright-e2e","timestamp":"2026-08-26 16:23:37"}
{"level":"info","message":"[STEP PASSED] Login with email: email+1783927188631+@test.com","service":"playwright-e2e","timestamp":"2026-08-26 16:23:38"}
{"level":"info","message":"[STEP START] [BasePage] Navigating to: https://www.automationexercise.com//","service":"playwright-e2e","timestamp":"2026-08-26 16:23:40"}
{"level":"debug","message":"[BasePage] Successfully navigated to: https://www.automationexercise.com//","service":"playwright-e2e","timestamp":"2026-08-26 16:23:44"}
{"level":"info","message":"[STEP PASSED] [BasePage] Navigating to: https://www.automationexercise.com//","service":"playwright-e2e","timestamp":"2026-08-26 16:23:44"}
{"level":"info","message":"[STEP START] Navigate to Signup / Login page","service":"playwright-e2e","timestamp":"2026-08-26 16:23:44"}
{"level":"debug","message":"Clicking Signup / Login button","service":"playwright-e2e","timestamp":"2026-08-26 16:23:44"}
{"level":"info","message":"[STEP PASSED] Navigate to Signup / Login page","service":"playwright-e2e","timestamp":"2026-08-26 16:23:45"}
{"level":"info","message":"[STEP START] Login with email: fail@invaliduser.com","service":"playwright-e2e","timestamp":"2026-08-26 16:23:45"}
{"level":"debug","message":"Filling login credentials","service":"playwright-e2e","timestamp":"2026-08-26 16:23:45"}
{"level":"debug","message":"Clicking Login button","service":"playwright-e2e","timestamp":"2026-08-26 16:23:45"}
{"level":"info","message":"[STEP PASSED] Login with email: fail@invaliduser.com","service":"playwright-e2e","timestamp":"2026-08-26 16:23:46"}
{"level":"info","message":"[STEP START] [BasePage] Navigating to: https://www.automationexercise.com//","service":"playwright-e2e","timestamp":"2026-08-26 16:23:47"}
{"level":"info","message":"[STEP START] [BasePage] Navigating to: https://www.automationexercise.com//","service":"playwright-e2e","timestamp":"2026-08-26 16:23:49"}
{"level":"debug","message":"[BasePage] Successfully navigated to: https://www.automationexercise.com//","service":"playwright-e2e","timestamp":"2026-08-26 16:23:51"}
{"level":"info","message":"[STEP PASSED] [BasePage] Navigating to: https://www.automationexercise.com//","service":"playwright-e2e","timestamp":"2026-08-26 16:23:51"}
{"level":"info","message":"[STEP START] Navigate to Signup / Login page","service":"playwright-e2e","timestamp":"2026-08-26 16:23:52"}
{"level":"debug","message":"Clicking Signup / Login button","service":"playwright-e2e","timestamp":"2026-08-26 16:23:52"}
{"level":"info","message":"[STEP PASSED] Navigate to Signup / Login page","service":"playwright-e2e","timestamp":"2026-08-26 16:23:54"}
{"level":"debug","message":"[BasePage] Successfully navigated to: https://www.automationexercise.com//","service":"playwright-e2e","timestamp":"2026-08-26 16:23:54"}
{"level":"info","message":"[STEP PASSED] [BasePage] Navigating to: https://www.automationexercise.com//","service":"playwright-e2e","timestamp":"2026-08-26 16:23:54"}
{"level":"info","message":"[STEP START] Navigate to Signup / Login page","service":"playwright-e2e","timestamp":"2026-08-26 16:23:54"}
{"level":"debug","message":"Clicking Signup / Login button","service":"playwright-e2e","timestamp":"2026-08-26 16:23:54"}
{"level":"info","message":"[STEP START] Login with email: email+1783927188631+@test.com","service":"playwright-e2e","timestamp":"2026-08-26 16:23:54"}
{"level":"debug","message":"Filling login credentials","service":"playwright-e2e","timestamp":"2026-08-26 16:23:54"}
{"level":"info","message":"[STEP PASSED] Navigate to Signup / Login page","service":"playwright-e2e","timestamp":"2026-08-26 16:23:55"}
{"level":"info","message":"[STEP START] Login with email: email+1783927188631+@test.com","service":"playwright-e2e","timestamp":"2026-08-26 16:23:55"}
{"level":"debug","message":"Filling login credentials","service":"playwright-e2e","timestamp":"2026-08-26 16:23:55"}
{"level":"debug","message":"Clicking Login button","service":"playwright-e2e","timestamp":"2026-08-26 16:23:55"}
{"level":"debug","message":"Clicking Login button","service":"playwright-e2e","timestamp":"2026-08-26 16:23:56"}
{"level":"info","message":"[STEP PASSED] Login with email: email+1783927188631+@test.com","service":"playwright-e2e","timestamp":"2026-08-26 16:23:57"}
{"level":"info","message":"[STEP PASSED] Login with email: email+1783927188631+@test.com","service":"playwright-e2e","timestamp":"2026-08-26 16:23:57"}
{"level":"info","message":"[STEP START] Navigate to Products page","service":"playwright-e2e","timestamp":"2026-08-26 16:23:59"}
{"level":"debug","message":"Clicking Products button","service":"playwright-e2e","timestamp":"2026-08-26 16:23:59"}
{"level":"info","message":"[STEP PASSED] Navigate to Products page","service":"playwright-e2e","timestamp":"2026-08-26 16:24:02"}
{"level":"info","message":"[STEP START] Search for product: \"Lace Top For Women\"","service":"playwright-e2e","timestamp":"2026-08-26 16:24:03"}
{"level":"debug","message":"Filling search input with: Lace Top For Women","service":"playwright-e2e","timestamp":"2026-08-26 16:24:03"}
{"level":"debug","message":"Clicking search submit button","service":"playwright-e2e","timestamp":"2026-08-26 16:24:04"}
{"level":"info","message":"[STEP PASSED] Search for product: \"Lace Top For Women\"","service":"playwright-e2e","timestamp":"2026-08-26 16:24:05"}
{"level":"info","message":"[STEP START] [BasePage] Navigating to: https://www.automationexercise.com//","service":"playwright-e2e","timestamp":"2026-08-26 16:24:07"}
{"level":"info","message":"[STEP START] Fetch cart row details for","service":"playwright-e2e","timestamp":"2026-08-26 16:24:07"}
{"level":"info","message":"[STEP PASSED] Fetch cart row details for","service":"playwright-e2e","timestamp":"2026-08-26 16:24:08"}
{"level":"info","message":"[STEP START] 'Fetch delivery address details","service":"playwright-e2e","timestamp":"2026-08-26 16:24:10"}
{"country":"India","fullAddress":"Deli Kataran 1441","fullName":"Mr. Rimas Grimas","level":"debug","message":"Fetched delivery address details","phone":"0420012889","service":"playwright-e2e","street":"Lakunu street","timestamp":"2026-08-26 16:24:10"}
{"level":"info","message":"[STEP PASSED] 'Fetch delivery address details","service":"playwright-e2e","timestamp":"2026-08-26 16:24:10"}
{"level":"info","message":"[STEP START] Click place order button","service":"playwright-e2e","timestamp":"2026-08-26 16:24:10"}
{"level":"debug","message":"Clicking Place Order button","service":"playwright-e2e","timestamp":"2026-08-26 16:24:10"}
{"level":"info","message":"[STEP START] Enter credit card payment details","service":"playwright-e2e","timestamp":"2026-08-26 16:24:10"}
{"level":"debug","message":"Filling payment form details","service":"playwright-e2e","timestamp":"2026-08-26 16:24:10"}
{"level":"info","message":"[STEP PASSED] Click place order button","service":"playwright-e2e","timestamp":"2026-08-26 16:24:12"}
{"level":"debug","message":"[BasePage] Successfully navigated to: https://www.automationexercise.com//","service":"playwright-e2e","timestamp":"2026-08-26 16:24:12"}
{"level":"info","message":"[STEP PASSED] [BasePage] Navigating to: https://www.automationexercise.com//","service":"playwright-e2e","timestamp":"2026-08-26 16:24:12"}
{"level":"info","message":"[STEP START] Navigate to Products page","service":"playwright-e2e","timestamp":"2026-08-26 16:24:13"}
{"level":"debug","message":"Clicking Products button","service":"playwright-e2e","timestamp":"2026-08-26 16:24:13"}
{"level":"info","message":"[STEP PASSED] Enter credit card payment details","service":"playwright-e2e","timestamp":"2026-08-26 16:24:13"}
{"level":"info","message":"[STEP START] Click Pay and Confirm Order button","service":"playwright-e2e","timestamp":"2026-08-26 16:24:13"}
{"level":"debug","message":"Clicking Pay and Confirm Order","service":"playwright-e2e","timestamp":"2026-08-26 16:24:13"}
{"level":"info","message":"[STEP PASSED] Navigate to Products page","service":"playwright-e2e","timestamp":"2026-08-26 16:24:14"}
{"level":"info","message":"[STEP PASSED] Click Pay and Confirm Order button","service":"playwright-e2e","timestamp":"2026-08-26 16:24:16"}
{"level":"info","message":"[STEP START] [BasePage] Navigating to: https://www.automationexercise.com//","service":"playwright-e2e","timestamp":"2026-08-26 16:24:20"}
{"level":"info","message":"[STEP START] [BasePage] Navigating to: https://www.automationexercise.com//","service":"playwright-e2e","timestamp":"2026-08-26 16:24:21"}
{"level":"debug","message":"[BasePage] Successfully navigated to: https://www.automationexercise.com//","service":"playwright-e2e","timestamp":"2026-08-26 16:24:26"}
{"level":"info","message":"[STEP PASSED] [BasePage] Navigating to: https://www.automationexercise.com//","service":"playwright-e2e","timestamp":"2026-08-26 16:24:26"}
{"level":"info","message":"[STEP START] Navigate to Products page","service":"playwright-e2e","timestamp":"2026-08-26 16:24:27"}
{"level":"debug","message":"Clicking Products button","service":"playwright-e2e","timestamp":"2026-08-26 16:24:27"}
{"level":"debug","message":"[BasePage] Successfully navigated to: https://www.automationexercise.com//","service":"playwright-e2e","timestamp":"2026-08-26 16:24:27"}
{"level":"info","message":"[STEP PASSED] [BasePage] Navigating to: https://www.automationexercise.com//","service":"playwright-e2e","timestamp":"2026-08-26 16:24:27"}
{"level":"info","message":"[STEP START] Navigate to Signup / Login page","service":"playwright-e2e","timestamp":"2026-08-26 16:24:27"}
{"level":"debug","message":"Clicking Signup / Login button","service":"playwright-e2e","timestamp":"2026-08-26 16:24:27"}
{"level":"info","message":"[STEP PASSED] Navigate to Products page","service":"playwright-e2e","timestamp":"2026-08-26 16:24:28"}
{"level":"info","message":"[STEP PASSED] Navigate to Signup / Login page","service":"playwright-e2e","timestamp":"2026-08-26 16:24:29"}
{"level":"info","message":"[STEP START] Search for product: \"Lace Top For Women\"","service":"playwright-e2e","timestamp":"2026-08-26 16:24:29"}
{"level":"debug","message":"Filling search input with: Lace Top For Women","service":"playwright-e2e","timestamp":"2026-08-26 16:24:29"}
{"level":"debug","message":"Clicking search submit button","service":"playwright-e2e","timestamp":"2026-08-26 16:24:29"}
{"level":"info","message":"[STEP START] New user signup: email+1787750595705+@test.com","service":"playwright-e2e","timestamp":"2026-08-26 16:24:29"}
{"level":"debug","message":"Filling name input","service":"playwright-e2e","timestamp":"2026-08-26 16:24:29"}
{"level":"debug","message":"Filling email input","service":"playwright-e2e","timestamp":"2026-08-26 16:24:30"}
{"level":"debug","message":"Clicking signup button","service":"playwright-e2e","timestamp":"2026-08-26 16:24:30"}
{"level":"info","message":"[STEP PASSED] Search for product: \"Lace Top For Women\"","service":"playwright-e2e","timestamp":"2026-08-26 16:24:31"}
{"level":"info","message":"[STEP PASSED] New user signup: email+1787750595705+@test.com","service":"playwright-e2e","timestamp":"2026-08-26 16:24:31"}
{"level":"info","message":"[STEP START] Complete registration form for: email+1787750595705+@test.com","service":"playwright-e2e","timestamp":"2026-08-26 16:24:32"}
{"level":"debug","message":"Filling user password","service":"playwright-e2e","timestamp":"2026-08-26 16:24:32"}
{"level":"debug","message":"Selecting DoB: 9/April/1990","service":"playwright-e2e","timestamp":"2026-08-26 16:24:33"}
{"level":"debug","message":"Filling personal info: Rimas Grimas","service":"playwright-e2e","timestamp":"2026-08-26 16:24:34"}
{"level":"info","message":"[STEP START] [BasePage] Navigating to: https://www.automationexercise.com//","service":"playwright-e2e","timestamp":"2026-08-26 16:24:35"}
{"level":"debug","message":"Filling address info: India","service":"playwright-e2e","timestamp":"2026-08-26 16:24:35"}
{"level":"debug","message":"Clicking Create Account button","service":"playwright-e2e","timestamp":"2026-08-26 16:24:37"}
{"level":"info","message":"[STEP PASSED] Complete registration form for: email+1787750595705+@test.com","service":"playwright-e2e","timestamp":"2026-08-26 16:24:39"}
{"level":"debug","message":"[BasePage] Successfully navigated to: https://www.automationexercise.com//","service":"playwright-e2e","timestamp":"2026-08-26 16:24:40"}
{"level":"info","message":"[STEP START] 'Click Continue button on Account Created page","service":"playwright-e2e","timestamp":"2026-08-26 16:24:40"}
{"level":"info","message":"[STEP PASSED] [BasePage] Navigating to: https://www.automationexercise.com//","service":"playwright-e2e","timestamp":"2026-08-26 16:24:40"}
{"level":"debug","message":"Clicking continue button","service":"playwright-e2e","timestamp":"2026-08-26 16:24:40"}
{"level":"info","message":"[STEP START] Subscribe to newsletter with email: email+1783927188631+@test.com","service":"playwright-e2e","timestamp":"2026-08-26 16:24:40"}
{"level":"debug","message":"Scrolling to footer","service":"playwright-e2e","timestamp":"2026-08-26 16:24:40"}
{"level":"debug","message":"Filling subscription email: email+1783927188631+@test.com","service":"playwright-e2e","timestamp":"2026-08-26 16:24:40"}
{"level":"debug","message":"Clicking subscribe button","service":"playwright-e2e","timestamp":"2026-08-26 16:24:41"}
{"level":"info","message":"[STEP PASSED] Subscribe to newsletter with email: email+1783927188631+@test.com","service":"playwright-e2e","timestamp":"2026-08-26 16:24:41"}
{"level":"info","message":"[STEP PASSED] 'Click Continue button on Account Created page","service":"playwright-e2e","timestamp":"2026-08-26 16:24:41"}
{"level":"info","message":"[STEP START] Delete Account","service":"playwright-e2e","timestamp":"2026-08-26 16:24:42"}
{"level":"debug","message":"Clicking Delete Account button","service":"playwright-e2e","timestamp":"2026-08-26 16:24:42"}
{"level":"info","message":"[STEP PASSED] Delete Account","service":"playwright-e2e","timestamp":"2026-08-26 16:24:45"}
{"level":"info","message":"[STEP START] [BasePage] Navigating to: https://www.automationexercise.com//","service":"playwright-e2e","timestamp":"2026-08-26 16:26:46"}
{"level":"info","message":"[STEP START] [BasePage] Navigating to: https://www.automationexercise.com//","service":"playwright-e2e","timestamp":"2026-08-26 16:26:46"}
{"level":"debug","message":"[BasePage] Successfully navigated to: https://www.automationexercise.com//","service":"playwright-e2e","timestamp":"2026-08-26 16:26:50"}
{"level":"info","message":"[STEP PASSED] [BasePage] Navigating to: https://www.automationexercise.com//","service":"playwright-e2e","timestamp":"2026-08-26 16:26:50"}
{"level":"info","message":"[STEP START] Navigate to Signup / Login page","service":"playwright-e2e","timestamp":"2026-08-26 16:26:51"}
{"level":"debug","message":"Clicking Signup / Login button","service":"playwright-e2e","timestamp":"2026-08-26 16:26:51"}
{"level":"debug","message":"[BasePage] Successfully navigated to: https://www.automationexercise.com//","service":"playwright-e2e","timestamp":"2026-08-26 16:26:51"}
{"level":"info","message":"[STEP PASSED] [BasePage] Navigating to: https://www.automationexercise.com//","service":"playwright-e2e","timestamp":"2026-08-26 16:26:51"}
{"level":"info","message":"[STEP START] Navigate to Products page","service":"playwright-e2e","timestamp":"2026-08-26 16:26:51"}
{"level":"debug","message":"Clicking Products button","service":"playwright-e2e","timestamp":"2026-08-26 16:26:51"}
{"level":"info","message":"[STEP PASSED] Navigate to Signup / Login page","service":"playwright-e2e","timestamp":"2026-08-26 16:26:52"}
{"level":"info","message":"[STEP START] Login with email: email+1783927188631+@test.com","service":"playwright-e2e","timestamp":"2026-08-26 16:26:52"}
{"level":"debug","message":"Filling login credentials","service":"playwright-e2e","timestamp":"2026-08-26 16:26:52"}
{"level":"info","message":"[STEP PASSED] Navigate to Products page","service":"playwright-e2e","timestamp":"2026-08-26 16:26:53"}
{"level":"debug","message":"Clicking Login button","service":"playwright-e2e","timestamp":"2026-08-26 16:26:53"}
{"level":"info","message":"[STEP START] Search for product: \"Lace Top For Women\"","service":"playwright-e2e","timestamp":"2026-08-26 16:26:53"}
{"level":"debug","message":"Filling search input with: Lace Top For Women","service":"playwright-e2e","timestamp":"2026-08-26 16:26:53"}
{"level":"debug","message":"Clicking search submit button","service":"playwright-e2e","timestamp":"2026-08-26 16:26:54"}
{"level":"info","message":"[STEP PASSED] Login with email: email+1783927188631+@test.com","service":"playwright-e2e","timestamp":"2026-08-26 16:26:54"}
{"level":"info","message":"[STEP PASSED] Search for product: \"Lace Top For Women\"","service":"playwright-e2e","timestamp":"2026-08-26 16:26:55"}
{"level":"info","message":"[STEP START] Navigate to Contact Us page","service":"playwright-e2e","timestamp":"2026-08-26 16:26:56"}
{"level":"debug","message":"Clicking Contact Us button","service":"playwright-e2e","timestamp":"2026-08-26 16:26:56"}
{"level":"info","message":"[STEP PASSED] Navigate to Contact Us page","service":"playwright-e2e","timestamp":"2026-08-26 16:26:58"}
{"level":"info","message":"[STEP START] Submit contact form","service":"playwright-e2e","timestamp":"2026-08-26 16:26:58"}
{"level":"debug","message":"Filling contact form data","service":"playwright-e2e","timestamp":"2026-08-26 16:26:58"}
{"level":"debug","message":"Clicking submit form","service":"playwright-e2e","timestamp":"2026-08-26 16:26:59"}
{"level":"info","message":"[STEP PASSED] Submit contact form","service":"playwright-e2e","timestamp":"2026-08-26 16:26:59"}
{"level":"info","message":"[STEP START] [BasePage] Navigating to: https://www.automationexercise.com//","service":"playwright-e2e","timestamp":"2026-08-26 16:27:01"}
{"level":"debug","message":"[BasePage] Successfully navigated to: https://www.automationexercise.com//","service":"playwright-e2e","timestamp":"2026-08-26 16:27:04"}
{"level":"info","message":"[STEP PASSED] [BasePage] Navigating to: https://www.automationexercise.com//","service":"playwright-e2e","timestamp":"2026-08-26 16:27:04"}
{"level":"info","message":"[STEP START] Navigate to Signup / Login page","service":"playwright-e2e","timestamp":"2026-08-26 16:27:05"}
{"level":"debug","message":"Clicking Signup / Login button","service":"playwright-e2e","timestamp":"2026-08-26 16:27:05"}
{"level":"info","message":"[STEP PASSED] Navigate to Signup / Login page","service":"playwright-e2e","timestamp":"2026-08-26 16:27:05"}
{"level":"info","message":"[STEP START] Login with email: email+1783927188631+@test.com","service":"playwright-e2e","timestamp":"2026-08-26 16:27:05"}
{"level":"debug","message":"Filling login credentials","service":"playwright-e2e","timestamp":"2026-08-26 16:27:05"}
{"level":"debug","message":"Clicking Login button","service":"playwright-e2e","timestamp":"2026-08-26 16:27:06"}
{"level":"info","message":"[STEP PASSED] Login with email: email+1783927188631+@test.com","service":"playwright-e2e","timestamp":"2026-08-26 16:27:07"}
{"level":"info","message":"[STEP START] [BasePage] Navigating to: https://www.automationexercise.com//","service":"playwright-e2e","timestamp":"2026-08-26 16:27:09"}
{"level":"debug","message":"[BasePage] Successfully navigated to: https://www.automationexercise.com//","service":"playwright-e2e","timestamp":"2026-08-26 16:27:12"}
{"level":"info","message":"[STEP PASSED] [BasePage] Navigating to: https://www.automationexercise.com//","service":"playwright-e2e","timestamp":"2026-08-26 16:27:12"}
{"level":"info","message":"[STEP START] Navigate to Signup / Login page","service":"playwright-e2e","timestamp":"2026-08-26 16:27:12"}
{"level":"debug","message":"Clicking Signup / Login button","service":"playwright-e2e","timestamp":"2026-08-26 16:27:12"}
{"level":"info","message":"[STEP PASSED] Navigate to Signup / Login page","service":"playwright-e2e","timestamp":"2026-08-26 16:27:12"}
{"level":"info","message":"[STEP START] Login with email: fail@invaliduser.com","service":"playwright-e2e","timestamp":"2026-08-26 16:27:12"}
{"level":"debug","message":"Filling login credentials","service":"playwright-e2e","timestamp":"2026-08-26 16:27:12"}
{"level":"debug","message":"Clicking Login button","service":"playwright-e2e","timestamp":"2026-08-26 16:27:13"}
{"level":"info","message":"[STEP PASSED] Login with email: fail@invaliduser.com","service":"playwright-e2e","timestamp":"2026-08-26 16:27:13"}
{"level":"info","message":"[STEP START] [BasePage] Navigating to: https://www.automationexercise.com//","service":"playwright-e2e","timestamp":"2026-08-26 16:27:14"}
{"level":"debug","message":"[BasePage] Successfully navigated to: https://www.automationexercise.com//","service":"playwright-e2e","timestamp":"2026-08-26 16:27:18"}
{"level":"info","message":"[STEP PASSED] [BasePage] Navigating to: https://www.automationexercise.com//","service":"playwright-e2e","timestamp":"2026-08-26 16:27:18"}
{"level":"info","message":"[STEP START] Navigate to Signup / Login page","service":"playwright-e2e","timestamp":"2026-08-26 16:27:18"}
{"level":"debug","message":"Clicking Signup / Login button","service":"playwright-e2e","timestamp":"2026-08-26 16:27:18"}
{"level":"info","message":"[STEP PASSED] Navigate to Signup / Login page","service":"playwright-e2e","timestamp":"2026-08-26 16:27:18"}
{"level":"info","message":"[STEP START] Login with email: email+1783927188631+@test.com","service":"playwright-e2e","timestamp":"2026-08-26 16:27:19"}
{"level":"debug","message":"Filling login credentials","service":"playwright-e2e","timestamp":"2026-08-26 16:27:19"}
{"level":"debug","message":"Clicking Login button","service":"playwright-e2e","timestamp":"2026-08-26 16:27:19"}
{"level":"info","message":"[STEP PASSED] Login with email: email+1783927188631+@test.com","service":"playwright-e2e","timestamp":"2026-08-26 16:27:20"}
{"level":"info","message":"[STEP START] [BasePage] Navigating to: https://www.automationexercise.com//","service":"playwright-e2e","timestamp":"2026-08-26 16:27:23"}
{"level":"debug","message":"[BasePage] Successfully navigated to: https://www.automationexercise.com//","service":"playwright-e2e","timestamp":"2026-08-26 16:27:26"}
{"level":"info","message":"[STEP PASSED] [BasePage] Navigating to: https://www.automationexercise.com//","service":"playwright-e2e","timestamp":"2026-08-26 16:27:26"}
{"level":"info","message":"[STEP START] Navigate to Signup / Login page","service":"playwright-e2e","timestamp":"2026-08-26 16:27:27"}
{"level":"debug","message":"Clicking Signup / Login button","service":"playwright-e2e","timestamp":"2026-08-26 16:27:27"}
{"level":"info","message":"[STEP PASSED] Navigate to Signup / Login page","service":"playwright-e2e","timestamp":"2026-08-26 16:27:27"}
{"level":"info","message":"[STEP START] Login with email: email+1783927188631+@test.com","service":"playwright-e2e","timestamp":"2026-08-26 16:27:27"}
{"level":"debug","message":"Filling login credentials","service":"playwright-e2e","timestamp":"2026-08-26 16:27:27"}
{"level":"debug","message":"Clicking Login button","service":"playwright-e2e","timestamp":"2026-08-26 16:27:28"}
{"level":"info","message":"[STEP PASSED] Login with email: email+1783927188631+@test.com","service":"playwright-e2e","timestamp":"2026-08-26 16:27:28"}
{"level":"info","message":"[STEP START] Navigate to Products page","service":"playwright-e2e","timestamp":"2026-08-26 16:27:29"}
{"level":"debug","message":"Clicking Products button","service":"playwright-e2e","timestamp":"2026-08-26 16:27:29"}
{"level":"info","message":"[STEP PASSED] Navigate to Products page","service":"playwright-e2e","timestamp":"2026-08-26 16:27:31"}
{"level":"info","message":"[STEP START] Search for product: \"Lace Top For Women\"","service":"playwright-e2e","timestamp":"2026-08-26 16:27:32"}
{"level":"debug","message":"Filling search input with: Lace Top For Women","service":"playwright-e2e","timestamp":"2026-08-26 16:27:32"}
{"level":"debug","message":"Clicking search submit button","service":"playwright-e2e","timestamp":"2026-08-26 16:27:33"}
{"level":"info","message":"[STEP PASSED] Search for product: \"Lace Top For Women\"","service":"playwright-e2e","timestamp":"2026-08-26 16:27:34"}
{"level":"info","message":"[STEP START] Fetch cart row details for","service":"playwright-e2e","timestamp":"2026-08-26 16:27:36"}
{"level":"info","message":"[STEP PASSED] Fetch cart row details for","service":"playwright-e2e","timestamp":"2026-08-26 16:27:36"}
{"level":"info","message":"[STEP START] 'Fetch delivery address details","service":"playwright-e2e","timestamp":"2026-08-26 16:27:36"}
{"level":"info","message":"[STEP START] [BasePage] Navigating to: https://www.automationexercise.com//","service":"playwright-e2e","timestamp":"2026-08-26 16:27:54"}
{"level":"debug","message":"[BasePage] Successfully navigated to: https://www.automationexercise.com//","service":"playwright-e2e","timestamp":"2026-08-26 16:27:57"}
{"level":"info","message":"[STEP PASSED] [BasePage] Navigating to: https://www.automationexercise.com//","service":"playwright-e2e","timestamp":"2026-08-26 16:27:57"}
{"level":"info","message":"[STEP START] Navigate to Products page","service":"playwright-e2e","timestamp":"2026-08-26 16:27:58"}
{"level":"debug","message":"Clicking Products button","service":"playwright-e2e","timestamp":"2026-08-26 16:27:58"}
{"level":"info","message":"[STEP PASSED] Navigate to Products page","service":"playwright-e2e","timestamp":"2026-08-26 16:27:58"}
{"level":"info","message":"[STEP START] [BasePage] Navigating to: https://www.automationexercise.com//","service":"playwright-e2e","timestamp":"2026-08-26 16:28:01"}
{"level":"debug","message":"[BasePage] Successfully navigated to: https://www.automationexercise.com//","service":"playwright-e2e","timestamp":"2026-08-26 16:28:03"}
{"level":"info","message":"[STEP PASSED] [BasePage] Navigating to: https://www.automationexercise.com//","service":"playwright-e2e","timestamp":"2026-08-26 16:28:03"}
{"level":"info","message":"[STEP START] Navigate to Products page","service":"playwright-e2e","timestamp":"2026-08-26 16:28:04"}
{"level":"debug","message":"Clicking Products button","service":"playwright-e2e","timestamp":"2026-08-26 16:28:04"}
{"level":"info","message":"[STEP PASSED] Navigate to Products page","service":"playwright-e2e","timestamp":"2026-08-26 16:28:04"}
{"level":"info","message":"[STEP START] Search for product: \"Lace Top For Women\"","service":"playwright-e2e","timestamp":"2026-08-26 16:28:04"}
{"level":"debug","message":"Filling search input with: Lace Top For Women","service":"playwright-e2e","timestamp":"2026-08-26 16:28:05"}
{"level":"debug","message":"Clicking search submit button","service":"playwright-e2e","timestamp":"2026-08-26 16:28:05"}
{"level":"info","message":"[STEP PASSED] Search for product: \"Lace Top For Women\"","service":"playwright-e2e","timestamp":"2026-08-26 16:28:06"}
{"level":"info","message":"[STEP START] [BasePage] Navigating to: https://www.automationexercise.com//","service":"playwright-e2e","timestamp":"2026-08-26 16:28:09"}
{"level":"debug","message":"[BasePage] Successfully navigated to: https://www.automationexercise.com//","service":"playwright-e2e","timestamp":"2026-08-26 16:28:13"}
{"level":"info","message":"[STEP PASSED] [BasePage] Navigating to: https://www.automationexercise.com//","service":"playwright-e2e","timestamp":"2026-08-26 16:28:13"}
{"level":"info","message":"[STEP START] Navigate to Signup / Login page","service":"playwright-e2e","timestamp":"2026-08-26 16:28:13"}
{"level":"debug","message":"Clicking Signup / Login button","service":"playwright-e2e","timestamp":"2026-08-26 16:28:13"}
{"level":"info","message":"[STEP PASSED] Navigate to Signup / Login page","service":"playwright-e2e","timestamp":"2026-08-26 16:28:14"}
{"level":"info","message":"[STEP START] New user signup: email+1787750881194+@test.com","service":"playwright-e2e","timestamp":"2026-08-26 16:28:14"}
{"level":"debug","message":"Filling name input","service":"playwright-e2e","timestamp":"2026-08-26 16:28:14"}
{"level":"debug","message":"Filling email input","service":"playwright-e2e","timestamp":"2026-08-26 16:28:14"}
{"level":"debug","message":"Clicking signup button","service":"playwright-e2e","timestamp":"2026-08-26 16:28:14"}
{"level":"info","message":"[STEP PASSED] New user signup: email+1787750881194+@test.com","service":"playwright-e2e","timestamp":"2026-08-26 16:28:15"}
{"level":"info","message":"[STEP START] Complete registration form for: email+1787750881194+@test.com","service":"playwright-e2e","timestamp":"2026-08-26 16:28:15"}
{"level":"debug","message":"Filling user password","service":"playwright-e2e","timestamp":"2026-08-26 16:28:15"}
{"level":"debug","message":"Selecting DoB: 9/April/1990","service":"playwright-e2e","timestamp":"2026-08-26 16:28:16"}
{"level":"debug","message":"Filling personal info: Rimas Grimas","service":"playwright-e2e","timestamp":"2026-08-26 16:28:17"}
{"level":"debug","message":"Filling address info: India","service":"playwright-e2e","timestamp":"2026-08-26 16:28:17"}
{"level":"debug","message":"Clicking Create Account button","service":"playwright-e2e","timestamp":"2026-08-26 16:28:18"}
{"level":"info","message":"[STEP PASSED] Complete registration form for: email+1787750881194+@test.com","service":"playwright-e2e","timestamp":"2026-08-26 16:28:19"}
{"level":"info","message":"[STEP START] 'Click Continue button on Account Created page","service":"playwright-e2e","timestamp":"2026-08-26 16:28:20"}
{"level":"debug","message":"Clicking continue button","service":"playwright-e2e","timestamp":"2026-08-26 16:28:20"}
{"level":"info","message":"[STEP PASSED] 'Click Continue button on Account Created page","service":"playwright-e2e","timestamp":"2026-08-26 16:28:20"}
{"level":"info","message":"[STEP START] Delete Account","service":"playwright-e2e","timestamp":"2026-08-26 16:28:20"}
{"level":"debug","message":"Clicking Delete Account button","service":"playwright-e2e","timestamp":"2026-08-26 16:28:21"}
{"level":"info","message":"[STEP PASSED] Delete Account","service":"playwright-e2e","timestamp":"2026-08-26 16:28:24"}
{"level":"info","message":"[STEP START] [BasePage] Navigating to: https://www.automationexercise.com//","service":"playwright-e2e","timestamp":"2026-08-26 16:28:27"}
{"level":"debug","message":"[BasePage] Successfully navigated to: https://www.automationexercise.com//","service":"playwright-e2e","timestamp":"2026-08-26 16:28:31"}
{"level":"info","message":"[STEP PASSED] [BasePage] Navigating to: https://www.automationexercise.com//","service":"playwright-e2e","timestamp":"2026-08-26 16:28:31"}
{"level":"info","message":"[STEP START] Subscribe to newsletter with email: email+1783927188631+@test.com","service":"playwright-e2e","timestamp":"2026-08-26 16:28:31"}
{"level":"debug","message":"Scrolling to footer","service":"playwright-e2e","timestamp":"2026-08-26 16:28:31"}
{"level":"debug","message":"Filling subscription email: email+1783927188631+@test.com","service":"playwright-e2e","timestamp":"2026-08-26 16:28:31"}
{"level":"debug","message":"Clicking subscribe button","service":"playwright-e2e","timestamp":"2026-08-26 16:28:31"}
{"level":"info","message":"[STEP PASSED] Subscribe to newsletter with email: email+1783927188631+@test.com","service":"playwright-e2e","timestamp":"2026-08-26 16:28:32"}
{"error":{"log":["  - waiting for locator('#address_delivery .address_firstname')"]},"level":"error","message":"[STEP FAILED] 'Fetch delivery address details","service":"playwright-e2e","timestamp":"2026-08-26 16:28:40"}
{"level":"info","message":"[STEP START] [BasePage] Navigating to: https://www.automationexercise.com//","service":"playwright-e2e","timestamp":"2026-08-27 09:47:45"}
{"level":"info","message":"[STEP START] [BasePage] Navigating to: https://www.automationexercise.com//","service":"playwright-e2e","timestamp":"2026-08-27 09:47:45"}
{"level":"debug","message":"[BasePage] Successfully navigated to: https://www.automationexercise.com//","service":"playwright-e2e","timestamp":"2026-08-27 09:47:54"}
{"level":"info","message":"[STEP PASSED] [BasePage] Navigating to: https://www.automationexercise.com//","service":"playwright-e2e","timestamp":"2026-08-27 09:47:54"}
{"level":"debug","message":"[BasePage] Successfully navigated to: https://www.automationexercise.com//","service":"playwright-e2e","timestamp":"2026-08-27 09:47:54"}
{"level":"info","message":"[STEP PASSED] [BasePage] Navigating to: https://www.automationexercise.com//","service":"playwright-e2e","timestamp":"2026-08-27 09:47:54"}
{"level":"info","message":"[STEP START] Navigate to Products page","service":"playwright-e2e","timestamp":"2026-08-27 09:47:55"}
{"level":"debug","message":"Clicking Products button","service":"playwright-e2e","timestamp":"2026-08-27 09:47:55"}
{"level":"info","message":"[STEP START] Navigate to Signup / Login page","service":"playwright-e2e","timestamp":"2026-08-27 09:47:55"}
{"level":"debug","message":"Clicking Signup / Login button","service":"playwright-e2e","timestamp":"2026-08-27 09:47:55"}
{"level":"info","message":"[STEP PASSED] Navigate to Products page","service":"playwright-e2e","timestamp":"2026-08-27 09:47:57"}
{"level":"info","message":"[STEP PASSED] Navigate to Signup / Login page","service":"playwright-e2e","timestamp":"2026-08-27 09:47:57"}
{"level":"info","message":"[STEP START] Login with email: email+1783927188631+@test.com","service":"playwright-e2e","timestamp":"2026-08-27 09:47:58"}
{"level":"debug","message":"Filling login credentials","service":"playwright-e2e","timestamp":"2026-08-27 09:47:58"}
{"level":"info","message":"[STEP START] Search for product: \"Lace Top For Women\"","service":"playwright-e2e","timestamp":"2026-08-27 09:47:58"}
{"level":"debug","message":"Filling search input with: Lace Top For Women","service":"playwright-e2e","timestamp":"2026-08-27 09:47:58"}
{"level":"debug","message":"Clicking Login button","service":"playwright-e2e","timestamp":"2026-08-27 09:47:59"}
{"level":"debug","message":"Clicking search submit button","service":"playwright-e2e","timestamp":"2026-08-27 09:47:59"}
{"level":"info","message":"[STEP PASSED] Search for product: \"Lace Top For Women\"","service":"playwright-e2e","timestamp":"2026-08-27 09:48:01"}
{"level":"info","message":"[STEP PASSED] Login with email: email+1783927188631+@test.com","service":"playwright-e2e","timestamp":"2026-08-27 09:48:02"}
{"level":"info","message":"[STEP START] Navigate to Contact Us page","service":"playwright-e2e","timestamp":"2026-08-27 09:48:03"}
{"level":"debug","message":"Clicking Contact Us button","service":"playwright-e2e","timestamp":"2026-08-27 09:48:03"}
{"level":"info","message":"[STEP START] Fetch cart row details for","service":"playwright-e2e","timestamp":"2026-08-27 09:48:05"}
{"level":"info","message":"[STEP PASSED] Fetch cart row details for","service":"playwright-e2e","timestamp":"2026-08-27 09:48:05"}
{"level":"info","message":"[STEP PASSED] Navigate to Contact Us page","service":"playwright-e2e","timestamp":"2026-08-27 09:48:06"}
{"level":"info","message":"[STEP START] Submit contact form","service":"playwright-e2e","timestamp":"2026-08-27 09:48:07"}
{"level":"debug","message":"Filling contact form data","service":"playwright-e2e","timestamp":"2026-08-27 09:48:07"}
{"level":"debug","message":"Clicking submit form","service":"playwright-e2e","timestamp":"2026-08-27 09:48:08"}
{"level":"info","message":"[STEP PASSED] Submit contact form","service":"playwright-e2e","timestamp":"2026-08-27 09:48:08"}
{"level":"info","message":"[STEP START] [BasePage] Navigating to: https://www.automationexercise.com//","service":"playwright-e2e","timestamp":"2026-08-27 09:48:11"}
{"level":"info","message":"[STEP START] [BasePage] Navigating to: https://www.automationexercise.com//","service":"playwright-e2e","timestamp":"2026-08-27 09:48:11"}
{"level":"debug","message":"[BasePage] Successfully navigated to: https://www.automationexercise.com//","service":"playwright-e2e","timestamp":"2026-08-27 09:48:17"}
{"level":"info","message":"[STEP PASSED] [BasePage] Navigating to: https://www.automationexercise.com//","service":"playwright-e2e","timestamp":"2026-08-27 09:48:17"}
{"level":"debug","message":"[BasePage] Successfully navigated to: https://www.automationexercise.com//","service":"playwright-e2e","timestamp":"2026-08-27 09:48:18"}
{"level":"info","message":"[STEP PASSED] [BasePage] Navigating to: https://www.automationexercise.com//","service":"playwright-e2e","timestamp":"2026-08-27 09:48:18"}
{"level":"info","message":"[STEP START] Navigate to Signup / Login page","service":"playwright-e2e","timestamp":"2026-08-27 09:48:18"}
{"level":"debug","message":"Clicking Signup / Login button","service":"playwright-e2e","timestamp":"2026-08-27 09:48:18"}
{"level":"info","message":"[STEP START] Navigate to Signup / Login page","service":"playwright-e2e","timestamp":"2026-08-27 09:48:18"}
{"level":"debug","message":"Clicking Signup / Login button","service":"playwright-e2e","timestamp":"2026-08-27 09:48:18"}
{"level":"info","message":"[STEP PASSED] Navigate to Signup / Login page","service":"playwright-e2e","timestamp":"2026-08-27 09:48:19"}
{"level":"info","message":"[STEP PASSED] Navigate to Signup / Login page","service":"playwright-e2e","timestamp":"2026-08-27 09:48:19"}
{"level":"info","message":"[STEP START] Login with email: email+1783927188631+@test.com","service":"playwright-e2e","timestamp":"2026-08-27 09:48:19"}
{"level":"debug","message":"Filling login credentials","service":"playwright-e2e","timestamp":"2026-08-27 09:48:19"}
{"level":"info","message":"[STEP START] Login with email: fail@invaliduser.com","service":"playwright-e2e","timestamp":"2026-08-27 09:48:20"}
{"level":"debug","message":"Filling login credentials","service":"playwright-e2e","timestamp":"2026-08-27 09:48:20"}
{"level":"debug","message":"Clicking Login button","service":"playwright-e2e","timestamp":"2026-08-27 09:48:20"}
{"level":"debug","message":"Clicking Login button","service":"playwright-e2e","timestamp":"2026-08-27 09:48:21"}
{"level":"info","message":"[STEP PASSED] Login with email: fail@invaliduser.com","service":"playwright-e2e","timestamp":"2026-08-27 09:48:21"}
{"level":"info","message":"[STEP PASSED] Login with email: email+1783927188631+@test.com","service":"playwright-e2e","timestamp":"2026-08-27 09:48:22"}
{"level":"info","message":"[STEP START] [BasePage] Navigating to: https://www.automationexercise.com//","service":"playwright-e2e","timestamp":"2026-08-27 09:48:25"}
{"level":"info","message":"[STEP START] [BasePage] Navigating to: https://www.automationexercise.com//","service":"playwright-e2e","timestamp":"2026-08-27 09:48:29"}
{"level":"debug","message":"[BasePage] Successfully navigated to: https://www.automationexercise.com//","service":"playwright-e2e","timestamp":"2026-08-27 09:48:29"}
{"level":"info","message":"[STEP PASSED] [BasePage] Navigating to: https://www.automationexercise.com//","service":"playwright-e2e","timestamp":"2026-08-27 09:48:29"}
{"level":"info","message":"[STEP START] Navigate to Signup / Login page","service":"playwright-e2e","timestamp":"2026-08-27 09:48:29"}
{"level":"debug","message":"Clicking Signup / Login button","service":"playwright-e2e","timestamp":"2026-08-27 09:48:29"}
{"level":"info","message":"[STEP PASSED] Navigate to Signup / Login page","service":"playwright-e2e","timestamp":"2026-08-27 09:48:30"}
{"level":"info","message":"[STEP START] Login with email: email+1783927188631+@test.com","service":"playwright-e2e","timestamp":"2026-08-27 09:48:30"}
{"level":"debug","message":"Filling login credentials","service":"playwright-e2e","timestamp":"2026-08-27 09:48:30"}
{"level":"debug","message":"Clicking Login button","service":"playwright-e2e","timestamp":"2026-08-27 09:48:31"}
{"level":"debug","message":"[BasePage] Successfully navigated to: https://www.automationexercise.com//","service":"playwright-e2e","timestamp":"2026-08-27 09:48:32"}
{"level":"info","message":"[STEP PASSED] [BasePage] Navigating to: https://www.automationexercise.com//","service":"playwright-e2e","timestamp":"2026-08-27 09:48:32"}
{"level":"info","message":"[STEP START] Navigate to Signup / Login page","service":"playwright-e2e","timestamp":"2026-08-27 09:48:32"}
{"level":"debug","message":"Clicking Signup / Login button","service":"playwright-e2e","timestamp":"2026-08-27 09:48:32"}
{"level":"info","message":"[STEP PASSED] Login with email: email+1783927188631+@test.com","service":"playwright-e2e","timestamp":"2026-08-27 09:48:33"}
{"level":"info","message":"[STEP PASSED] Navigate to Signup / Login page","service":"playwright-e2e","timestamp":"2026-08-27 09:48:34"}
{"level":"info","message":"[STEP START] Login with email: email+1783927188631+@test.com","service":"playwright-e2e","timestamp":"2026-08-27 09:48:35"}
{"level":"debug","message":"Filling login credentials","service":"playwright-e2e","timestamp":"2026-08-27 09:48:35"}
{"level":"debug","message":"Clicking Login button","service":"playwright-e2e","timestamp":"2026-08-27 09:48:36"}
{"level":"info","message":"[STEP PASSED] Login with email: email+1783927188631+@test.com","service":"playwright-e2e","timestamp":"2026-08-27 09:48:38"}
{"level":"info","message":"[STEP START] [BasePage] Navigating to: https://www.automationexercise.com//","service":"playwright-e2e","timestamp":"2026-08-27 09:48:39"}
{"level":"info","message":"[STEP START] Navigate to Products page","service":"playwright-e2e","timestamp":"2026-08-27 09:48:39"}
{"level":"debug","message":"Clicking Products button","service":"playwright-e2e","timestamp":"2026-08-27 09:48:39"}
{"level":"info","message":"[STEP PASSED] Navigate to Products page","service":"playwright-e2e","timestamp":"2026-08-27 09:48:42"}
{"level":"info","message":"[STEP START] Search for product: \"Lace Top For Women\"","service":"playwright-e2e","timestamp":"2026-08-27 09:48:43"}
{"level":"debug","message":"Filling search input with: Lace Top For Women","service":"playwright-e2e","timestamp":"2026-08-27 09:48:43"}
{"level":"debug","message":"Clicking search submit button","service":"playwright-e2e","timestamp":"2026-08-27 09:48:43"}
{"level":"debug","message":"[BasePage] Successfully navigated to: https://www.automationexercise.com//","service":"playwright-e2e","timestamp":"2026-08-27 09:48:45"}
{"level":"info","message":"[STEP PASSED] [BasePage] Navigating to: https://www.automationexercise.com//","service":"playwright-e2e","timestamp":"2026-08-27 09:48:45"}
{"level":"info","message":"[STEP PASSED] Search for product: \"Lace Top For Women\"","service":"playwright-e2e","timestamp":"2026-08-27 09:48:45"}
{"level":"info","message":"[STEP START] Navigate to Products page","service":"playwright-e2e","timestamp":"2026-08-27 09:48:46"}
{"level":"debug","message":"Clicking Products button","service":"playwright-e2e","timestamp":"2026-08-27 09:48:46"}
{"level":"info","message":"[STEP PASSED] Navigate to Products page","service":"playwright-e2e","timestamp":"2026-08-27 09:48:47"}
{"level":"info","message":"[STEP START] Fetch cart row details for","service":"playwright-e2e","timestamp":"2026-08-27 09:48:48"}
{"level":"info","message":"[STEP PASSED] Fetch cart row details for","service":"playwright-e2e","timestamp":"2026-08-27 09:48:49"}
{"level":"info","message":"[STEP START] 'Fetch delivery address details","service":"playwright-e2e","timestamp":"2026-08-27 09:48:50"}
{"level":"info","message":"[STEP START] [BasePage] Navigating to: https://www.automationexercise.com//","service":"playwright-e2e","timestamp":"2026-08-27 09:48:55"}
{"level":"debug","message":"[BasePage] Successfully navigated to: https://www.automationexercise.com//","service":"playwright-e2e","timestamp":"2026-08-27 09:48:59"}
{"level":"info","message":"[STEP PASSED] [BasePage] Navigating to: https://www.automationexercise.com//","service":"playwright-e2e","timestamp":"2026-08-27 09:48:59"}
{"level":"info","message":"[STEP START] Navigate to Products page","service":"playwright-e2e","timestamp":"2026-08-27 09:48:59"}
{"level":"debug","message":"Clicking Products button","service":"playwright-e2e","timestamp":"2026-08-27 09:48:59"}
{"level":"info","message":"[STEP PASSED] Navigate to Products page","service":"playwright-e2e","timestamp":"2026-08-27 09:49:00"}
{"level":"info","message":"[STEP START] Search for product: \"Lace Top For Women\"","service":"playwright-e2e","timestamp":"2026-08-27 09:49:01"}
{"level":"debug","message":"Filling search input with: Lace Top For Women","service":"playwright-e2e","timestamp":"2026-08-27 09:49:01"}
{"level":"debug","message":"Clicking search submit button","service":"playwright-e2e","timestamp":"2026-08-27 09:49:01"}
{"level":"info","message":"[STEP PASSED] Search for product: \"Lace Top For Women\"","service":"playwright-e2e","timestamp":"2026-08-27 09:49:02"}
{"level":"info","message":"[STEP START] [BasePage] Navigating to: https://www.automationexercise.com//","service":"playwright-e2e","timestamp":"2026-08-27 09:49:04"}
{"level":"debug","message":"[BasePage] Successfully navigated to: https://www.automationexercise.com//","service":"playwright-e2e","timestamp":"2026-08-27 09:49:07"}
{"level":"info","message":"[STEP PASSED] [BasePage] Navigating to: https://www.automationexercise.com//","service":"playwright-e2e","timestamp":"2026-08-27 09:49:07"}
{"level":"info","message":"[STEP START] Navigate to Signup / Login page","service":"playwright-e2e","timestamp":"2026-08-27 09:49:07"}
{"level":"debug","message":"Clicking Signup / Login button","service":"playwright-e2e","timestamp":"2026-08-27 09:49:07"}
{"level":"info","message":"[STEP PASSED] Navigate to Signup / Login page","service":"playwright-e2e","timestamp":"2026-08-27 09:49:07"}
{"level":"info","message":"[STEP START] New user signup: email+1787813259491+@test.com","service":"playwright-e2e","timestamp":"2026-08-27 09:49:08"}
{"level":"debug","message":"Filling name input","service":"playwright-e2e","timestamp":"2026-08-27 09:49:08"}
{"level":"debug","message":"Filling email input","service":"playwright-e2e","timestamp":"2026-08-27 09:49:08"}
{"level":"debug","message":"Clicking signup button","service":"playwright-e2e","timestamp":"2026-08-27 09:49:08"}
{"level":"info","message":"[STEP PASSED] New user signup: email+1787813259491+@test.com","service":"playwright-e2e","timestamp":"2026-08-27 09:49:08"}
{"level":"info","message":"[STEP START] Complete registration form for: email+1787813259491+@test.com","service":"playwright-e2e","timestamp":"2026-08-27 09:49:09"}
{"level":"debug","message":"Filling user password","service":"playwright-e2e","timestamp":"2026-08-27 09:49:09"}
{"level":"debug","message":"Selecting DoB: 9/April/1990","service":"playwright-e2e","timestamp":"2026-08-27 09:49:09"}
{"level":"debug","message":"Filling personal info: Rimas Grimas","service":"playwright-e2e","timestamp":"2026-08-27 09:49:10"}
{"level":"debug","message":"Filling address info: India","service":"playwright-e2e","timestamp":"2026-08-27 09:49:10"}
{"level":"debug","message":"Clicking Create Account button","service":"playwright-e2e","timestamp":"2026-08-27 09:49:11"}
{"level":"info","message":"[STEP PASSED] Complete registration form for: email+1787813259491+@test.com","service":"playwright-e2e","timestamp":"2026-08-27 09:49:12"}
{"level":"info","message":"[STEP START] 'Click Continue button on Account Created page","service":"playwright-e2e","timestamp":"2026-08-27 09:49:13"}
{"level":"debug","message":"Clicking continue button","service":"playwright-e2e","timestamp":"2026-08-27 09:49:13"}
{"level":"info","message":"[STEP PASSED] 'Click Continue button on Account Created page","service":"playwright-e2e","timestamp":"2026-08-27 09:49:13"}
{"level":"info","message":"[STEP START] Delete Account","service":"playwright-e2e","timestamp":"2026-08-27 09:49:14"}
{"level":"debug","message":"Clicking Delete Account button","service":"playwright-e2e","timestamp":"2026-08-27 09:49:14"}
{"level":"info","message":"[STEP PASSED] Delete Account","service":"playwright-e2e","timestamp":"2026-08-27 09:49:16"}
{"level":"info","message":"[STEP START] [BasePage] Navigating to: https://www.automationexercise.com//","service":"playwright-e2e","timestamp":"2026-08-27 09:49:17"}
{"level":"debug","message":"[BasePage] Successfully navigated to: https://www.automationexercise.com//","service":"playwright-e2e","timestamp":"2026-08-27 09:49:19"}
{"level":"info","message":"[STEP PASSED] [BasePage] Navigating to: https://www.automationexercise.com//","service":"playwright-e2e","timestamp":"2026-08-27 09:49:19"}
{"level":"info","message":"[STEP START] Subscribe to newsletter with email: email+1783927188631+@test.com","service":"playwright-e2e","timestamp":"2026-08-27 09:49:20"}
{"level":"debug","message":"Scrolling to footer","service":"playwright-e2e","timestamp":"2026-08-27 09:49:20"}
{"level":"debug","message":"Filling subscription email: email+1783927188631+@test.com","service":"playwright-e2e","timestamp":"2026-08-27 09:49:20"}
{"level":"debug","message":"Clicking subscribe button","service":"playwright-e2e","timestamp":"2026-08-27 09:49:20"}
{"level":"info","message":"[STEP PASSED] Subscribe to newsletter with email: email+1783927188631+@test.com","service":"playwright-e2e","timestamp":"2026-08-27 09:49:20"}
{"error":{"log":["  - waiting for locator('#address_delivery .address_firstname')"]},"level":"error","message":"[STEP FAILED] 'Fetch delivery address details","service":"playwright-e2e","timestamp":"2026-08-27 09:49:34"}
{"level":"info","message":"[STEP START] [BasePage] Navigating to: https://www.automationexercise.com//","service":"playwright-e2e","timestamp":"2026-08-27 09:52:00"}
{"level":"info","message":"[STEP START] [BasePage] Navigating to: https://www.automationexercise.com//","service":"playwright-e2e","timestamp":"2026-08-27 09:52:00"}
{"level":"debug","message":"[BasePage] Successfully navigated to: https://www.automationexercise.com//","service":"playwright-e2e","timestamp":"2026-08-27 09:52:09"}
{"level":"info","message":"[STEP PASSED] [BasePage] Navigating to: https://www.automationexercise.com//","service":"playwright-e2e","timestamp":"2026-08-27 09:52:09"}
{"level":"debug","message":"[BasePage] Successfully navigated to: https://www.automationexercise.com//","service":"playwright-e2e","timestamp":"2026-08-27 09:52:09"}
{"level":"info","message":"[STEP PASSED] [BasePage] Navigating to: https://www.automationexercise.com//","service":"playwright-e2e","timestamp":"2026-08-27 09:52:09"}
{"level":"info","message":"[STEP START] Navigate to Signup / Login page","service":"playwright-e2e","timestamp":"2026-08-27 09:52:10"}
{"level":"debug","message":"Clicking Signup / Login button","service":"playwright-e2e","timestamp":"2026-08-27 09:52:10"}
{"level":"info","message":"[STEP START] Navigate to Products page","service":"playwright-e2e","timestamp":"2026-08-27 09:52:10"}
{"level":"debug","message":"Clicking Products button","service":"playwright-e2e","timestamp":"2026-08-27 09:52:10"}
{"level":"info","message":"[STEP PASSED] Navigate to Signup / Login page","service":"playwright-e2e","timestamp":"2026-08-27 09:52:13"}
{"level":"info","message":"[STEP PASSED] Navigate to Products page","service":"playwright-e2e","timestamp":"2026-08-27 09:52:13"}
{"level":"info","message":"[STEP START] Login with email: email+1783927188631+@test.com","service":"playwright-e2e","timestamp":"2026-08-27 09:52:13"}
{"level":"debug","message":"Filling login credentials","service":"playwright-e2e","timestamp":"2026-08-27 09:52:13"}
{"level":"debug","message":"Clicking Login button","service":"playwright-e2e","timestamp":"2026-08-27 09:52:13"}
{"level":"info","message":"[STEP START] Search for product: \"Lace Top For Women\"","service":"playwright-e2e","timestamp":"2026-08-27 09:52:14"}
{"level":"debug","message":"Filling search input with: Lace Top For Women","service":"playwright-e2e","timestamp":"2026-08-27 09:52:14"}
{"level":"debug","message":"Clicking search submit button","service":"playwright-e2e","timestamp":"2026-08-27 09:52:14"}
{"level":"info","message":"[STEP PASSED] Search for product: \"Lace Top For Women\"","service":"playwright-e2e","timestamp":"2026-08-27 09:52:15"}
{"level":"info","message":"[STEP PASSED] Login with email: email+1783927188631+@test.com","service":"playwright-e2e","timestamp":"2026-08-27 09:52:15"}
{"level":"info","message":"[STEP START] Navigate to Contact Us page","service":"playwright-e2e","timestamp":"2026-08-27 09:52:16"}
{"level":"debug","message":"Clicking Contact Us button","service":"playwright-e2e","timestamp":"2026-08-27 09:52:16"}
{"level":"info","message":"[STEP START] Fetch cart row details for","service":"playwright-e2e","timestamp":"2026-08-27 09:52:20"}
{"level":"info","message":"[STEP PASSED] Navigate to Contact Us page","service":"playwright-e2e","timestamp":"2026-08-27 09:52:20"}
{"level":"info","message":"[STEP PASSED] Fetch cart row details for","service":"playwright-e2e","timestamp":"2026-08-27 09:52:21"}
{"level":"info","message":"[STEP START] Submit contact form","service":"playwright-e2e","timestamp":"2026-08-27 09:52:21"}
{"level":"debug","message":"Filling contact form data","service":"playwright-e2e","timestamp":"2026-08-27 09:52:21"}
{"level":"debug","message":"Clicking submit form","service":"playwright-e2e","timestamp":"2026-08-27 09:52:22"}
{"level":"info","message":"[STEP PASSED] Submit contact form","service":"playwright-e2e","timestamp":"2026-08-27 09:52:23"}
{"level":"info","message":"[STEP START] [BasePage] Navigating to: https://www.automationexercise.com//","service":"playwright-e2e","timestamp":"2026-08-27 09:52:27"}
{"level":"debug","message":"[BasePage] Successfully navigated to: https://www.automationexercise.com//","service":"playwright-e2e","timestamp":"2026-08-27 09:52:35"}
{"level":"info","message":"[STEP PASSED] [BasePage] Navigating to: https://www.automationexercise.com//","service":"playwright-e2e","timestamp":"2026-08-27 09:52:35"}
{"level":"info","message":"[STEP START] Navigate to Signup / Login page","service":"playwright-e2e","timestamp":"2026-08-27 09:52:35"}
{"level":"debug","message":"Clicking Signup / Login button","service":"playwright-e2e","timestamp":"2026-08-27 09:52:35"}
{"level":"info","message":"[STEP PASSED] Navigate to Signup / Login page","service":"playwright-e2e","timestamp":"2026-08-27 09:52:36"}
{"level":"info","message":"[STEP START] Login with email: email+1783927188631+@test.com","service":"playwright-e2e","timestamp":"2026-08-27 09:52:36"}
{"level":"debug","message":"Filling login credentials","service":"playwright-e2e","timestamp":"2026-08-27 09:52:36"}
{"level":"debug","message":"Clicking Login button","service":"playwright-e2e","timestamp":"2026-08-27 09:52:36"}
{"level":"info","message":"[STEP PASSED] Login with email: email+1783927188631+@test.com","service":"playwright-e2e","timestamp":"2026-08-27 09:52:37"}
{"level":"info","message":"[STEP START] [BasePage] Navigating to: https://www.automationexercise.com//","service":"playwright-e2e","timestamp":"2026-08-27 09:52:40"}
{"level":"debug","message":"[BasePage] Successfully navigated to: https://www.automationexercise.com//","service":"playwright-e2e","timestamp":"2026-08-27 09:52:43"}
{"level":"info","message":"[STEP PASSED] [BasePage] Navigating to: https://www.automationexercise.com//","service":"playwright-e2e","timestamp":"2026-08-27 09:52:43"}
{"level":"info","message":"[STEP START] Navigate to Signup / Login page","service":"playwright-e2e","timestamp":"2026-08-27 09:52:43"}
{"level":"debug","message":"Clicking Signup / Login button","service":"playwright-e2e","timestamp":"2026-08-27 09:52:43"}
{"level":"info","message":"[STEP PASSED] Navigate to Signup / Login page","service":"playwright-e2e","timestamp":"2026-08-27 09:52:43"}
{"level":"info","message":"[STEP START] Login with email: fail@invaliduser.com","service":"playwright-e2e","timestamp":"2026-08-27 09:52:44"}
{"level":"debug","message":"Filling login credentials","service":"playwright-e2e","timestamp":"2026-08-27 09:52:44"}
{"level":"debug","message":"Clicking Login button","service":"playwright-e2e","timestamp":"2026-08-27 09:52:44"}
{"level":"info","message":"[STEP PASSED] Login with email: fail@invaliduser.com","service":"playwright-e2e","timestamp":"2026-08-27 09:52:44"}
{"level":"info","message":"[STEP START] [BasePage] Navigating to: https://www.automationexercise.com//","service":"playwright-e2e","timestamp":"2026-08-27 09:52:46"}
{"level":"debug","message":"[BasePage] Successfully navigated to: https://www.automationexercise.com//","service":"playwright-e2e","timestamp":"2026-08-27 09:52:52"}
{"level":"info","message":"[STEP PASSED] [BasePage] Navigating to: https://www.automationexercise.com//","service":"playwright-e2e","timestamp":"2026-08-27 09:52:52"}
{"level":"info","message":"[STEP START] Navigate to Signup / Login page","service":"playwright-e2e","timestamp":"2026-08-27 09:52:52"}
{"level":"debug","message":"Clicking Signup / Login button","service":"playwright-e2e","timestamp":"2026-08-27 09:52:52"}
{"level":"info","message":"[STEP START] [BasePage] Navigating to: https://www.automationexercise.com//","service":"playwright-e2e","timestamp":"2026-08-27 09:52:54"}
{"level":"info","message":"[STEP PASSED] Navigate to Signup / Login page","service":"playwright-e2e","timestamp":"2026-08-27 09:52:54"}
{"level":"info","message":"[STEP START] Login with email: email+1783927188631+@test.com","service":"playwright-e2e","timestamp":"2026-08-27 09:52:54"}
{"level":"debug","message":"Filling login credentials","service":"playwright-e2e","timestamp":"2026-08-27 09:52:54"}
{"level":"debug","message":"Clicking Login button","service":"playwright-e2e","timestamp":"2026-08-27 09:52:55"}
{"level":"debug","message":"[BasePage] Successfully navigated to: https://www.automationexercise.com//","service":"playwright-e2e","timestamp":"2026-08-27 09:52:59"}
{"level":"info","message":"[STEP PASSED] [BasePage] Navigating to: https://www.automationexercise.com//","service":"playwright-e2e","timestamp":"2026-08-27 09:52:59"}
{"level":"info","message":"[STEP START] Navigate to Signup / Login page","service":"playwright-e2e","timestamp":"2026-08-27 09:53:00"}
{"level":"debug","message":"Clicking Signup / Login button","service":"playwright-e2e","timestamp":"2026-08-27 09:53:00"}
{"level":"info","message":"[STEP PASSED] Login with email: email+1783927188631+@test.com","service":"playwright-e2e","timestamp":"2026-08-27 09:53:00"}
{"level":"info","message":"[STEP START] Navigate to Products page","service":"playwright-e2e","timestamp":"2026-08-27 09:53:02"}
{"level":"debug","message":"Clicking Products button","service":"playwright-e2e","timestamp":"2026-08-27 09:53:02"}
{"level":"info","message":"[STEP PASSED] Navigate to Signup / Login page","service":"playwright-e2e","timestamp":"2026-08-27 09:53:02"}
{"level":"info","message":"[STEP START] Login with email: email+1783927188631+@test.com","service":"playwright-e2e","timestamp":"2026-08-27 09:53:03"}
{"level":"debug","message":"Filling login credentials","service":"playwright-e2e","timestamp":"2026-08-27 09:53:03"}
{"level":"debug","message":"Clicking Login button","service":"playwright-e2e","timestamp":"2026-08-27 09:53:04"}
{"level":"info","message":"[STEP PASSED] Navigate to Products page","service":"playwright-e2e","timestamp":"2026-08-27 09:53:06"}
{"level":"info","message":"[STEP PASSED] Login with email: email+1783927188631+@test.com","service":"playwright-e2e","timestamp":"2026-08-27 09:53:07"}
{"level":"info","message":"[STEP START] Search for product: \"Lace Top For Women\"","service":"playwright-e2e","timestamp":"2026-08-27 09:53:07"}
{"level":"debug","message":"Filling search input with: Lace Top For Women","service":"playwright-e2e","timestamp":"2026-08-27 09:53:07"}
{"level":"debug","message":"Clicking search submit button","service":"playwright-e2e","timestamp":"2026-08-27 09:53:07"}
{"level":"info","message":"[STEP PASSED] Search for product: \"Lace Top For Women\"","service":"playwright-e2e","timestamp":"2026-08-27 09:53:10"}
{"level":"info","message":"[STEP START] Fetch cart row details for","service":"playwright-e2e","timestamp":"2026-08-27 09:53:15"}
{"level":"info","message":"[STEP PASSED] Fetch cart row details for","service":"playwright-e2e","timestamp":"2026-08-27 09:53:16"}
{"level":"info","message":"[STEP START] 'Fetch delivery address details","service":"playwright-e2e","timestamp":"2026-08-27 09:53:18"}
{"country":"India","fullAddress":"Deli Kataran 1441","fullName":"Mr. Rimas Grimas","level":"debug","message":"Fetched delivery address details","phone":"0420012889","service":"playwright-e2e","street":"Lakunu street","timestamp":"2026-08-27 09:53:18"}
{"level":"info","message":"[STEP PASSED] 'Fetch delivery address details","service":"playwright-e2e","timestamp":"2026-08-27 09:53:18"}
{"level":"info","message":"[STEP START] Click place order button","service":"playwright-e2e","timestamp":"2026-08-27 09:53:18"}
{"level":"debug","message":"Clicking Place Order button","service":"playwright-e2e","timestamp":"2026-08-27 09:53:18"}
{"level":"info","message":"[STEP START] Enter credit card payment details","service":"playwright-e2e","timestamp":"2026-08-27 09:53:18"}
{"level":"debug","message":"Filling payment form details","service":"playwright-e2e","timestamp":"2026-08-27 09:53:18"}
{"level":"info","message":"[STEP START] [BasePage] Navigating to: https://www.automationexercise.com//","service":"playwright-e2e","timestamp":"2026-08-27 09:53:19"}
{"level":"info","message":"[STEP PASSED] Click place order button","service":"playwright-e2e","timestamp":"2026-08-27 09:53:21"}
{"level":"info","message":"[STEP PASSED] Enter credit card payment details","service":"playwright-e2e","timestamp":"2026-08-27 09:53:24"}
{"level":"info","message":"[STEP START] Click Pay and Confirm Order button","service":"playwright-e2e","timestamp":"2026-08-27 09:53:24"}
{"level":"debug","message":"Clicking Pay and Confirm Order","service":"playwright-e2e","timestamp":"2026-08-27 09:53:24"}
{"level":"debug","message":"[BasePage] Successfully navigated to: https://www.automationexercise.com//","service":"playwright-e2e","timestamp":"2026-08-27 09:53:26"}
{"level":"info","message":"[STEP PASSED] [BasePage] Navigating to: https://www.automationexercise.com//","service":"playwright-e2e","timestamp":"2026-08-27 09:53:26"}
{"level":"info","message":"[STEP PASSED] Click Pay and Confirm Order button","service":"playwright-e2e","timestamp":"2026-08-27 09:53:26"}
{"level":"info","message":"[STEP START] Navigate to Products page","service":"playwright-e2e","timestamp":"2026-08-27 09:53:26"}
{"level":"debug","message":"Clicking Products button","service":"playwright-e2e","timestamp":"2026-08-27 09:53:26"}
{"level":"info","message":"[STEP PASSED] Navigate to Products page","service":"playwright-e2e","timestamp":"2026-08-27 09:53:28"}
{"level":"info","message":"[STEP START] [BasePage] Navigating to: https://www.automationexercise.com//","service":"playwright-e2e","timestamp":"2026-08-27 09:53:32"}
{"level":"info","message":"[STEP START] [BasePage] Navigating to: https://www.automationexercise.com//","service":"playwright-e2e","timestamp":"2026-08-27 09:53:35"}
{"level":"debug","message":"[BasePage] Successfully navigated to: https://www.automationexercise.com//","service":"playwright-e2e","timestamp":"2026-08-27 09:53:36"}
{"level":"info","message":"[STEP PASSED] [BasePage] Navigating to: https://www.automationexercise.com//","service":"playwright-e2e","timestamp":"2026-08-27 09:53:36"}
{"level":"info","message":"[STEP START] Navigate to Products page","service":"playwright-e2e","timestamp":"2026-08-27 09:53:36"}
{"level":"debug","message":"Clicking Products button","service":"playwright-e2e","timestamp":"2026-08-27 09:53:36"}
{"level":"info","message":"[STEP PASSED] Navigate to Products page","service":"playwright-e2e","timestamp":"2026-08-27 09:53:38"}
{"level":"info","message":"[STEP START] Search for product: \"Lace Top For Women\"","service":"playwright-e2e","timestamp":"2026-08-27 09:53:38"}
{"level":"debug","message":"Filling search input with: Lace Top For Women","service":"playwright-e2e","timestamp":"2026-08-27 09:53:38"}
{"level":"debug","message":"Clicking search submit button","service":"playwright-e2e","timestamp":"2026-08-27 09:53:38"}
{"level":"info","message":"[STEP PASSED] Search for product: \"Lace Top For Women\"","service":"playwright-e2e","timestamp":"2026-08-27 09:53:41"}
{"level":"debug","message":"[BasePage] Successfully navigated to: https://www.automationexercise.com//","service":"playwright-e2e","timestamp":"2026-08-27 09:53:42"}
{"level":"info","message":"[STEP PASSED] [BasePage] Navigating to: https://www.automationexercise.com//","service":"playwright-e2e","timestamp":"2026-08-27 09:53:42"}
{"level":"info","message":"[STEP START] Navigate to Signup / Login page","service":"playwright-e2e","timestamp":"2026-08-27 09:53:42"}
{"level":"debug","message":"Clicking Signup / Login button","service":"playwright-e2e","timestamp":"2026-08-27 09:53:42"}
{"level":"info","message":"[STEP PASSED] Navigate to Signup / Login page","service":"playwright-e2e","timestamp":"2026-08-27 09:53:42"}
{"level":"info","message":"[STEP START] New user signup: email+1787813569649+@test.com","service":"playwright-e2e","timestamp":"2026-08-27 09:53:43"}
{"level":"debug","message":"Filling name input","service":"playwright-e2e","timestamp":"2026-08-27 09:53:43"}
{"level":"debug","message":"Filling email input","service":"playwright-e2e","timestamp":"2026-08-27 09:53:43"}
{"level":"debug","message":"Clicking signup button","service":"playwright-e2e","timestamp":"2026-08-27 09:53:43"}
{"level":"info","message":"[STEP PASSED] New user signup: email+1787813569649+@test.com","service":"playwright-e2e","timestamp":"2026-08-27 09:53:44"}
{"level":"info","message":"[STEP START] Complete registration form for: email+1787813569649+@test.com","service":"playwright-e2e","timestamp":"2026-08-27 09:53:44"}
{"level":"debug","message":"Filling user password","service":"playwright-e2e","timestamp":"2026-08-27 09:53:44"}
{"level":"debug","message":"Selecting DoB: 9/April/1990","service":"playwright-e2e","timestamp":"2026-08-27 09:53:44"}
{"level":"debug","message":"Filling personal info: Rimas Grimas","service":"playwright-e2e","timestamp":"2026-08-27 09:53:45"}
{"level":"debug","message":"Filling address info: India","service":"playwright-e2e","timestamp":"2026-08-27 09:53:45"}
{"level":"debug","message":"Clicking Create Account button","service":"playwright-e2e","timestamp":"2026-08-27 09:53:46"}
{"level":"info","message":"[STEP PASSED] Complete registration form for: email+1787813569649+@test.com","service":"playwright-e2e","timestamp":"2026-08-27 09:53:48"}
{"level":"info","message":"[STEP START] 'Click Continue button on Account Created page","service":"playwright-e2e","timestamp":"2026-08-27 09:53:49"}
{"level":"debug","message":"Clicking continue button","service":"playwright-e2e","timestamp":"2026-08-27 09:53:49"}
{"level":"info","message":"[STEP PASSED] 'Click Continue button on Account Created page","service":"playwright-e2e","timestamp":"2026-08-27 09:53:49"}
{"level":"info","message":"[STEP START] Delete Account","service":"playwright-e2e","timestamp":"2026-08-27 09:53:50"}
{"level":"debug","message":"Clicking Delete Account button","service":"playwright-e2e","timestamp":"2026-08-27 09:53:50"}
{"level":"info","message":"[STEP START] [BasePage] Navigating to: https://www.automationexercise.com//","service":"playwright-e2e","timestamp":"2026-08-27 09:53:50"}
{"level":"info","message":"[STEP PASSED] Delete Account","service":"playwright-e2e","timestamp":"2026-08-27 09:53:53"}
{"level":"debug","message":"[BasePage] Successfully navigated to: https://www.automationexercise.com//","service":"playwright-e2e","timestamp":"2026-08-27 09:53:55"}
{"level":"info","message":"[STEP PASSED] [BasePage] Navigating to: https://www.automationexercise.com//","service":"playwright-e2e","timestamp":"2026-08-27 09:53:55"}
{"level":"info","message":"[STEP START] Subscribe to newsletter with email: email+1783927188631+@test.com","service":"playwright-e2e","timestamp":"2026-08-27 09:53:55"}
{"level":"debug","message":"Scrolling to footer","service":"playwright-e2e","timestamp":"2026-08-27 09:53:55"}
{"level":"debug","message":"Filling subscription email: email+1783927188631+@test.com","service":"playwright-e2e","timestamp":"2026-08-27 09:53:55"}
{"level":"debug","message":"Clicking subscribe button","service":"playwright-e2e","timestamp":"2026-08-27 09:53:55"}
{"level":"info","message":"[STEP PASSED] Subscribe to newsletter with email: email+1783927188631+@test.com","service":"playwright-e2e","timestamp":"2026-08-27 09:53:56"}
{"level":"info","message":"[STEP START] [BasePage] Navigating to: https://www.automationexercise.com//","service":"playwright-e2e","timestamp":"2026-08-27 10:00:29"}
{"level":"info","message":"[STEP START] [BasePage] Navigating to: https://www.automationexercise.com//","service":"playwright-e2e","timestamp":"2026-08-27 10:00:30"}
{"level":"debug","message":"[BasePage] Successfully navigated to: https://www.automationexercise.com//","service":"playwright-e2e","timestamp":"2026-08-27 10:00:33"}
{"level":"info","message":"[STEP PASSED] [BasePage] Navigating to: https://www.automationexercise.com//","service":"playwright-e2e","timestamp":"2026-08-27 10:00:33"}
{"level":"debug","message":"[BasePage] Successfully navigated to: https://www.automationexercise.com//","service":"playwright-e2e","timestamp":"2026-08-27 10:00:34"}
{"level":"info","message":"[STEP PASSED] [BasePage] Navigating to: https://www.automationexercise.com//","service":"playwright-e2e","timestamp":"2026-08-27 10:00:34"}
{"level":"info","message":"[STEP START] Navigate to Products page","service":"playwright-e2e","timestamp":"2026-08-27 10:00:34"}
{"level":"debug","message":"Clicking Products button","service":"playwright-e2e","timestamp":"2026-08-27 10:00:34"}
{"level":"info","message":"[STEP START] Navigate to Signup / Login page","service":"playwright-e2e","timestamp":"2026-08-27 10:00:34"}
{"level":"debug","message":"Clicking Signup / Login button","service":"playwright-e2e","timestamp":"2026-08-27 10:00:34"}
{"level":"info","message":"[STEP PASSED] Navigate to Products page","service":"playwright-e2e","timestamp":"2026-08-27 10:00:35"}
{"level":"info","message":"[STEP START] Search for product: \"Lace Top For Women\"","service":"playwright-e2e","timestamp":"2026-08-27 10:00:35"}
{"level":"debug","message":"Filling search input with: Lace Top For Women","service":"playwright-e2e","timestamp":"2026-08-27 10:00:35"}
{"level":"debug","message":"Clicking search submit button","service":"playwright-e2e","timestamp":"2026-08-27 10:00:35"}
{"level":"info","message":"[STEP PASSED] Navigate to Signup / Login page","service":"playwright-e2e","timestamp":"2026-08-27 10:00:35"}
{"level":"info","message":"[STEP PASSED] Search for product: \"Lace Top For Women\"","service":"playwright-e2e","timestamp":"2026-08-27 10:00:35"}
{"level":"info","message":"[STEP START] Login with email: email+1783927188631+@test.com","service":"playwright-e2e","timestamp":"2026-08-27 10:00:36"}
{"level":"debug","message":"Filling login credentials","service":"playwright-e2e","timestamp":"2026-08-27 10:00:36"}
{"level":"debug","message":"Clicking Login button","service":"playwright-e2e","timestamp":"2026-08-27 10:00:37"}
{"level":"info","message":"[STEP PASSED] Login with email: email+1783927188631+@test.com","service":"playwright-e2e","timestamp":"2026-08-27 10:00:38"}
{"level":"info","message":"[STEP START] Navigate to Contact Us page","service":"playwright-e2e","timestamp":"2026-08-27 10:00:38"}
{"level":"debug","message":"Clicking Contact Us button","service":"playwright-e2e","timestamp":"2026-08-27 10:00:38"}
{"level":"info","message":"[STEP PASSED] Navigate to Contact Us page","service":"playwright-e2e","timestamp":"2026-08-27 10:00:40"}
{"level":"info","message":"[STEP START] Submit contact form","service":"playwright-e2e","timestamp":"2026-08-27 10:00:40"}
{"level":"debug","message":"Filling contact form data","service":"playwright-e2e","timestamp":"2026-08-27 10:00:40"}
{"level":"debug","message":"Clicking submit form","service":"playwright-e2e","timestamp":"2026-08-27 10:00:40"}
{"level":"info","message":"[STEP PASSED] Submit contact form","service":"playwright-e2e","timestamp":"2026-08-27 10:00:40"}
{"level":"info","message":"[STEP START] [BasePage] Navigating to: https://www.automationexercise.com//","service":"playwright-e2e","timestamp":"2026-08-27 10:00:41"}
{"level":"debug","message":"[BasePage] Successfully navigated to: https://www.automationexercise.com//","service":"playwright-e2e","timestamp":"2026-08-27 10:00:44"}
{"level":"info","message":"[STEP PASSED] [BasePage] Navigating to: https://www.automationexercise.com//","service":"playwright-e2e","timestamp":"2026-08-27 10:00:44"}
{"level":"info","message":"[STEP START] Navigate to Signup / Login page","service":"playwright-e2e","timestamp":"2026-08-27 10:00:44"}
{"level":"debug","message":"Clicking Signup / Login button","service":"playwright-e2e","timestamp":"2026-08-27 10:00:44"}
{"level":"info","message":"[STEP PASSED] Navigate to Signup / Login page","service":"playwright-e2e","timestamp":"2026-08-27 10:00:44"}
{"level":"info","message":"[STEP START] Login with email: fail@invaliduser.com","service":"playwright-e2e","timestamp":"2026-08-27 10:00:45"}
{"level":"debug","message":"Filling login credentials","service":"playwright-e2e","timestamp":"2026-08-27 10:00:45"}
{"level":"debug","message":"Clicking Login button","service":"playwright-e2e","timestamp":"2026-08-27 10:00:45"}
{"level":"info","message":"[STEP PASSED] Login with email: fail@invaliduser.com","service":"playwright-e2e","timestamp":"2026-08-27 10:00:45"}
{"level":"info","message":"[STEP START] [BasePage] Navigating to: https://www.automationexercise.com//","service":"playwright-e2e","timestamp":"2026-08-27 10:00:47"}
{"level":"info","message":"[STEP START] [BasePage] Navigating to: https://www.automationexercise.com//","service":"playwright-e2e","timestamp":"2026-08-27 10:00:48"}
{"level":"debug","message":"[BasePage] Successfully navigated to: https://www.automationexercise.com//","service":"playwright-e2e","timestamp":"2026-08-27 10:00:52"}
{"level":"info","message":"[STEP PASSED] [BasePage] Navigating to: https://www.automationexercise.com//","service":"playwright-e2e","timestamp":"2026-08-27 10:00:52"}
{"level":"info","message":"[STEP START] Navigate to Signup / Login page","service":"playwright-e2e","timestamp":"2026-08-27 10:00:52"}
{"level":"debug","message":"Clicking Signup / Login button","service":"playwright-e2e","timestamp":"2026-08-27 10:00:52"}
{"level":"debug","message":"[BasePage] Successfully navigated to: https://www.automationexercise.com//","service":"playwright-e2e","timestamp":"2026-08-27 10:00:53"}
{"level":"info","message":"[STEP PASSED] [BasePage] Navigating to: https://www.automationexercise.com//","service":"playwright-e2e","timestamp":"2026-08-27 10:00:53"}
{"level":"info","message":"[STEP PASSED] Navigate to Signup / Login page","service":"playwright-e2e","timestamp":"2026-08-27 10:00:53"}
{"level":"info","message":"[STEP START] Navigate to Signup / Login page","service":"playwright-e2e","timestamp":"2026-08-27 10:00:53"}
{"level":"debug","message":"Clicking Signup / Login button","service":"playwright-e2e","timestamp":"2026-08-27 10:00:53"}
{"level":"info","message":"[STEP START] Login with email: email+1783927188631+@test.com","service":"playwright-e2e","timestamp":"2026-08-27 10:00:54"}
{"level":"debug","message":"Filling login credentials","service":"playwright-e2e","timestamp":"2026-08-27 10:00:54"}
{"level":"debug","message":"Clicking Login button","service":"playwright-e2e","timestamp":"2026-08-27 10:00:55"}
{"level":"info","message":"[STEP PASSED] Navigate to Signup / Login page","service":"playwright-e2e","timestamp":"2026-08-27 10:00:55"}
{"level":"info","message":"[STEP START] Login with email: email+1783927188631+@test.com","service":"playwright-e2e","timestamp":"2026-08-27 10:00:55"}
{"level":"debug","message":"Filling login credentials","service":"playwright-e2e","timestamp":"2026-08-27 10:00:55"}
{"level":"debug","message":"Clicking Login button","service":"playwright-e2e","timestamp":"2026-08-27 10:00:56"}
{"level":"info","message":"[STEP PASSED] Login with email: email+1783927188631+@test.com","service":"playwright-e2e","timestamp":"2026-08-27 10:00:57"}
{"level":"info","message":"[STEP PASSED] Login with email: email+1783927188631+@test.com","service":"playwright-e2e","timestamp":"2026-08-27 10:00:58"}
{"level":"info","message":"[STEP START] [BasePage] Navigating to: https://www.automationexercise.com//","service":"playwright-e2e","timestamp":"2026-08-27 10:01:04"}
{"level":"info","message":"[STEP START] [BasePage] Navigating to: https://www.automationexercise.com//","service":"playwright-e2e","timestamp":"2026-08-27 10:01:04"}
{"level":"debug","message":"[BasePage] Successfully navigated to: https://www.automationexercise.com//","service":"playwright-e2e","timestamp":"2026-08-27 10:01:09"}
{"level":"info","message":"[STEP PASSED] [BasePage] Navigating to: https://www.automationexercise.com//","service":"playwright-e2e","timestamp":"2026-08-27 10:01:09"}
{"level":"info","message":"[STEP START] Navigate to Signup / Login page","service":"playwright-e2e","timestamp":"2026-08-27 10:01:09"}
{"level":"debug","message":"Clicking Signup / Login button","service":"playwright-e2e","timestamp":"2026-08-27 10:01:09"}
{"level":"debug","message":"[BasePage] Successfully navigated to: https://www.automationexercise.com//","service":"playwright-e2e","timestamp":"2026-08-27 10:01:10"}
{"level":"info","message":"[STEP PASSED] [BasePage] Navigating to: https://www.automationexercise.com//","service":"playwright-e2e","timestamp":"2026-08-27 10:01:10"}
{"level":"info","message":"[STEP START] Navigate to Products page","service":"playwright-e2e","timestamp":"2026-08-27 10:01:10"}
{"level":"debug","message":"Clicking Products button","service":"playwright-e2e","timestamp":"2026-08-27 10:01:10"}
{"level":"info","message":"[STEP PASSED] Navigate to Signup / Login page","service":"playwright-e2e","timestamp":"2026-08-27 10:01:10"}
{"level":"info","message":"[STEP START] Login with email: email+1783927188631+@test.com","service":"playwright-e2e","timestamp":"2026-08-27 10:01:11"}
{"level":"debug","message":"Filling login credentials","service":"playwright-e2e","timestamp":"2026-08-27 10:01:11"}
{"level":"info","message":"[STEP PASSED] Navigate to Products page","service":"playwright-e2e","timestamp":"2026-08-27 10:01:11"}
{"level":"debug","message":"Clicking Login button","service":"playwright-e2e","timestamp":"2026-08-27 10:01:12"}
{"level":"info","message":"[STEP PASSED] Login with email: email+1783927188631+@test.com","service":"playwright-e2e","timestamp":"2026-08-27 10:01:16"}
{"level":"info","message":"[STEP START] Navigate to Products page","service":"playwright-e2e","timestamp":"2026-08-27 10:01:17"}
{"level":"debug","message":"Clicking Products button","service":"playwright-e2e","timestamp":"2026-08-27 10:01:17"}
{"level":"info","message":"[STEP START] [BasePage] Navigating to: https://www.automationexercise.com//","service":"playwright-e2e","timestamp":"2026-08-27 10:01:19"}
{"level":"info","message":"[STEP PASSED] Navigate to Products page","service":"playwright-e2e","timestamp":"2026-08-27 10:01:19"}
{"level":"info","message":"[STEP START] Search for product: \"Lace Top For Women\"","service":"playwright-e2e","timestamp":"2026-08-27 10:01:20"}
{"level":"debug","message":"Filling search input with: Lace Top For Women","service":"playwright-e2e","timestamp":"2026-08-27 10:01:20"}
{"level":"debug","message":"Clicking search submit button","service":"playwright-e2e","timestamp":"2026-08-27 10:01:21"}
{"level":"info","message":"[STEP PASSED] Search for product: \"Lace Top For Women\"","service":"playwright-e2e","timestamp":"2026-08-27 10:01:23"}
{"level":"debug","message":"[BasePage] Successfully navigated to: https://www.automationexercise.com//","service":"playwright-e2e","timestamp":"2026-08-27 10:01:25"}
{"level":"info","message":"[STEP PASSED] [BasePage] Navigating to: https://www.automationexercise.com//","service":"playwright-e2e","timestamp":"2026-08-27 10:01:25"}
{"level":"info","message":"[STEP START] Navigate to Products page","service":"playwright-e2e","timestamp":"2026-08-27 10:01:25"}
{"level":"debug","message":"Clicking Products button","service":"playwright-e2e","timestamp":"2026-08-27 10:01:25"}
{"level":"info","message":"[STEP START] Fetch cart row details for","service":"playwright-e2e","timestamp":"2026-08-27 10:01:26"}
{"level":"info","message":"[STEP PASSED] Navigate to Products page","service":"playwright-e2e","timestamp":"2026-08-27 10:01:27"}
{"level":"info","message":"[STEP PASSED] Fetch cart row details for","service":"playwright-e2e","timestamp":"2026-08-27 10:01:27"}
{"level":"info","message":"[STEP START] Search for product: \"Lace Top For Women\"","service":"playwright-e2e","timestamp":"2026-08-27 10:01:27"}
{"level":"debug","message":"Filling search input with: Lace Top For Women","service":"playwright-e2e","timestamp":"2026-08-27 10:01:27"}
{"level":"debug","message":"Clicking search submit button","service":"playwright-e2e","timestamp":"2026-08-27 10:01:28"}
{"level":"info","message":"[STEP START] 'Fetch delivery address details","service":"playwright-e2e","timestamp":"2026-08-27 10:01:28"}
{"country":"India","fullAddress":"Deli Kataran 1441","fullName":"Mr. Rimas Grimas","level":"debug","message":"Fetched delivery address details","phone":"0420012889","service":"playwright-e2e","street":"Lakunu street","timestamp":"2026-08-27 10:01:29"}
{"level":"info","message":"[STEP PASSED] 'Fetch delivery address details","service":"playwright-e2e","timestamp":"2026-08-27 10:01:29"}
{"level":"info","message":"[STEP START] Click place order button","service":"playwright-e2e","timestamp":"2026-08-27 10:01:29"}
{"level":"debug","message":"Clicking Place Order button","service":"playwright-e2e","timestamp":"2026-08-27 10:01:29"}
{"level":"info","message":"[STEP START] Enter credit card payment details","service":"playwright-e2e","timestamp":"2026-08-27 10:01:29"}
{"level":"debug","message":"Filling payment form details","service":"playwright-e2e","timestamp":"2026-08-27 10:01:29"}
{"level":"info","message":"[STEP PASSED] Search for product: \"Lace Top For Women\"","service":"playwright-e2e","timestamp":"2026-08-27 10:01:30"}
{"level":"info","message":"[STEP PASSED] Click place order button","service":"playwright-e2e","timestamp":"2026-08-27 10:01:31"}
{"level":"info","message":"[STEP PASSED] Enter credit card payment details","service":"playwright-e2e","timestamp":"2026-08-27 10:01:32"}
{"level":"info","message":"[STEP START] Click Pay and Confirm Order button","service":"playwright-e2e","timestamp":"2026-08-27 10:01:32"}
{"level":"debug","message":"Clicking Pay and Confirm Order","service":"playwright-e2e","timestamp":"2026-08-27 10:01:32"}
{"level":"info","message":"[STEP START] [BasePage] Navigating to: https://www.automationexercise.com//","service":"playwright-e2e","timestamp":"2026-08-27 10:01:34"}
{"level":"info","message":"[STEP PASSED] Click Pay and Confirm Order button","service":"playwright-e2e","timestamp":"2026-08-27 10:01:34"}
{"level":"info","message":"[STEP START] [BasePage] Navigating to: https://www.automationexercise.com//","service":"playwright-e2e","timestamp":"2026-08-27 10:01:37"}
{"level":"debug","message":"[BasePage] Successfully navigated to: https://www.automationexercise.com//","service":"playwright-e2e","timestamp":"2026-08-27 10:01:38"}
{"level":"info","message":"[STEP PASSED] [BasePage] Navigating to: https://www.automationexercise.com//","service":"playwright-e2e","timestamp":"2026-08-27 10:01:38"}
{"level":"info","message":"[STEP START] Navigate to Signup / Login page","service":"playwright-e2e","timestamp":"2026-08-27 10:01:38"}
{"level":"debug","message":"Clicking Signup / Login button","service":"playwright-e2e","timestamp":"2026-08-27 10:01:38"}
{"level":"info","message":"[STEP PASSED] Navigate to Signup / Login page","service":"playwright-e2e","timestamp":"2026-08-27 10:01:39"}
{"level":"info","message":"[STEP START] New user signup: email+1787814046717+@test.com","service":"playwright-e2e","timestamp":"2026-08-27 10:01:39"}
{"level":"debug","message":"Filling name input","service":"playwright-e2e","timestamp":"2026-08-27 10:01:39"}
{"level":"debug","message":"Filling email input","service":"playwright-e2e","timestamp":"2026-08-27 10:01:40"}
{"level":"debug","message":"Clicking signup button","service":"playwright-e2e","timestamp":"2026-08-27 10:01:41"}
{"level":"debug","message":"[BasePage] Successfully navigated to: https://www.automationexercise.com//","service":"playwright-e2e","timestamp":"2026-08-27 10:01:42"}
{"level":"info","message":"[STEP PASSED] [BasePage] Navigating to: https://www.automationexercise.com//","service":"playwright-e2e","timestamp":"2026-08-27 10:01:42"}
{"level":"info","message":"[STEP PASSED] New user signup: email+1787814046717+@test.com","service":"playwright-e2e","timestamp":"2026-08-27 10:01:42"}
{"level":"info","message":"[STEP START] Subscribe to newsletter with email: email+1783927188631+@test.com","service":"playwright-e2e","timestamp":"2026-08-27 10:01:42"}
{"level":"debug","message":"Scrolling to footer","service":"playwright-e2e","timestamp":"2026-08-27 10:01:42"}
{"level":"debug","message":"Filling subscription email: email+1783927188631+@test.com","service":"playwright-e2e","timestamp":"2026-08-27 10:01:42"}
{"level":"info","message":"[STEP START] Complete registration form for: email+1787814046717+@test.com","service":"playwright-e2e","timestamp":"2026-08-27 10:01:42"}
{"level":"debug","message":"Clicking subscribe button","service":"playwright-e2e","timestamp":"2026-08-27 10:01:42"}
{"level":"info","message":"[STEP PASSED] Subscribe to newsletter with email: email+1783927188631+@test.com","service":"playwright-e2e","timestamp":"2026-08-27 10:01:43"}
{"level":"debug","message":"Filling user password","service":"playwright-e2e","timestamp":"2026-08-27 10:01:43"}
{"level":"debug","message":"Selecting DoB: 9/April/1990","service":"playwright-e2e","timestamp":"2026-08-27 10:01:44"}
{"level":"debug","message":"Filling personal info: Rimas Grimas","service":"playwright-e2e","timestamp":"2026-08-27 10:01:45"}
{"level":"debug","message":"Filling address info: India","service":"playwright-e2e","timestamp":"2026-08-27 10:01:46"}
{"level":"debug","message":"Clicking Create Account button","service":"playwright-e2e","timestamp":"2026-08-27 10:01:46"}
{"level":"info","message":"[STEP PASSED] Complete registration form for: email+1787814046717+@test.com","service":"playwright-e2e","timestamp":"2026-08-27 10:01:48"}
{"level":"info","message":"[STEP START] 'Click Continue button on Account Created page","service":"playwright-e2e","timestamp":"2026-08-27 10:01:48"}
{"level":"debug","message":"Clicking continue button","service":"playwright-e2e","timestamp":"2026-08-27 10:01:48"}
{"level":"info","message":"[STEP PASSED] 'Click Continue button on Account Created page","service":"playwright-e2e","timestamp":"2026-08-27 10:01:49"}
{"level":"info","message":"[STEP START] Delete Account","service":"playwright-e2e","timestamp":"2026-08-27 10:01:49"}
{"level":"debug","message":"Clicking Delete Account button","service":"playwright-e2e","timestamp":"2026-08-27 10:01:49"}
{"level":"info","message":"[STEP PASSED] Delete Account","service":"playwright-e2e","timestamp":"2026-08-27 10:01:51"}
{"level":"info","message":"[STEP START] [BasePage] Navigating to: https://www.automationexercise.com//","service":"playwright-e2e","timestamp":"2026-08-27 10:16:41"}
{"level":"info","message":"[STEP START] [BasePage] Navigating to: https://www.automationexercise.com//","service":"playwright-e2e","timestamp":"2026-08-27 10:16:41"}
{"level":"debug","message":"[BasePage] Successfully navigated to: https://www.automationexercise.com//","service":"playwright-e2e","timestamp":"2026-08-27 10:16:51"}
{"level":"info","message":"[STEP PASSED] [BasePage] Navigating to: https://www.automationexercise.com//","service":"playwright-e2e","timestamp":"2026-08-27 10:16:51"}
{"level":"info","message":"[STEP START] Navigate to Products page","service":"playwright-e2e","timestamp":"2026-08-27 10:16:51"}
{"level":"debug","message":"Clicking Products button","service":"playwright-e2e","timestamp":"2026-08-27 10:16:51"}
{"level":"info","message":"[STEP PASSED] Navigate to Products page","service":"playwright-e2e","timestamp":"2026-08-27 10:16:56"}
{"level":"debug","message":"[BasePage] Successfully navigated to: https://www.automationexercise.com//","service":"playwright-e2e","timestamp":"2026-08-27 10:16:58"}
{"level":"info","message":"[STEP PASSED] [BasePage] Navigating to: https://www.automationexercise.com//","service":"playwright-e2e","timestamp":"2026-08-27 10:16:58"}
{"level":"info","message":"[STEP START] Search for product: \"Lace Top For Women\"","service":"playwright-e2e","timestamp":"2026-08-27 10:16:58"}
{"level":"debug","message":"Filling search input with: Lace Top For Women","service":"playwright-e2e","timestamp":"2026-08-27 10:16:58"}
{"level":"info","message":"[STEP START] Navigate to Signup / Login page","service":"playwright-e2e","timestamp":"2026-08-27 10:16:59"}
{"level":"debug","message":"Clicking Signup / Login button","service":"playwright-e2e","timestamp":"2026-08-27 10:16:59"}
{"level":"debug","message":"Clicking search submit button","service":"playwright-e2e","timestamp":"2026-08-27 10:17:00"}
{"level":"info","message":"[STEP PASSED] Search for product: \"Lace Top For Women\"","service":"playwright-e2e","timestamp":"2026-08-27 10:17:02"}
{"level":"info","message":"[STEP PASSED] Navigate to Signup / Login page","service":"playwright-e2e","timestamp":"2026-08-27 10:17:04"}
{"level":"info","message":"[STEP START] Login with email: email+1783927188631+@test.com","service":"playwright-e2e","timestamp":"2026-08-27 10:17:04"}
{"level":"debug","message":"Filling login credentials","service":"playwright-e2e","timestamp":"2026-08-27 10:17:04"}
{"level":"debug","message":"Clicking Login button","service":"playwright-e2e","timestamp":"2026-08-27 10:17:06"}
{"level":"info","message":"[STEP PASSED] Login with email: email+1783927188631+@test.com","service":"playwright-e2e","timestamp":"2026-08-27 10:17:07"}
{"level":"info","message":"[STEP START] Navigate to Contact Us page","service":"playwright-e2e","timestamp":"2026-08-27 10:17:08"}
{"level":"debug","message":"Clicking Contact Us button","service":"playwright-e2e","timestamp":"2026-08-27 10:17:08"}
{"level":"info","message":"[STEP PASSED] Navigate to Contact Us page","service":"playwright-e2e","timestamp":"2026-08-27 10:17:11"}
{"level":"info","message":"[STEP START] Submit contact form","service":"playwright-e2e","timestamp":"2026-08-27 10:17:11"}
{"level":"debug","message":"Filling contact form data","service":"playwright-e2e","timestamp":"2026-08-27 10:17:11"}
{"level":"debug","message":"Clicking submit form","service":"playwright-e2e","timestamp":"2026-08-27 10:17:12"}
{"level":"info","message":"[STEP PASSED] Submit contact form","service":"playwright-e2e","timestamp":"2026-08-27 10:17:12"}
{"level":"info","message":"[STEP START] [BasePage] Navigating to: https://www.automationexercise.com//","service":"playwright-e2e","timestamp":"2026-08-27 10:17:18"}
{"level":"debug","message":"[BasePage] Successfully navigated to: https://www.automationexercise.com//","service":"playwright-e2e","timestamp":"2026-08-27 10:17:25"}
{"level":"info","message":"[STEP PASSED] [BasePage] Navigating to: https://www.automationexercise.com//","service":"playwright-e2e","timestamp":"2026-08-27 10:17:25"}
{"level":"info","message":"[STEP START] Navigate to Signup / Login page","service":"playwright-e2e","timestamp":"2026-08-27 10:17:26"}
{"level":"debug","message":"Clicking Signup / Login button","service":"playwright-e2e","timestamp":"2026-08-27 10:17:26"}
{"level":"info","message":"[STEP PASSED] Navigate to Signup / Login page","service":"playwright-e2e","timestamp":"2026-08-27 10:17:26"}
{"level":"info","message":"[STEP START] Login with email: email+1783927188631+@test.com","service":"playwright-e2e","timestamp":"2026-08-27 10:17:26"}
{"level":"debug","message":"Filling login credentials","service":"playwright-e2e","timestamp":"2026-08-27 10:17:26"}
{"level":"debug","message":"Clicking Login button","service":"playwright-e2e","timestamp":"2026-08-27 10:17:27"}
{"level":"info","message":"[STEP PASSED] Login with email: email+1783927188631+@test.com","service":"playwright-e2e","timestamp":"2026-08-27 10:17:29"}
{"level":"info","message":"[STEP START] [BasePage] Navigating to: https://www.automationexercise.com//","service":"playwright-e2e","timestamp":"2026-08-27 10:17:33"}
{"level":"debug","message":"[BasePage] Successfully navigated to: https://www.automationexercise.com//","service":"playwright-e2e","timestamp":"2026-08-27 10:17:39"}
{"level":"info","message":"[STEP PASSED] [BasePage] Navigating to: https://www.automationexercise.com//","service":"playwright-e2e","timestamp":"2026-08-27 10:17:39"}
{"level":"info","message":"[STEP START] Navigate to Signup / Login page","service":"playwright-e2e","timestamp":"2026-08-27 10:17:39"}
{"level":"debug","message":"Clicking Signup / Login button","service":"playwright-e2e","timestamp":"2026-08-27 10:17:39"}
{"level":"info","message":"[STEP PASSED] Navigate to Signup / Login page","service":"playwright-e2e","timestamp":"2026-08-27 10:17:39"}
{"level":"info","message":"[STEP START] Login with email: fail@invaliduser.com","service":"playwright-e2e","timestamp":"2026-08-27 10:17:39"}
{"level":"debug","message":"Filling login credentials","service":"playwright-e2e","timestamp":"2026-08-27 10:17:39"}
{"level":"debug","message":"Clicking Login button","service":"playwright-e2e","timestamp":"2026-08-27 10:17:40"}
{"level":"info","message":"[STEP PASSED] Login with email: fail@invaliduser.com","service":"playwright-e2e","timestamp":"2026-08-27 10:17:40"}
{"level":"info","message":"[STEP START] [BasePage] Navigating to: https://www.automationexercise.com//","service":"playwright-e2e","timestamp":"2026-08-27 10:17:42"}
{"level":"debug","message":"[BasePage] Successfully navigated to: https://www.automationexercise.com//","service":"playwright-e2e","timestamp":"2026-08-27 10:17:46"}
{"level":"info","message":"[STEP PASSED] [BasePage] Navigating to: https://www.automationexercise.com//","service":"playwright-e2e","timestamp":"2026-08-27 10:17:46"}
{"level":"info","message":"[STEP START] Navigate to Signup / Login page","service":"playwright-e2e","timestamp":"2026-08-27 10:17:46"}
{"level":"debug","message":"Clicking Signup / Login button","service":"playwright-e2e","timestamp":"2026-08-27 10:17:46"}
{"level":"info","message":"[STEP PASSED] Navigate to Signup / Login page","service":"playwright-e2e","timestamp":"2026-08-27 10:17:47"}
{"level":"info","message":"[STEP START] Login with email: email+1783927188631+@test.com","service":"playwright-e2e","timestamp":"2026-08-27 10:17:47"}
{"level":"debug","message":"Filling login credentials","service":"playwright-e2e","timestamp":"2026-08-27 10:17:47"}
{"level":"debug","message":"Clicking Login button","service":"playwright-e2e","timestamp":"2026-08-27 10:17:47"}
{"level":"info","message":"[STEP PASSED] Login with email: email+1783927188631+@test.com","service":"playwright-e2e","timestamp":"2026-08-27 10:17:49"}
{"level":"info","message":"[STEP START] [BasePage] Navigating to: https://www.automationexercise.com//","service":"playwright-e2e","timestamp":"2026-08-27 10:17:56"}
{"level":"debug","message":"[BasePage] Successfully navigated to: https://www.automationexercise.com//","service":"playwright-e2e","timestamp":"2026-08-27 10:17:59"}
{"level":"info","message":"[STEP PASSED] [BasePage] Navigating to: https://www.automationexercise.com//","service":"playwright-e2e","timestamp":"2026-08-27 10:17:59"}
{"level":"info","message":"[STEP START] Navigate to Signup / Login page","service":"playwright-e2e","timestamp":"2026-08-27 10:17:59"}
{"level":"debug","message":"Clicking Signup / Login button","service":"playwright-e2e","timestamp":"2026-08-27 10:17:59"}
{"level":"info","message":"[STEP PASSED] Navigate to Signup / Login page","service":"playwright-e2e","timestamp":"2026-08-27 10:18:00"}
{"level":"info","message":"[STEP START] Login with email: email+1783927188631+@test.com","service":"playwright-e2e","timestamp":"2026-08-27 10:18:00"}
{"level":"debug","message":"Filling login credentials","service":"playwright-e2e","timestamp":"2026-08-27 10:18:00"}
{"level":"debug","message":"Clicking Login button","service":"playwright-e2e","timestamp":"2026-08-27 10:18:01"}
{"level":"info","message":"[STEP PASSED] Login with email: email+1783927188631+@test.com","service":"playwright-e2e","timestamp":"2026-08-27 10:18:03"}
{"level":"info","message":"[STEP START] Navigate to Products page","service":"playwright-e2e","timestamp":"2026-08-27 10:18:03"}
{"level":"debug","message":"Clicking Products button","service":"playwright-e2e","timestamp":"2026-08-27 10:18:03"}
{"level":"info","message":"[STEP PASSED] Navigate to Products page","service":"playwright-e2e","timestamp":"2026-08-27 10:18:06"}
{"level":"info","message":"[STEP START] Search for product: \"Lace Top For Women\"","service":"playwright-e2e","timestamp":"2026-08-27 10:18:07"}
{"level":"debug","message":"Filling search input with: Lace Top For Women","service":"playwright-e2e","timestamp":"2026-08-27 10:18:07"}
{"level":"debug","message":"Clicking search submit button","service":"playwright-e2e","timestamp":"2026-08-27 10:18:07"}
{"level":"info","message":"[STEP PASSED] Search for product: \"Lace Top For Women\"","service":"playwright-e2e","timestamp":"2026-08-27 10:18:10"}
{"level":"info","message":"[STEP START] Fetch cart row details for","service":"playwright-e2e","timestamp":"2026-08-27 10:18:11"}
{"level":"info","message":"[STEP PASSED] Fetch cart row details for","service":"playwright-e2e","timestamp":"2026-08-27 10:18:12"}
{"level":"info","message":"[STEP START] 'Fetch delivery address details","service":"playwright-e2e","timestamp":"2026-08-27 10:18:13"}
{"country":"India","fullAddress":"Deli Kataran 1441","fullName":"Mr. Rimas Grimas","level":"debug","message":"Fetched delivery address details","phone":"0420012889","service":"playwright-e2e","street":"Lakunu street","timestamp":"2026-08-27 10:18:13"}
{"level":"info","message":"[STEP PASSED] 'Fetch delivery address details","service":"playwright-e2e","timestamp":"2026-08-27 10:18:13"}
{"level":"info","message":"[STEP START] Click place order button","service":"playwright-e2e","timestamp":"2026-08-27 10:18:13"}
{"level":"debug","message":"Clicking Place Order button","service":"playwright-e2e","timestamp":"2026-08-27 10:18:13"}
{"level":"info","message":"[STEP START] Enter credit card payment details","service":"playwright-e2e","timestamp":"2026-08-27 10:18:13"}
{"level":"debug","message":"Filling payment form details","service":"playwright-e2e","timestamp":"2026-08-27 10:18:13"}
{"level":"info","message":"[STEP PASSED] Click place order button","service":"playwright-e2e","timestamp":"2026-08-27 10:18:15"}
{"level":"info","message":"[STEP PASSED] Enter credit card payment details","service":"playwright-e2e","timestamp":"2026-08-27 10:18:16"}
{"level":"info","message":"[STEP START] Click Pay and Confirm Order button","service":"playwright-e2e","timestamp":"2026-08-27 10:18:16"}
{"level":"debug","message":"Clicking Pay and Confirm Order","service":"playwright-e2e","timestamp":"2026-08-27 10:18:16"}
{"level":"info","message":"[STEP START] [BasePage] Navigating to: https://www.automationexercise.com//","service":"playwright-e2e","timestamp":"2026-08-27 10:18:16"}
{"level":"info","message":"[STEP PASSED] Click Pay and Confirm Order button","service":"playwright-e2e","timestamp":"2026-08-27 10:18:18"}
{"level":"debug","message":"[BasePage] Successfully navigated to: https://www.automationexercise.com//","service":"playwright-e2e","timestamp":"2026-08-27 10:18:20"}
{"level":"info","message":"[STEP PASSED] [BasePage] Navigating to: https://www.automationexercise.com//","service":"playwright-e2e","timestamp":"2026-08-27 10:18:20"}
{"level":"info","message":"[STEP START] Navigate to Products page","service":"playwright-e2e","timestamp":"2026-08-27 10:18:21"}
{"level":"debug","message":"Clicking Products button","service":"playwright-e2e","timestamp":"2026-08-27 10:18:21"}
{"level":"info","message":"[STEP START] [BasePage] Navigating to: https://www.automationexercise.com//","service":"playwright-e2e","timestamp":"2026-08-27 10:18:21"}
{"level":"info","message":"[STEP PASSED] Navigate to Products page","service":"playwright-e2e","timestamp":"2026-08-27 10:18:22"}
{"level":"debug","message":"[BasePage] Successfully navigated to: https://www.automationexercise.com//","service":"playwright-e2e","timestamp":"2026-08-27 10:18:30"}
{"level":"info","message":"[STEP PASSED] [BasePage] Navigating to: https://www.automationexercise.com//","service":"playwright-e2e","timestamp":"2026-08-27 10:18:30"}
{"level":"info","message":"[STEP START] Navigate to Products page","service":"playwright-e2e","timestamp":"2026-08-27 10:18:30"}
{"level":"debug","message":"Clicking Products button","service":"playwright-e2e","timestamp":"2026-08-27 10:18:30"}
{"level":"info","message":"[STEP PASSED] Navigate to Products page","service":"playwright-e2e","timestamp":"2026-08-27 10:18:31"}
{"level":"info","message":"[STEP START] Search for product: \"Lace Top For Women\"","service":"playwright-e2e","timestamp":"2026-08-27 10:18:32"}
{"level":"debug","message":"Filling search input with: Lace Top For Women","service":"playwright-e2e","timestamp":"2026-08-27 10:18:32"}
{"level":"debug","message":"Clicking search submit button","service":"playwright-e2e","timestamp":"2026-08-27 10:18:32"}
{"level":"info","message":"[STEP PASSED] Search for product: \"Lace Top For Women\"","service":"playwright-e2e","timestamp":"2026-08-27 10:18:35"}
{"level":"info","message":"[STEP START] [BasePage] Navigating to: https://www.automationexercise.com//","service":"playwright-e2e","timestamp":"2026-08-27 10:18:36"}
{"level":"debug","message":"[BasePage] Successfully navigated to: https://www.automationexercise.com//","service":"playwright-e2e","timestamp":"2026-08-27 10:18:39"}
{"level":"info","message":"[STEP PASSED] [BasePage] Navigating to: https://www.automationexercise.com//","service":"playwright-e2e","timestamp":"2026-08-27 10:18:39"}
{"level":"info","message":"[STEP START] [BasePage] Navigating to: https://www.automationexercise.com//","service":"playwright-e2e","timestamp":"2026-08-27 10:18:40"}
{"level":"info","message":"[STEP START] Navigate to Signup / Login page","service":"playwright-e2e","timestamp":"2026-08-27 10:18:40"}
{"level":"debug","message":"Clicking Signup / Login button","service":"playwright-e2e","timestamp":"2026-08-27 10:18:40"}
{"level":"info","message":"[STEP PASSED] Navigate to Signup / Login page","service":"playwright-e2e","timestamp":"2026-08-27 10:18:40"}
{"level":"info","message":"[STEP START] New user signup: email+1787815114790+@test.com","service":"playwright-e2e","timestamp":"2026-08-27 10:18:40"}
{"level":"debug","message":"Filling name input","service":"playwright-e2e","timestamp":"2026-08-27 10:18:40"}
{"level":"debug","message":"Filling email input","service":"playwright-e2e","timestamp":"2026-08-27 10:18:40"}
{"level":"debug","message":"Clicking signup button","service":"playwright-e2e","timestamp":"2026-08-27 10:18:41"}
{"level":"info","message":"[STEP PASSED] New user signup: email+1787815114790+@test.com","service":"playwright-e2e","timestamp":"2026-08-27 10:18:41"}
{"level":"info","message":"[STEP START] Complete registration form for: email+1787815114790+@test.com","service":"playwright-e2e","timestamp":"2026-08-27 10:18:42"}
{"level":"debug","message":"Filling user password","service":"playwright-e2e","timestamp":"2026-08-27 10:18:42"}
{"level":"debug","message":"Selecting DoB: 9/April/1990","service":"playwright-e2e","timestamp":"2026-08-27 10:18:42"}
{"level":"debug","message":"Filling personal info: Rimas Grimas","service":"playwright-e2e","timestamp":"2026-08-27 10:18:44"}
{"level":"debug","message":"Filling address info: India","service":"playwright-e2e","timestamp":"2026-08-27 10:18:45"}
{"level":"debug","message":"Clicking Create Account button","service":"playwright-e2e","timestamp":"2026-08-27 10:18:45"}
{"level":"debug","message":"[BasePage] Successfully navigated to: https://www.automationexercise.com//","service":"playwright-e2e","timestamp":"2026-08-27 10:18:46"}
{"level":"info","message":"[STEP PASSED] [BasePage] Navigating to: https://www.automationexercise.com//","service":"playwright-e2e","timestamp":"2026-08-27 10:18:46"}
{"level":"info","message":"[STEP START] Subscribe to newsletter with email: email+1783927188631+@test.com","service":"playwright-e2e","timestamp":"2026-08-27 10:18:46"}
{"level":"debug","message":"Scrolling to footer","service":"playwright-e2e","timestamp":"2026-08-27 10:18:46"}
{"level":"debug","message":"Filling subscription email: email+1783927188631+@test.com","service":"playwright-e2e","timestamp":"2026-08-27 10:18:46"}
{"level":"debug","message":"Clicking subscribe button","service":"playwright-e2e","timestamp":"2026-08-27 10:18:46"}
{"level":"info","message":"[STEP PASSED] Subscribe to newsletter with email: email+1783927188631+@test.com","service":"playwright-e2e","timestamp":"2026-08-27 10:18:47"}
{"level":"info","message":"[STEP PASSED] Complete registration form for: email+1787815114790+@test.com","service":"playwright-e2e","timestamp":"2026-08-27 10:18:47"}
{"level":"info","message":"[STEP START] 'Click Continue button on Account Created page","service":"playwright-e2e","timestamp":"2026-08-27 10:18:48"}
{"level":"debug","message":"Clicking continue button","service":"playwright-e2e","timestamp":"2026-08-27 10:18:48"}
{"level":"info","message":"[STEP PASSED] 'Click Continue button on Account Created page","service":"playwright-e2e","timestamp":"2026-08-27 10:18:49"}
{"level":"info","message":"[STEP START] Delete Account","service":"playwright-e2e","timestamp":"2026-08-27 10:18:50"}
{"level":"debug","message":"Clicking Delete Account button","service":"playwright-e2e","timestamp":"2026-08-27 10:18:50"}
{"level":"info","message":"[STEP PASSED] Delete Account","service":"playwright-e2e","timestamp":"2026-08-27 10:18:54"}
{"level":"info","message":"[STEP START] [BasePage] Navigating to: https://www.automationexercise.com//","service":"playwright-e2e","timestamp":"2026-09-09 11:23:52"}
{"level":"info","message":"[STEP START] [BasePage] Navigating to: https://www.automationexercise.com//","service":"playwright-e2e","timestamp":"2026-09-09 11:23:52"}
{"level":"debug","message":"[BasePage] Successfully navigated to: https://www.automationexercise.com//","service":"playwright-e2e","timestamp":"2026-09-09 11:24:03"}
{"level":"info","message":"[STEP PASSED] [BasePage] Navigating to: https://www.automationexercise.com//","service":"playwright-e2e","timestamp":"2026-09-09 11:24:03"}
{"level":"info","message":"[STEP START] Navigate to Products page","service":"playwright-e2e","timestamp":"2026-09-09 11:24:04"}
{"level":"debug","message":"Clicking Products button","service":"playwright-e2e","timestamp":"2026-09-09 11:24:04"}
{"level":"debug","message":"[BasePage] Successfully navigated to: https://www.automationexercise.com//","service":"playwright-e2e","timestamp":"2026-09-09 11:24:04"}
{"level":"info","message":"[STEP PASSED] [BasePage] Navigating to: https://www.automationexercise.com//","service":"playwright-e2e","timestamp":"2026-09-09 11:24:04"}
{"level":"info","message":"[STEP START] Navigate to Signup / Login page","service":"playwright-e2e","timestamp":"2026-09-09 11:24:05"}
{"level":"debug","message":"Clicking Signup / Login button","service":"playwright-e2e","timestamp":"2026-09-09 11:24:05"}
{"level":"info","message":"[STEP PASSED] Navigate to Products page","service":"playwright-e2e","timestamp":"2026-09-09 11:24:07"}
{"level":"info","message":"[STEP PASSED] Navigate to Signup / Login page","service":"playwright-e2e","timestamp":"2026-09-09 11:24:07"}
{"level":"info","message":"[STEP START] Search for product: \"Lace Top For Women\"","service":"playwright-e2e","timestamp":"2026-09-09 11:24:08"}
{"level":"debug","message":"Filling search input with: Lace Top For Women","service":"playwright-e2e","timestamp":"2026-09-09 11:24:08"}
{"level":"info","message":"[STEP START] Login with email: email+1783927188631+@test.com","service":"playwright-e2e","timestamp":"2026-09-09 11:24:08"}
{"level":"debug","message":"Filling login credentials","service":"playwright-e2e","timestamp":"2026-09-09 11:24:08"}
{"level":"debug","message":"Clicking search submit button","service":"playwright-e2e","timestamp":"2026-09-09 11:24:09"}
{"level":"debug","message":"Clicking Login button","service":"playwright-e2e","timestamp":"2026-09-09 11:24:10"}
{"level":"info","message":"[STEP PASSED] Search for product: \"Lace Top For Women\"","service":"playwright-e2e","timestamp":"2026-09-09 11:24:11"}
{"level":"info","message":"[STEP START] Fetch cart row details for","service":"playwright-e2e","timestamp":"2026-09-09 11:24:14"}
{"level":"info","message":"[STEP PASSED] Login with email: email+1783927188631+@test.com","service":"playwright-e2e","timestamp":"2026-09-09 11:24:14"}
{"level":"info","message":"[STEP PASSED] Fetch cart row details for","service":"playwright-e2e","timestamp":"2026-09-09 11:24:15"}
{"level":"info","message":"[STEP START] Navigate to Contact Us page","service":"playwright-e2e","timestamp":"2026-09-09 11:24:15"}
{"level":"debug","message":"Clicking Contact Us button","service":"playwright-e2e","timestamp":"2026-09-09 11:24:15"}
{"level":"info","message":"[STEP PASSED] Navigate to Contact Us page","service":"playwright-e2e","timestamp":"2026-09-09 11:24:16"}
{"level":"info","message":"[STEP START] Submit contact form","service":"playwright-e2e","timestamp":"2026-09-09 11:24:17"}
{"level":"debug","message":"Filling contact form data","service":"playwright-e2e","timestamp":"2026-09-09 11:24:17"}
{"level":"debug","message":"Clicking submit form","service":"playwright-e2e","timestamp":"2026-09-09 11:24:17"}
{"level":"info","message":"[STEP PASSED] Submit contact form","service":"playwright-e2e","timestamp":"2026-09-09 11:24:18"}
{"level":"info","message":"[STEP START] [BasePage] Navigating to: https://www.automationexercise.com//","service":"playwright-e2e","timestamp":"2026-09-09 11:24:26"}
{"level":"info","message":"[STEP START] [BasePage] Navigating to: https://www.automationexercise.com//","service":"playwright-e2e","timestamp":"2026-09-09 11:24:28"}
{"level":"debug","message":"[BasePage] Successfully navigated to: https://www.automationexercise.com//","service":"playwright-e2e","timestamp":"2026-09-09 11:24:30"}
{"level":"info","message":"[STEP PASSED] [BasePage] Navigating to: https://www.automationexercise.com//","service":"playwright-e2e","timestamp":"2026-09-09 11:24:30"}
{"level":"info","message":"[STEP START] Navigate to Signup / Login page","service":"playwright-e2e","timestamp":"2026-09-09 11:24:31"}
{"level":"debug","message":"Clicking Signup / Login button","service":"playwright-e2e","timestamp":"2026-09-09 11:24:31"}
{"level":"info","message":"[STEP PASSED] Navigate to Signup / Login page","service":"playwright-e2e","timestamp":"2026-09-09 11:24:33"}
{"level":"info","message":"[STEP START] Login with email: email+1783927188631+@test.com","service":"playwright-e2e","timestamp":"2026-09-09 11:24:33"}
{"level":"debug","message":"Filling login credentials","service":"playwright-e2e","timestamp":"2026-09-09 11:24:33"}
{"level":"debug","message":"[BasePage] Successfully navigated to: https://www.automationexercise.com//","service":"playwright-e2e","timestamp":"2026-09-09 11:24:33"}
{"level":"info","message":"[STEP PASSED] [BasePage] Navigating to: https://www.automationexercise.com//","service":"playwright-e2e","timestamp":"2026-09-09 11:24:33"}
{"level":"info","message":"[STEP START] Navigate to Signup / Login page","service":"playwright-e2e","timestamp":"2026-09-09 11:24:34"}
{"level":"debug","message":"Clicking Signup / Login button","service":"playwright-e2e","timestamp":"2026-09-09 11:24:34"}
{"level":"debug","message":"Clicking Login button","service":"playwright-e2e","timestamp":"2026-09-09 11:24:34"}
{"level":"info","message":"[STEP PASSED] Navigate to Signup / Login page","service":"playwright-e2e","timestamp":"2026-09-09 11:24:35"}
{"level":"info","message":"[STEP START] Login with email: fail@invaliduser.com","service":"playwright-e2e","timestamp":"2026-09-09 11:24:35"}
{"level":"debug","message":"Filling login credentials","service":"playwright-e2e","timestamp":"2026-09-09 11:24:35"}
{"level":"debug","message":"Clicking Login button","service":"playwright-e2e","timestamp":"2026-09-09 11:24:35"}
{"level":"info","message":"[STEP PASSED] Login with email: email+1783927188631+@test.com","service":"playwright-e2e","timestamp":"2026-09-09 11:24:36"}
{"level":"info","message":"[STEP PASSED] Login with email: fail@invaliduser.com","service":"playwright-e2e","timestamp":"2026-09-09 11:24:36"}
{"level":"info","message":"[STEP START] [BasePage] Navigating to: https://www.automationexercise.com//","service":"playwright-e2e","timestamp":"2026-09-09 11:24:40"}
{"level":"info","message":"[STEP START] [BasePage] Navigating to: https://www.automationexercise.com//","service":"playwright-e2e","timestamp":"2026-09-09 11:24:41"}
{"level":"debug","message":"[BasePage] Successfully navigated to: https://www.automationexercise.com//","service":"playwright-e2e","timestamp":"2026-09-09 11:24:45"}
{"level":"info","message":"[STEP PASSED] [BasePage] Navigating to: https://www.automationexercise.com//","service":"playwright-e2e","timestamp":"2026-09-09 11:24:45"}
{"level":"info","message":"[STEP START] Navigate to Signup / Login page","service":"playwright-e2e","timestamp":"2026-09-09 11:24:45"}
{"level":"debug","message":"Clicking Signup / Login button","service":"playwright-e2e","timestamp":"2026-09-09 11:24:45"}
{"level":"info","message":"[STEP PASSED] Navigate to Signup / Login page","service":"playwright-e2e","timestamp":"2026-09-09 11:24:46"}
{"level":"info","message":"[STEP START] Login with email: email+1783927188631+@test.com","service":"playwright-e2e","timestamp":"2026-09-09 11:24:47"}
{"level":"debug","message":"Filling login credentials","service":"playwright-e2e","timestamp":"2026-09-09 11:24:47"}
{"level":"debug","message":"[BasePage] Successfully navigated to: https://www.automationexercise.com//","service":"playwright-e2e","timestamp":"2026-09-09 11:24:48"}
{"level":"info","message":"[STEP PASSED] [BasePage] Navigating to: https://www.automationexercise.com//","service":"playwright-e2e","timestamp":"2026-09-09 11:24:48"}
{"level":"debug","message":"Clicking Login button","service":"playwright-e2e","timestamp":"2026-09-09 11:24:48"}
{"level":"info","message":"[STEP START] Navigate to Signup / Login page","service":"playwright-e2e","timestamp":"2026-09-09 11:24:48"}
{"level":"debug","message":"Clicking Signup / Login button","service":"playwright-e2e","timestamp":"2026-09-09 11:24:48"}
{"level":"info","message":"[STEP PASSED] Navigate to Signup / Login page","service":"playwright-e2e","timestamp":"2026-09-09 11:24:49"}
{"level":"info","message":"[STEP START] Login with email: email+1783927188631+@test.com","service":"playwright-e2e","timestamp":"2026-09-09 11:24:50"}
{"level":"debug","message":"Filling login credentials","service":"playwright-e2e","timestamp":"2026-09-09 11:24:50"}
{"level":"info","message":"[STEP PASSED] Login with email: email+1783927188631+@test.com","service":"playwright-e2e","timestamp":"2026-09-09 11:24:50"}
{"level":"debug","message":"Clicking Login button","service":"playwright-e2e","timestamp":"2026-09-09 11:24:51"}
{"level":"info","message":"[STEP PASSED] Login with email: email+1783927188631+@test.com","service":"playwright-e2e","timestamp":"2026-09-09 11:24:53"}
{"level":"info","message":"[STEP START] Navigate to Products page","service":"playwright-e2e","timestamp":"2026-09-09 11:24:54"}
{"level":"debug","message":"Clicking Products button","service":"playwright-e2e","timestamp":"2026-09-09 11:24:54"}
{"level":"info","message":"[STEP PASSED] Navigate to Products page","service":"playwright-e2e","timestamp":"2026-09-09 11:24:56"}
{"level":"info","message":"[STEP START] [BasePage] Navigating to: https://www.automationexercise.com//","service":"playwright-e2e","timestamp":"2026-09-09 11:24:57"}
{"level":"info","message":"[STEP START] Search for product: \"Lace Top For Women\"","service":"playwright-e2e","timestamp":"2026-09-09 11:24:58"}
{"level":"debug","message":"Filling search input with: Lace Top For Women","service":"playwright-e2e","timestamp":"2026-09-09 11:24:58"}
{"level":"debug","message":"Clicking search submit button","service":"playwright-e2e","timestamp":"2026-09-09 11:24:58"}
{"level":"info","message":"[STEP PASSED] Search for product: \"Lace Top For Women\"","service":"playwright-e2e","timestamp":"2026-09-09 11:25:00"}
{"level":"debug","message":"[BasePage] Successfully navigated to: https://www.automationexercise.com//","service":"playwright-e2e","timestamp":"2026-09-09 11:25:03"}
{"level":"info","message":"[STEP PASSED] [BasePage] Navigating to: https://www.automationexercise.com//","service":"playwright-e2e","timestamp":"2026-09-09 11:25:03"}
{"level":"info","message":"[STEP START] Fetch cart row details for","service":"playwright-e2e","timestamp":"2026-09-09 11:25:03"}
{"level":"info","message":"[STEP START] Navigate to Products page","service":"playwright-e2e","timestamp":"2026-09-09 11:25:04"}
{"level":"debug","message":"Clicking Products button","service":"playwright-e2e","timestamp":"2026-09-09 11:25:04"}
{"level":"info","message":"[STEP PASSED] Fetch cart row details for","service":"playwright-e2e","timestamp":"2026-09-09 11:25:04"}
{"level":"info","message":"[STEP PASSED] Navigate to Products page","service":"playwright-e2e","timestamp":"2026-09-09 11:25:06"}
{"level":"info","message":"[STEP START] 'Fetch delivery address details","service":"playwright-e2e","timestamp":"2026-09-09 11:25:06"}
{"country":"India","fullAddress":"Deli Kataran 1441","fullName":"Mr. Rimas Grimas","level":"debug","message":"Fetched delivery address details","phone":"0420012889","service":"playwright-e2e","street":"Lakunu street","timestamp":"2026-09-09 11:25:07"}
{"level":"info","message":"[STEP PASSED] 'Fetch delivery address details","service":"playwright-e2e","timestamp":"2026-09-09 11:25:07"}
{"level":"info","message":"[STEP START] Click place order button","service":"playwright-e2e","timestamp":"2026-09-09 11:25:07"}
{"level":"debug","message":"Clicking Place Order button","service":"playwright-e2e","timestamp":"2026-09-09 11:25:07"}
{"level":"info","message":"[STEP START] Enter credit card payment details","service":"playwright-e2e","timestamp":"2026-09-09 11:25:07"}
{"level":"debug","message":"Filling payment form details","service":"playwright-e2e","timestamp":"2026-09-09 11:25:07"}
{"level":"info","message":"[STEP PASSED] Click place order button","service":"playwright-e2e","timestamp":"2026-09-09 11:25:11"}
{"level":"info","message":"[STEP PASSED] Enter credit card payment details","service":"playwright-e2e","timestamp":"2026-09-09 11:25:12"}
{"level":"info","message":"[STEP START] Click Pay and Confirm Order button","service":"playwright-e2e","timestamp":"2026-09-09 11:25:12"}
{"level":"debug","message":"Clicking Pay and Confirm Order","service":"playwright-e2e","timestamp":"2026-09-09 11:25:12"}
{"level":"info","message":"[STEP PASSED] Click Pay and Confirm Order button","service":"playwright-e2e","timestamp":"2026-09-09 11:25:14"}
{"level":"info","message":"[STEP START] [BasePage] Navigating to: https://www.automationexercise.com//","service":"playwright-e2e","timestamp":"2026-09-09 11:25:16"}
{"level":"info","message":"[STEP START] [BasePage] Navigating to: https://www.automationexercise.com//","service":"playwright-e2e","timestamp":"2026-09-09 11:25:18"}
{"level":"debug","message":"[BasePage] Successfully navigated to: https://www.automationexercise.com//","service":"playwright-e2e","timestamp":"2026-09-09 11:25:20"}
{"level":"info","message":"[STEP PASSED] [BasePage] Navigating to: https://www.automationexercise.com//","service":"playwright-e2e","timestamp":"2026-09-09 11:25:20"}
{"level":"info","message":"[STEP START] Navigate to Products page","service":"playwright-e2e","timestamp":"2026-09-09 11:25:20"}
{"level":"debug","message":"Clicking Products button","service":"playwright-e2e","timestamp":"2026-09-09 11:25:20"}
{"level":"info","message":"[STEP PASSED] Navigate to Products page","service":"playwright-e2e","timestamp":"2026-09-09 11:25:22"}
{"level":"info","message":"[STEP START] Search for product: \"Lace Top For Women\"","service":"playwright-e2e","timestamp":"2026-09-09 11:25:23"}
{"level":"debug","message":"Filling search input with: Lace Top For Women","service":"playwright-e2e","timestamp":"2026-09-09 11:25:23"}
{"level":"debug","message":"Clicking search submit button","service":"playwright-e2e","timestamp":"2026-09-09 11:25:23"}
{"level":"debug","message":"[BasePage] Successfully navigated to: https://www.automationexercise.com//","service":"playwright-e2e","timestamp":"2026-09-09 11:25:24"}
{"level":"info","message":"[STEP PASSED] [BasePage] Navigating to: https://www.automationexercise.com//","service":"playwright-e2e","timestamp":"2026-09-09 11:25:24"}
{"level":"info","message":"[STEP START] Navigate to Signup / Login page","service":"playwright-e2e","timestamp":"2026-09-09 11:25:24"}
{"level":"debug","message":"Clicking Signup / Login button","service":"playwright-e2e","timestamp":"2026-09-09 11:25:24"}
{"level":"info","message":"[STEP PASSED] Search for product: \"Lace Top For Women\"","service":"playwright-e2e","timestamp":"2026-09-09 11:25:25"}
{"level":"info","message":"[STEP PASSED] Navigate to Signup / Login page","service":"playwright-e2e","timestamp":"2026-09-09 11:25:26"}
{"level":"info","message":"[STEP START] New user signup: email+1788942225930+@test.com","service":"playwright-e2e","timestamp":"2026-09-09 11:25:26"}
{"level":"debug","message":"Filling name input","service":"playwright-e2e","timestamp":"2026-09-09 11:25:26"}
{"level":"debug","message":"Filling email input","service":"playwright-e2e","timestamp":"2026-09-09 11:25:27"}
{"level":"debug","message":"Clicking signup button","service":"playwright-e2e","timestamp":"2026-09-09 11:25:27"}
{"level":"info","message":"[STEP PASSED] New user signup: email+1788942225930+@test.com","service":"playwright-e2e","timestamp":"2026-09-09 11:25:28"}
{"level":"info","message":"[STEP START] Complete registration form for: email+1788942225930+@test.com","service":"playwright-e2e","timestamp":"2026-09-09 11:25:28"}
{"level":"info","message":"[STEP START] [BasePage] Navigating to: https://www.automationexercise.com//","service":"playwright-e2e","timestamp":"2026-09-09 11:25:29"}
{"level":"debug","message":"Filling user password","service":"playwright-e2e","timestamp":"2026-09-09 11:25:29"}
{"level":"debug","message":"Selecting DoB: 9/April/1990","service":"playwright-e2e","timestamp":"2026-09-09 11:25:29"}
{"level":"debug","message":"Filling personal info: Rimas Grimas","service":"playwright-e2e","timestamp":"2026-09-09 11:25:30"}
{"level":"debug","message":"Filling address info: India","service":"playwright-e2e","timestamp":"2026-09-09 11:25:31"}
{"level":"debug","message":"Clicking Create Account button","service":"playwright-e2e","timestamp":"2026-09-09 11:25:32"}
{"level":"info","message":"[STEP PASSED] Complete registration form for: email+1788942225930+@test.com","service":"playwright-e2e","timestamp":"2026-09-09 11:25:33"}
{"level":"info","message":"[STEP START] 'Click Continue button on Account Created page","service":"playwright-e2e","timestamp":"2026-09-09 11:25:35"}
{"level":"debug","message":"Clicking continue button","service":"playwright-e2e","timestamp":"2026-09-09 11:25:35"}
{"level":"debug","message":"[BasePage] Successfully navigated to: https://www.automationexercise.com//","service":"playwright-e2e","timestamp":"2026-09-09 11:25:36"}
{"level":"info","message":"[STEP PASSED] [BasePage] Navigating to: https://www.automationexercise.com//","service":"playwright-e2e","timestamp":"2026-09-09 11:25:36"}
{"level":"info","message":"[STEP START] Subscribe to newsletter with email: email+1783927188631+@test.com","service":"playwright-e2e","timestamp":"2026-09-09 11:25:36"}
{"level":"debug","message":"Scrolling to footer","service":"playwright-e2e","timestamp":"2026-09-09 11:25:36"}
{"level":"debug","message":"Filling subscription email: email+1783927188631+@test.com","service":"playwright-e2e","timestamp":"2026-09-09 11:25:36"}
{"level":"debug","message":"Clicking subscribe button","service":"playwright-e2e","timestamp":"2026-09-09 11:25:36"}
{"level":"info","message":"[STEP PASSED] Subscribe to newsletter with email: email+1783927188631+@test.com","service":"playwright-e2e","timestamp":"2026-09-09 11:25:37"}
{"level":"info","message":"[STEP PASSED] 'Click Continue button on Account Created page","service":"playwright-e2e","timestamp":"2026-09-09 11:25:37"}
{"level":"info","message":"[STEP START] Delete Account","service":"playwright-e2e","timestamp":"2026-09-09 11:25:38"}
{"level":"debug","message":"Clicking Delete Account button","service":"playwright-e2e","timestamp":"2026-09-09 11:25:38"}
{"level":"info","message":"[STEP PASSED] Delete Account","service":"playwright-e2e","timestamp":"2026-09-09 11:25:41"}
{"level":"info","message":"[STEP START] [BasePage] Navigating to: https://www.automationexercise.com//","service":"playwright-e2e","timestamp":"2026-09-11 08:05:24"}
{"level":"info","message":"[STEP START] [BasePage] Navigating to: https://www.automationexercise.com//","service":"playwright-e2e","timestamp":"2026-09-11 08:05:24"}
{"level":"debug","message":"[BasePage] Successfully navigated to: https://www.automationexercise.com//","service":"playwright-e2e","timestamp":"2026-09-11 08:05:32"}
{"level":"info","message":"[STEP PASSED] [BasePage] Navigating to: https://www.automationexercise.com//","service":"playwright-e2e","timestamp":"2026-09-11 08:05:32"}
{"level":"debug","message":"[BasePage] Successfully navigated to: https://www.automationexercise.com//","service":"playwright-e2e","timestamp":"2026-09-11 08:05:32"}
{"level":"info","message":"[STEP PASSED] [BasePage] Navigating to: https://www.automationexercise.com//","service":"playwright-e2e","timestamp":"2026-09-11 08:05:32"}
{"level":"info","message":"[STEP START] Navigate to Products page","service":"playwright-e2e","timestamp":"2026-09-11 08:05:32"}
{"level":"debug","message":"Clicking Products button","service":"playwright-e2e","timestamp":"2026-09-11 08:05:32"}
{"level":"info","message":"[STEP START] Navigate to Signup / Login page","service":"playwright-e2e","timestamp":"2026-09-11 08:05:32"}
{"level":"debug","message":"Clicking Signup / Login button","service":"playwright-e2e","timestamp":"2026-09-11 08:05:32"}
{"level":"info","message":"[STEP PASSED] Navigate to Signup / Login page","service":"playwright-e2e","timestamp":"2026-09-11 08:05:34"}
{"level":"info","message":"[STEP PASSED] Navigate to Products page","service":"playwright-e2e","timestamp":"2026-09-11 08:05:34"}
{"level":"info","message":"[STEP START] Login with email: email+1783927188631+@test.com","service":"playwright-e2e","timestamp":"2026-09-11 08:05:34"}
{"level":"debug","message":"Filling login credentials","service":"playwright-e2e","timestamp":"2026-09-11 08:05:34"}
{"level":"info","message":"[STEP START] Search for product: \"Lace Top For Women\"","service":"playwright-e2e","timestamp":"2026-09-11 08:05:35"}
{"level":"debug","message":"Filling search input with: Lace Top For Women","service":"playwright-e2e","timestamp":"2026-09-11 08:05:35"}
{"level":"debug","message":"Clicking Login button","service":"playwright-e2e","timestamp":"2026-09-11 08:05:35"}
{"level":"debug","message":"Clicking search submit button","service":"playwright-e2e","timestamp":"2026-09-11 08:05:36"}
{"level":"info","message":"[STEP PASSED] Login with email: email+1783927188631+@test.com","service":"playwright-e2e","timestamp":"2026-09-11 08:05:38"}
{"level":"info","message":"[STEP START] Navigate to Contact Us page","service":"playwright-e2e","timestamp":"2026-09-11 08:05:39"}
{"level":"debug","message":"Clicking Contact Us button","service":"playwright-e2e","timestamp":"2026-09-11 08:05:39"}
{"level":"info","message":"[STEP PASSED] Search for product: \"Lace Top For Women\"","service":"playwright-e2e","timestamp":"2026-09-11 08:05:39"}
{"level":"info","message":"[STEP START] Fetch cart row details for","service":"playwright-e2e","timestamp":"2026-09-11 08:05:43"}
{"level":"info","message":"[STEP PASSED] Navigate to Contact Us page","service":"playwright-e2e","timestamp":"2026-09-11 08:05:44"}
{"level":"info","message":"[STEP PASSED] Fetch cart row details for","service":"playwright-e2e","timestamp":"2026-09-11 08:05:44"}
{"level":"info","message":"[STEP START] Submit contact form","service":"playwright-e2e","timestamp":"2026-09-11 08:05:44"}
{"level":"debug","message":"Filling contact form data","service":"playwright-e2e","timestamp":"2026-09-11 08:05:44"}
{"level":"debug","message":"Clicking submit form","service":"playwright-e2e","timestamp":"2026-09-11 08:05:48"}
{"level":"info","message":"[STEP PASSED] Submit contact form","service":"playwright-e2e","timestamp":"2026-09-11 08:05:48"}
{"level":"info","message":"[STEP START] [BasePage] Navigating to: https://www.automationexercise.com//","service":"playwright-e2e","timestamp":"2026-09-11 08:05:51"}
{"level":"info","message":"[STEP START] [BasePage] Navigating to: https://www.automationexercise.com//","service":"playwright-e2e","timestamp":"2026-09-11 08:05:59"}
{"level":"debug","message":"[BasePage] Successfully navigated to: https://www.automationexercise.com//","service":"playwright-e2e","timestamp":"2026-09-11 08:06:00"}
{"level":"info","message":"[STEP PASSED] [BasePage] Navigating to: https://www.automationexercise.com//","service":"playwright-e2e","timestamp":"2026-09-11 08:06:00"}
{"level":"info","message":"[STEP START] Navigate to Signup / Login page","service":"playwright-e2e","timestamp":"2026-09-11 08:06:00"}
{"level":"debug","message":"Clicking Signup / Login button","service":"playwright-e2e","timestamp":"2026-09-11 08:06:00"}
{"level":"info","message":"[STEP PASSED] Navigate to Signup / Login page","service":"playwright-e2e","timestamp":"2026-09-11 08:06:02"}
{"level":"info","message":"[STEP START] Login with email: email+1783927188631+@test.com","service":"playwright-e2e","timestamp":"2026-09-11 08:06:03"}
{"level":"debug","message":"Filling login credentials","service":"playwright-e2e","timestamp":"2026-09-11 08:06:03"}
{"level":"debug","message":"Clicking Login button","service":"playwright-e2e","timestamp":"2026-09-11 08:06:06"}
{"level":"debug","message":"[BasePage] Successfully navigated to: https://www.automationexercise.com//","service":"playwright-e2e","timestamp":"2026-09-11 08:06:08"}
{"level":"info","message":"[STEP PASSED] [BasePage] Navigating to: https://www.automationexercise.com//","service":"playwright-e2e","timestamp":"2026-09-11 08:06:08"}
{"level":"info","message":"[STEP START] Navigate to Signup / Login page","service":"playwright-e2e","timestamp":"2026-09-11 08:06:09"}
{"level":"debug","message":"Clicking Signup / Login button","service":"playwright-e2e","timestamp":"2026-09-11 08:06:09"}
{"level":"info","message":"[STEP PASSED] Login with email: email+1783927188631+@test.com","service":"playwright-e2e","timestamp":"2026-09-11 08:06:09"}
{"level":"info","message":"[STEP PASSED] Navigate to Signup / Login page","service":"playwright-e2e","timestamp":"2026-09-11 08:06:10"}
{"level":"info","message":"[STEP START] Login with email: fail@invaliduser.com","service":"playwright-e2e","timestamp":"2026-09-11 08:06:12"}
{"level":"debug","message":"Filling login credentials","service":"playwright-e2e","timestamp":"2026-09-11 08:06:12"}
{"level":"debug","message":"Clicking Login button","service":"playwright-e2e","timestamp":"2026-09-11 08:06:14"}
{"level":"info","message":"[STEP PASSED] Login with email: fail@invaliduser.com","service":"playwright-e2e","timestamp":"2026-09-11 08:06:17"}
{"level":"info","message":"[STEP START] [BasePage] Navigating to: https://www.automationexercise.com//","service":"playwright-e2e","timestamp":"2026-09-11 08:06:22"}
{"level":"info","message":"[STEP START] [BasePage] Navigating to: https://www.automationexercise.com//","service":"playwright-e2e","timestamp":"2026-09-11 08:06:23"}
{"level":"debug","message":"[BasePage] Successfully navigated to: https://www.automationexercise.com//","service":"playwright-e2e","timestamp":"2026-09-11 08:06:29"}
{"level":"info","message":"[STEP PASSED] [BasePage] Navigating to: https://www.automationexercise.com//","service":"playwright-e2e","timestamp":"2026-09-11 08:06:29"}
{"level":"debug","message":"[BasePage] Successfully navigated to: https://www.automationexercise.com//","service":"playwright-e2e","timestamp":"2026-09-11 08:06:29"}
{"level":"info","message":"[STEP PASSED] [BasePage] Navigating to: https://www.automationexercise.com//","service":"playwright-e2e","timestamp":"2026-09-11 08:06:29"}
{"level":"info","message":"[STEP START] Navigate to Signup / Login page","service":"playwright-e2e","timestamp":"2026-09-11 08:06:29"}
{"level":"debug","message":"Clicking Signup / Login button","service":"playwright-e2e","timestamp":"2026-09-11 08:06:29"}
{"level":"info","message":"[STEP START] Navigate to Signup / Login page","service":"playwright-e2e","timestamp":"2026-09-11 08:06:30"}
{"level":"debug","message":"Clicking Signup / Login button","service":"playwright-e2e","timestamp":"2026-09-11 08:06:30"}
{"level":"info","message":"[STEP PASSED] Navigate to Signup / Login page","service":"playwright-e2e","timestamp":"2026-09-11 08:06:30"}
{"level":"info","message":"[STEP START] Login with email: email+1783927188631+@test.com","service":"playwright-e2e","timestamp":"2026-09-11 08:06:30"}
{"level":"debug","message":"Filling login credentials","service":"playwright-e2e","timestamp":"2026-09-11 08:06:31"}
{"level":"info","message":"[STEP PASSED] Navigate to Signup / Login page","service":"playwright-e2e","timestamp":"2026-09-11 08:06:32"}
{"level":"debug","message":"Clicking Login button","service":"playwright-e2e","timestamp":"2026-09-11 08:06:32"}
{"level":"info","message":"[STEP START] Login with email: email+1783927188631+@test.com","service":"playwright-e2e","timestamp":"2026-09-11 08:06:33"}
{"level":"debug","message":"Filling login credentials","service":"playwright-e2e","timestamp":"2026-09-11 08:06:33"}
{"level":"info","message":"[STEP PASSED] Login with email: email+1783927188631+@test.com","service":"playwright-e2e","timestamp":"2026-09-11 08:06:34"}
{"level":"debug","message":"Clicking Login button","service":"playwright-e2e","timestamp":"2026-09-11 08:06:34"}
{"level":"info","message":"[STEP PASSED] Login with email: email+1783927188631+@test.com","service":"playwright-e2e","timestamp":"2026-09-11 08:06:37"}
{"level":"info","message":"[STEP START] Navigate to Products page","service":"playwright-e2e","timestamp":"2026-09-11 08:06:38"}
{"level":"debug","message":"Clicking Products button","service":"playwright-e2e","timestamp":"2026-09-11 08:06:38"}
{"level":"info","message":"[STEP PASSED] Navigate to Products page","service":"playwright-e2e","timestamp":"2026-09-11 08:06:40"}
{"level":"info","message":"[STEP START] Search for product: \"Lace Top For Women\"","service":"playwright-e2e","timestamp":"2026-09-11 08:06:41"}
{"level":"info","message":"[STEP START] [BasePage] Navigating to: https://www.automationexercise.com//","service":"playwright-e2e","timestamp":"2026-09-11 08:06:41"}
{"level":"debug","message":"Filling search input with: Lace Top For Women","service":"playwright-e2e","timestamp":"2026-09-11 08:06:41"}
{"level":"debug","message":"Clicking search submit button","service":"playwright-e2e","timestamp":"2026-09-11 08:06:41"}
{"level":"info","message":"[STEP PASSED] Search for product: \"Lace Top For Women\"","service":"playwright-e2e","timestamp":"2026-09-11 08:06:42"}
{"level":"info","message":"[STEP START] Fetch cart row details for","service":"playwright-e2e","timestamp":"2026-09-11 08:06:47"}
{"level":"info","message":"[STEP PASSED] Fetch cart row details for","service":"playwright-e2e","timestamp":"2026-09-11 08:06:48"}
{"level":"info","message":"[STEP START] 'Fetch delivery address details","service":"playwright-e2e","timestamp":"2026-09-11 08:06:51"}
{"level":"debug","message":"[BasePage] Successfully navigated to: https://www.automationexercise.com//","service":"playwright-e2e","timestamp":"2026-09-11 08:06:52"}
{"level":"info","message":"[STEP PASSED] [BasePage] Navigating to: https://www.automationexercise.com//","service":"playwright-e2e","timestamp":"2026-09-11 08:06:52"}
{"country":"India","fullAddress":"Deli Kataran 1441","fullName":"Mr. Rimas Grimas","level":"debug","message":"Fetched delivery address details","phone":"0420012889","service":"playwright-e2e","street":"Lakunu street","timestamp":"2026-09-11 08:06:52"}
{"level":"info","message":"[STEP PASSED] 'Fetch delivery address details","service":"playwright-e2e","timestamp":"2026-09-11 08:06:52"}
{"level":"info","message":"[STEP START] Click place order button","service":"playwright-e2e","timestamp":"2026-09-11 08:06:52"}
{"level":"debug","message":"Clicking Place Order button","service":"playwright-e2e","timestamp":"2026-09-11 08:06:52"}
{"level":"info","message":"[STEP START] Enter credit card payment details","service":"playwright-e2e","timestamp":"2026-09-11 08:06:52"}
{"level":"debug","message":"Filling payment form details","service":"playwright-e2e","timestamp":"2026-09-11 08:06:52"}
{"level":"info","message":"[STEP START] Navigate to Products page","service":"playwright-e2e","timestamp":"2026-09-11 08:06:52"}
{"level":"debug","message":"Clicking Products button","service":"playwright-e2e","timestamp":"2026-09-11 08:06:52"}
{"level":"info","message":"[STEP PASSED] Navigate to Products page","service":"playwright-e2e","timestamp":"2026-09-11 08:06:55"}
{"level":"info","message":"[STEP PASSED] Click place order button","service":"playwright-e2e","timestamp":"2026-09-11 08:06:55"}
{"level":"info","message":"[STEP PASSED] Enter credit card payment details","service":"playwright-e2e","timestamp":"2026-09-11 08:06:59"}
{"level":"info","message":"[STEP START] Click Pay and Confirm Order button","service":"playwright-e2e","timestamp":"2026-09-11 08:06:59"}
{"level":"debug","message":"Clicking Pay and Confirm Order","service":"playwright-e2e","timestamp":"2026-09-11 08:06:59"}
{"level":"info","message":"[STEP PASSED] Click Pay and Confirm Order button","service":"playwright-e2e","timestamp":"2026-09-11 08:07:02"}
{"level":"info","message":"[STEP START] [BasePage] Navigating to: https://www.automationexercise.com//","service":"playwright-e2e","timestamp":"2026-09-11 08:07:09"}
{"level":"info","message":"[STEP START] [BasePage] Navigating to: https://www.automationexercise.com//","service":"playwright-e2e","timestamp":"2026-09-11 08:07:11"}
{"level":"debug","message":"[BasePage] Successfully navigated to: https://www.automationexercise.com//","service":"playwright-e2e","timestamp":"2026-09-11 08:07:16"}
{"level":"info","message":"[STEP PASSED] [BasePage] Navigating to: https://www.automationexercise.com//","service":"playwright-e2e","timestamp":"2026-09-11 08:07:16"}
{"level":"info","message":"[STEP START] Navigate to Products page","service":"playwright-e2e","timestamp":"2026-09-11 08:07:16"}
{"level":"debug","message":"Clicking Products button","service":"playwright-e2e","timestamp":"2026-09-11 08:07:16"}
{"level":"debug","message":"[BasePage] Successfully navigated to: https://www.automationexercise.com//","service":"playwright-e2e","timestamp":"2026-09-11 08:07:17"}
{"level":"info","message":"[STEP PASSED] [BasePage] Navigating to: https://www.automationexercise.com//","service":"playwright-e2e","timestamp":"2026-09-11 08:07:17"}
{"level":"info","message":"[STEP START] Navigate to Signup / Login page","service":"playwright-e2e","timestamp":"2026-09-11 08:07:17"}
{"level":"info","message":"[STEP PASSED] Navigate to Products page","service":"playwright-e2e","timestamp":"2026-09-11 08:07:17"}
{"level":"debug","message":"Clicking Signup / Login button","service":"playwright-e2e","timestamp":"2026-09-11 08:07:17"}
{"level":"info","message":"[STEP START] Search for product: \"Lace Top For Women\"","service":"playwright-e2e","timestamp":"2026-09-11 08:07:18"}
{"level":"debug","message":"Filling search input with: Lace Top For Women","service":"playwright-e2e","timestamp":"2026-09-11 08:07:18"}
{"level":"debug","message":"Clicking search submit button","service":"playwright-e2e","timestamp":"2026-09-11 08:07:19"}
{"level":"info","message":"[STEP PASSED] Navigate to Signup / Login page","service":"playwright-e2e","timestamp":"2026-09-11 08:07:19"}
{"level":"info","message":"[STEP START] New user signup: email+1789103120618+@test.com","service":"playwright-e2e","timestamp":"2026-09-11 08:07:19"}
{"level":"debug","message":"Filling name input","service":"playwright-e2e","timestamp":"2026-09-11 08:07:19"}
{"level":"debug","message":"Filling email input","service":"playwright-e2e","timestamp":"2026-09-11 08:07:20"}
{"level":"info","message":"[STEP PASSED] Search for product: \"Lace Top For Women\"","service":"playwright-e2e","timestamp":"2026-09-11 08:07:20"}
{"level":"debug","message":"Clicking signup button","service":"playwright-e2e","timestamp":"2026-09-11 08:07:20"}
{"level":"info","message":"[STEP PASSED] New user signup: email+1789103120618+@test.com","service":"playwright-e2e","timestamp":"2026-09-11 08:07:21"}
{"level":"info","message":"[STEP START] Complete registration form for: email+1789103120618+@test.com","service":"playwright-e2e","timestamp":"2026-09-11 08:07:21"}
{"level":"debug","message":"Filling user password","service":"playwright-e2e","timestamp":"2026-09-11 08:07:22"}
{"level":"debug","message":"Selecting DoB: 9/April/1990","service":"playwright-e2e","timestamp":"2026-09-11 08:07:22"}
{"level":"debug","message":"Filling personal info: Rimas Grimas","service":"playwright-e2e","timestamp":"2026-09-11 08:07:23"}
{"level":"info","message":"[STEP START] [BasePage] Navigating to: https://www.automationexercise.com//","service":"playwright-e2e","timestamp":"2026-09-11 08:07:23"}
{"level":"debug","message":"Filling address info: India","service":"playwright-e2e","timestamp":"2026-09-11 08:07:24"}
{"level":"debug","message":"Clicking Create Account button","service":"playwright-e2e","timestamp":"2026-09-11 08:07:26"}
{"level":"info","message":"[STEP PASSED] Complete registration form for: email+1789103120618+@test.com","service":"playwright-e2e","timestamp":"2026-09-11 08:07:30"}
{"level":"debug","message":"[BasePage] Successfully navigated to: https://www.automationexercise.com//","service":"playwright-e2e","timestamp":"2026-09-11 08:07:30"}
{"level":"info","message":"[STEP PASSED] [BasePage] Navigating to: https://www.automationexercise.com//","service":"playwright-e2e","timestamp":"2026-09-11 08:07:30"}
{"level":"info","message":"[STEP START] Subscribe to newsletter with email: email+1783927188631+@test.com","service":"playwright-e2e","timestamp":"2026-09-11 08:07:31"}
{"level":"debug","message":"Scrolling to footer","service":"playwright-e2e","timestamp":"2026-09-11 08:07:31"}
{"level":"debug","message":"Filling subscription email: email+1783927188631+@test.com","service":"playwright-e2e","timestamp":"2026-09-11 08:07:31"}
{"level":"info","message":"[STEP START] 'Click Continue button on Account Created page","service":"playwright-e2e","timestamp":"2026-09-11 08:07:31"}
{"level":"debug","message":"Clicking continue button","service":"playwright-e2e","timestamp":"2026-09-11 08:07:31"}
{"level":"debug","message":"Clicking subscribe button","service":"playwright-e2e","timestamp":"2026-09-11 08:07:32"}
{"level":"info","message":"[STEP PASSED] Subscribe to newsletter with email: email+1783927188631+@test.com","service":"playwright-e2e","timestamp":"2026-09-11 08:07:32"}
{"level":"info","message":"[STEP PASSED] 'Click Continue button on Account Created page","service":"playwright-e2e","timestamp":"2026-09-11 08:07:33"}
{"level":"info","message":"[STEP START] Delete Account","service":"playwright-e2e","timestamp":"2026-09-11 08:07:34"}
{"level":"debug","message":"Clicking Delete Account button","service":"playwright-e2e","timestamp":"2026-09-11 08:07:34"}
{"level":"info","message":"[STEP PASSED] Delete Account","service":"playwright-e2e","timestamp":"2026-09-11 08:07:39"}
{"level":"info","message":"[STEP START] [BasePage] Navigating to: https://www.automationexercise.com//","service":"playwright-e2e","timestamp":"2026-09-13 15:12:17"}
{"level":"info","message":"[STEP START] [BasePage] Navigating to: https://www.automationexercise.com//","service":"playwright-e2e","timestamp":"2026-09-13 15:12:17"}
{"level":"debug","message":"[BasePage] Successfully navigated to: https://www.automationexercise.com//","service":"playwright-e2e","timestamp":"2026-09-13 15:12:29"}
{"level":"info","message":"[STEP PASSED] [BasePage] Navigating to: https://www.automationexercise.com//","service":"playwright-e2e","timestamp":"2026-09-13 15:12:29"}
{"level":"debug","message":"[BasePage] Successfully navigated to: https://www.automationexercise.com//","service":"playwright-e2e","timestamp":"2026-09-13 15:12:29"}
{"level":"info","message":"[STEP PASSED] [BasePage] Navigating to: https://www.automationexercise.com//","service":"playwright-e2e","timestamp":"2026-09-13 15:12:29"}
{"level":"info","message":"[STEP START] Navigate to Signup / Login page","service":"playwright-e2e","timestamp":"2026-09-13 15:12:30"}
{"level":"debug","message":"Clicking Signup / Login button","service":"playwright-e2e","timestamp":"2026-09-13 15:12:30"}
{"level":"info","message":"[STEP START] Navigate to Products page","service":"playwright-e2e","timestamp":"2026-09-13 15:12:30"}
{"level":"debug","message":"Clicking Products button","service":"playwright-e2e","timestamp":"2026-09-13 15:12:30"}
{"level":"info","message":"[STEP PASSED] Navigate to Signup / Login page","service":"playwright-e2e","timestamp":"2026-09-13 15:12:32"}
{"level":"info","message":"[STEP PASSED] Navigate to Products page","service":"playwright-e2e","timestamp":"2026-09-13 15:12:32"}
{"level":"info","message":"[STEP START] Login with email: email+1783927188631+@test.com","service":"playwright-e2e","timestamp":"2026-09-13 15:12:33"}
{"level":"debug","message":"Filling login credentials","service":"playwright-e2e","timestamp":"2026-09-13 15:12:33"}
{"level":"debug","message":"Clicking Login button","service":"playwright-e2e","timestamp":"2026-09-13 15:12:34"}
{"level":"info","message":"[STEP START] Search for product: \"Lace Top For Women\"","service":"playwright-e2e","timestamp":"2026-09-13 15:12:34"}
{"level":"debug","message":"Filling search input with: Lace Top For Women","service":"playwright-e2e","timestamp":"2026-09-13 15:12:34"}
{"level":"debug","message":"Clicking search submit button","service":"playwright-e2e","timestamp":"2026-09-13 15:12:34"}
{"level":"info","message":"[STEP PASSED] Login with email: email+1783927188631+@test.com","service":"playwright-e2e","timestamp":"2026-09-13 15:12:37"}
{"level":"info","message":"[STEP START] Navigate to Contact Us page","service":"playwright-e2e","timestamp":"2026-09-13 15:12:38"}
{"level":"debug","message":"Clicking Contact Us button","service":"playwright-e2e","timestamp":"2026-09-13 15:12:38"}
{"level":"info","message":"[STEP PASSED] Search for product: \"Lace Top For Women\"","service":"playwright-e2e","timestamp":"2026-09-13 15:12:41"}
{"level":"info","message":"[STEP PASSED] Navigate to Contact Us page","service":"playwright-e2e","timestamp":"2026-09-13 15:12:48"}
{"level":"info","message":"[STEP START] Submit contact form","service":"playwright-e2e","timestamp":"2026-09-13 15:12:49"}
{"level":"debug","message":"Filling contact form data","service":"playwright-e2e","timestamp":"2026-09-13 15:12:49"}
{"level":"debug","message":"Clicking submit form","service":"playwright-e2e","timestamp":"2026-09-13 15:12:51"}
{"level":"info","message":"[STEP PASSED] Submit contact form","service":"playwright-e2e","timestamp":"2026-09-13 15:12:51"}
{"level":"info","message":"[STEP START] [BasePage] Navigating to: https://www.automationexercise.com//","service":"playwright-e2e","timestamp":"2026-09-13 15:13:10"}
{"level":"debug","message":"[BasePage] Successfully navigated to: https://www.automationexercise.com//","service":"playwright-e2e","timestamp":"2026-09-13 15:13:16"}
{"level":"info","message":"[STEP PASSED] [BasePage] Navigating to: https://www.automationexercise.com//","service":"playwright-e2e","timestamp":"2026-09-13 15:13:16"}
{"level":"info","message":"[STEP START] Navigate to Signup / Login page","service":"playwright-e2e","timestamp":"2026-09-13 15:13:17"}
{"level":"debug","message":"Clicking Signup / Login button","service":"playwright-e2e","timestamp":"2026-09-13 15:13:17"}
{"level":"info","message":"[STEP PASSED] Navigate to Signup / Login page","service":"playwright-e2e","timestamp":"2026-09-13 15:13:18"}
{"level":"info","message":"[STEP START] Login with email: email+1783927188631+@test.com","service":"playwright-e2e","timestamp":"2026-09-13 15:13:19"}
{"level":"debug","message":"Filling login credentials","service":"playwright-e2e","timestamp":"2026-09-13 15:13:19"}
{"level":"debug","message":"Clicking Login button","service":"playwright-e2e","timestamp":"2026-09-13 15:13:19"}
{"level":"info","message":"[STEP PASSED] Login with email: email+1783927188631+@test.com","service":"playwright-e2e","timestamp":"2026-09-13 15:13:21"}
{"level":"info","message":"[STEP START] [BasePage] Navigating to: https://www.automationexercise.com//","service":"playwright-e2e","timestamp":"2026-09-13 15:13:27"}
{"level":"debug","message":"[BasePage] Successfully navigated to: https://www.automationexercise.com//","service":"playwright-e2e","timestamp":"2026-09-13 15:13:33"}
{"level":"info","message":"[STEP PASSED] [BasePage] Navigating to: https://www.automationexercise.com//","service":"playwright-e2e","timestamp":"2026-09-13 15:13:33"}
{"level":"info","message":"[STEP START] Navigate to Signup / Login page","service":"playwright-e2e","timestamp":"2026-09-13 15:13:33"}
{"level":"debug","message":"Clicking Signup / Login button","service":"playwright-e2e","timestamp":"2026-09-13 15:13:34"}
{"level":"info","message":"[STEP PASSED] Navigate to Signup / Login page","service":"playwright-e2e","timestamp":"2026-09-13 15:13:35"}
{"level":"info","message":"[STEP START] Login with email: fail@invaliduser.com","service":"playwright-e2e","timestamp":"2026-09-13 15:13:35"}
{"level":"debug","message":"Filling login credentials","service":"playwright-e2e","timestamp":"2026-09-13 15:13:35"}
{"level":"debug","message":"Clicking Login button","service":"playwright-e2e","timestamp":"2026-09-13 15:13:36"}
{"level":"info","message":"[STEP PASSED] Login with email: fail@invaliduser.com","service":"playwright-e2e","timestamp":"2026-09-13 15:13:38"}
{"level":"info","message":"[STEP START] [BasePage] Navigating to: https://www.automationexercise.com//","service":"playwright-e2e","timestamp":"2026-09-13 15:13:42"}
{"level":"debug","message":"[BasePage] Successfully navigated to: https://www.automationexercise.com//","service":"playwright-e2e","timestamp":"2026-09-13 15:13:50"}
{"level":"info","message":"[STEP PASSED] [BasePage] Navigating to: https://www.automationexercise.com//","service":"playwright-e2e","timestamp":"2026-09-13 15:13:50"}
{"level":"info","message":"[STEP START] Navigate to Signup / Login page","service":"playwright-e2e","timestamp":"2026-09-13 15:13:51"}
{"level":"debug","message":"Clicking Signup / Login button","service":"playwright-e2e","timestamp":"2026-09-13 15:13:51"}
{"level":"info","message":"[STEP PASSED] Navigate to Signup / Login page","service":"playwright-e2e","timestamp":"2026-09-13 15:13:53"}
{"level":"info","message":"[STEP START] Login with email: email+1783927188631+@test.com","service":"playwright-e2e","timestamp":"2026-09-13 15:13:54"}
{"level":"debug","message":"Filling login credentials","service":"playwright-e2e","timestamp":"2026-09-13 15:13:54"}
{"level":"debug","message":"Clicking Login button","service":"playwright-e2e","timestamp":"2026-09-13 15:13:55"}
{"level":"info","message":"[STEP PASSED] Login with email: email+1783927188631+@test.com","service":"playwright-e2e","timestamp":"2026-09-13 15:13:56"}
{"level":"info","message":"[STEP START] [BasePage] Navigating to: https://www.automationexercise.com//","service":"playwright-e2e","timestamp":"2026-09-13 15:13:57"}
{"level":"info","message":"[STEP START] Navigate to Products page","service":"playwright-e2e","timestamp":"2026-09-13 15:13:58"}
{"level":"debug","message":"Clicking Products button","service":"playwright-e2e","timestamp":"2026-09-13 15:13:58"}
{"level":"info","message":"[STEP PASSED] Navigate to Products page","service":"playwright-e2e","timestamp":"2026-09-13 15:14:03"}
{"level":"info","message":"[STEP START] Search for product: \"Lace Top For Women\"","service":"playwright-e2e","timestamp":"2026-09-13 15:14:05"}
{"level":"debug","message":"Filling search input with: Lace Top For Women","service":"playwright-e2e","timestamp":"2026-09-13 15:14:05"}
{"level":"debug","message":"Clicking search submit button","service":"playwright-e2e","timestamp":"2026-09-13 15:14:06"}
{"level":"debug","message":"[BasePage] Successfully navigated to: https://www.automationexercise.com//","service":"playwright-e2e","timestamp":"2026-09-13 15:14:08"}
{"level":"info","message":"[STEP PASSED] [BasePage] Navigating to: https://www.automationexercise.com//","service":"playwright-e2e","timestamp":"2026-09-13 15:14:08"}
{"level":"info","message":"[STEP START] Navigate to Signup / Login page","service":"playwright-e2e","timestamp":"2026-09-13 15:14:09"}
{"level":"debug","message":"Clicking Signup / Login button","service":"playwright-e2e","timestamp":"2026-09-13 15:14:09"}
{"level":"info","message":"[STEP PASSED] Search for product: \"Lace Top For Women\"","service":"playwright-e2e","timestamp":"2026-09-13 15:14:09"}
{"level":"info","message":"[STEP PASSED] Navigate to Signup / Login page","service":"playwright-e2e","timestamp":"2026-09-13 15:14:10"}
{"level":"info","message":"[STEP START] Login with email: email+1783927188631+@test.com","service":"playwright-e2e","timestamp":"2026-09-13 15:14:11"}
{"level":"debug","message":"Filling login credentials","service":"playwright-e2e","timestamp":"2026-09-13 15:14:11"}
{"level":"debug","message":"Clicking Login button","service":"playwright-e2e","timestamp":"2026-09-13 15:14:13"}
{"level":"info","message":"[STEP START] Fetch cart row details for","service":"playwright-e2e","timestamp":"2026-09-13 15:14:14"}
{"level":"info","message":"[STEP PASSED] Fetch cart row details for","service":"playwright-e2e","timestamp":"2026-09-13 15:14:14"}
{"level":"info","message":"[STEP START] 'Fetch delivery address details","service":"playwright-e2e","timestamp":"2026-09-13 15:14:16"}
{"level":"info","message":"[STEP PASSED] Login with email: email+1783927188631+@test.com","service":"playwright-e2e","timestamp":"2026-09-13 15:14:16"}
{"country":"India","fullAddress":"Deli Kataran 1441","fullName":"Mr. Rimas Grimas","level":"debug","message":"Fetched delivery address details","phone":"0420012889","service":"playwright-e2e","street":"Lakunu street","timestamp":"2026-09-13 15:14:17"}
{"level":"info","message":"[STEP PASSED] 'Fetch delivery address details","service":"playwright-e2e","timestamp":"2026-09-13 15:14:17"}
{"level":"info","message":"[STEP START] Click place order button","service":"playwright-e2e","timestamp":"2026-09-13 15:14:17"}
{"level":"debug","message":"Clicking Place Order button","service":"playwright-e2e","timestamp":"2026-09-13 15:14:17"}
{"level":"info","message":"[STEP START] Enter credit card payment details","service":"playwright-e2e","timestamp":"2026-09-13 15:14:17"}
{"level":"debug","message":"Filling payment form details","service":"playwright-e2e","timestamp":"2026-09-13 15:14:17"}
{"level":"info","message":"[STEP PASSED] Click place order button","service":"playwright-e2e","timestamp":"2026-09-13 15:14:20"}
{"level":"info","message":"[STEP PASSED] Enter credit card payment details","service":"playwright-e2e","timestamp":"2026-09-13 15:14:22"}
{"level":"info","message":"[STEP START] Click Pay and Confirm Order button","service":"playwright-e2e","timestamp":"2026-09-13 15:14:22"}
{"level":"debug","message":"Clicking Pay and Confirm Order","service":"playwright-e2e","timestamp":"2026-09-13 15:14:22"}
{"level":"info","message":"[STEP PASSED] Click Pay and Confirm Order button","service":"playwright-e2e","timestamp":"2026-09-13 15:14:24"}
{"level":"info","message":"[STEP START] [BasePage] Navigating to: https://www.automationexercise.com//","service":"playwright-e2e","timestamp":"2026-09-13 15:14:29"}
{"level":"info","message":"[STEP START] [BasePage] Navigating to: https://www.automationexercise.com//","service":"playwright-e2e","timestamp":"2026-09-13 15:14:32"}
{"level":"debug","message":"[BasePage] Successfully navigated to: https://www.automationexercise.com//","service":"playwright-e2e","timestamp":"2026-09-13 15:14:35"}
{"level":"info","message":"[STEP PASSED] [BasePage] Navigating to: https://www.automationexercise.com//","service":"playwright-e2e","timestamp":"2026-09-13 15:14:35"}
{"level":"info","message":"[STEP START] Navigate to Products page","service":"playwright-e2e","timestamp":"2026-09-13 15:14:36"}
{"level":"debug","message":"Clicking Products button","service":"playwright-e2e","timestamp":"2026-09-13 15:14:36"}
{"level":"info","message":"[STEP PASSED] Navigate to Products page","service":"playwright-e2e","timestamp":"2026-09-13 15:14:38"}
{"level":"debug","message":"[BasePage] Successfully navigated to: https://www.automationexercise.com//","service":"playwright-e2e","timestamp":"2026-09-13 15:14:38"}
{"level":"info","message":"[STEP PASSED] [BasePage] Navigating to: https://www.automationexercise.com//","service":"playwright-e2e","timestamp":"2026-09-13 15:14:38"}
{"level":"info","message":"[STEP START] Navigate to Products page","service":"playwright-e2e","timestamp":"2026-09-13 15:14:39"}
{"level":"debug","message":"Clicking Products button","service":"playwright-e2e","timestamp":"2026-09-13 15:14:39"}
{"level":"info","message":"[STEP PASSED] Navigate to Products page","service":"playwright-e2e","timestamp":"2026-09-13 15:14:41"}
{"level":"info","message":"[STEP START] Search for product: \"Lace Top For Women\"","service":"playwright-e2e","timestamp":"2026-09-13 15:14:43"}
{"level":"debug","message":"Filling search input with: Lace Top For Women","service":"playwright-e2e","timestamp":"2026-09-13 15:14:43"}
{"level":"debug","message":"Clicking search submit button","service":"playwright-e2e","timestamp":"2026-09-13 15:14:43"}
{"level":"info","message":"[STEP PASSED] Search for product: \"Lace Top For Women\"","service":"playwright-e2e","timestamp":"2026-09-13 15:14:50"}
{"level":"info","message":"[STEP START] [BasePage] Navigating to: https://www.automationexercise.com//","service":"playwright-e2e","timestamp":"2026-09-13 15:14:55"}
{"level":"info","message":"[STEP START] [BasePage] Navigating to: https://www.automationexercise.com//","service":"playwright-e2e","timestamp":"2026-09-13 15:14:56"}
{"level":"debug","message":"[BasePage] Successfully navigated to: https://www.automationexercise.com//","service":"playwright-e2e","timestamp":"2026-09-13 15:15:01"}
{"level":"info","message":"[STEP PASSED] [BasePage] Navigating to: https://www.automationexercise.com//","service":"playwright-e2e","timestamp":"2026-09-13 15:15:01"}
{"level":"debug","message":"[BasePage] Successfully navigated to: https://www.automationexercise.com//","service":"playwright-e2e","timestamp":"2026-09-13 15:15:02"}
{"level":"info","message":"[STEP PASSED] [BasePage] Navigating to: https://www.automationexercise.com//","service":"playwright-e2e","timestamp":"2026-09-13 15:15:02"}
{"level":"info","message":"[STEP START] Navigate to Signup / Login page","service":"playwright-e2e","timestamp":"2026-09-13 15:15:02"}
{"level":"debug","message":"Clicking Signup / Login button","service":"playwright-e2e","timestamp":"2026-09-13 15:15:02"}
{"level":"info","message":"[STEP START] Subscribe to newsletter with email: email+1783927188631+@test.com","service":"playwright-e2e","timestamp":"2026-09-13 15:15:02"}
{"level":"debug","message":"Scrolling to footer","service":"playwright-e2e","timestamp":"2026-09-13 15:15:02"}
{"level":"debug","message":"Filling subscription email: email+1783927188631+@test.com","service":"playwright-e2e","timestamp":"2026-09-13 15:15:02"}
{"level":"debug","message":"Clicking subscribe button","service":"playwright-e2e","timestamp":"2026-09-13 15:15:02"}
{"level":"info","message":"[STEP PASSED] Subscribe to newsletter with email: email+1783927188631+@test.com","service":"playwright-e2e","timestamp":"2026-09-13 15:15:03"}
{"level":"info","message":"[STEP PASSED] Navigate to Signup / Login page","service":"playwright-e2e","timestamp":"2026-09-13 15:15:04"}
{"level":"info","message":"[STEP START] New user signup: email+1789301528789+@test.com","service":"playwright-e2e","timestamp":"2026-09-13 15:15:04"}
{"level":"debug","message":"Filling name input","service":"playwright-e2e","timestamp":"2026-09-13 15:15:04"}
{"level":"debug","message":"Filling email input","service":"playwright-e2e","timestamp":"2026-09-13 15:15:04"}
{"level":"debug","message":"Clicking signup button","service":"playwright-e2e","timestamp":"2026-09-13 15:15:05"}
{"level":"info","message":"[STEP PASSED] New user signup: email+1789301528789+@test.com","service":"playwright-e2e","timestamp":"2026-09-13 15:15:05"}
{"level":"info","message":"[STEP START] Complete registration form for: email+1789301528789+@test.com","service":"playwright-e2e","timestamp":"2026-09-13 15:15:06"}
{"level":"debug","message":"Filling user password","service":"playwright-e2e","timestamp":"2026-09-13 15:15:06"}
{"level":"debug","message":"Selecting DoB: 9/April/1990","service":"playwright-e2e","timestamp":"2026-09-13 15:15:06"}
{"level":"debug","message":"Filling personal info: Rimas Grimas","service":"playwright-e2e","timestamp":"2026-09-13 15:15:07"}
{"level":"debug","message":"Filling address info: India","service":"playwright-e2e","timestamp":"2026-09-13 15:15:08"}
{"level":"debug","message":"Clicking Create Account button","service":"playwright-e2e","timestamp":"2026-09-13 15:15:09"}
{"level":"info","message":"[STEP PASSED] Complete registration form for: email+1789301528789+@test.com","service":"playwright-e2e","timestamp":"2026-09-13 15:15:11"}
{"level":"info","message":"[STEP START] 'Click Continue button on Account Created page","service":"playwright-e2e","timestamp":"2026-09-13 15:15:12"}
{"level":"debug","message":"Clicking continue button","service":"playwright-e2e","timestamp":"2026-09-13 15:15:12"}
{"level":"info","message":"[STEP PASSED] 'Click Continue button on Account Created page","service":"playwright-e2e","timestamp":"2026-09-13 15:15:13"}
{"level":"info","message":"[STEP START] Delete Account","service":"playwright-e2e","timestamp":"2026-09-13 15:15:14"}
{"level":"debug","message":"Clicking Delete Account button","service":"playwright-e2e","timestamp":"2026-09-13 15:15:14"}
{"level":"info","message":"[STEP PASSED] Delete Account","service":"playwright-e2e","timestamp":"2026-09-13 15:15:18"}
{"level":"info","message":"[STEP START] [BasePage] Navigating to: https://www.automationexercise.com//","service":"playwright-e2e","timestamp":"2026-09-15 21:19:41"}
{"level":"info","message":"[STEP START] [BasePage] Navigating to: https://www.automationexercise.com//","service":"playwright-e2e","timestamp":"2026-09-15 21:19:41"}
{"level":"debug","message":"[BasePage] Successfully navigated to: https://www.automationexercise.com//","service":"playwright-e2e","timestamp":"2026-09-15 21:19:52"}
{"level":"info","message":"[STEP PASSED] [BasePage] Navigating to: https://www.automationexercise.com//","service":"playwright-e2e","timestamp":"2026-09-15 21:19:52"}
{"level":"debug","message":"[BasePage] Successfully navigated to: https://www.automationexercise.com//","service":"playwright-e2e","timestamp":"2026-09-15 21:19:52"}
{"level":"info","message":"[STEP PASSED] [BasePage] Navigating to: https://www.automationexercise.com//","service":"playwright-e2e","timestamp":"2026-09-15 21:19:52"}
{"level":"info","message":"[STEP START] Navigate to Signup / Login page","service":"playwright-e2e","timestamp":"2026-09-15 21:19:52"}
{"level":"debug","message":"Clicking Signup / Login button","service":"playwright-e2e","timestamp":"2026-09-15 21:19:52"}
{"level":"info","message":"[STEP START] Navigate to Products page","service":"playwright-e2e","timestamp":"2026-09-15 21:19:52"}
{"level":"debug","message":"Clicking Products button","service":"playwright-e2e","timestamp":"2026-09-15 21:19:52"}
{"level":"info","message":"[STEP PASSED] Navigate to Signup / Login page","service":"playwright-e2e","timestamp":"2026-09-15 21:19:54"}
{"level":"info","message":"[STEP PASSED] Navigate to Products page","service":"playwright-e2e","timestamp":"2026-09-15 21:19:55"}
{"level":"info","message":"[STEP START] Login with email: email+1783927188631+@test.com","service":"playwright-e2e","timestamp":"2026-09-15 21:19:55"}
{"level":"debug","message":"Filling login credentials","service":"playwright-e2e","timestamp":"2026-09-15 21:19:55"}
{"level":"info","message":"[STEP START] Search for product: \"Lace Top For Women\"","service":"playwright-e2e","timestamp":"2026-09-15 21:19:57"}
{"level":"debug","message":"Filling search input with: Lace Top For Women","service":"playwright-e2e","timestamp":"2026-09-15 21:19:57"}
{"level":"debug","message":"Clicking search submit button","service":"playwright-e2e","timestamp":"2026-09-15 21:19:57"}
{"level":"debug","message":"Clicking Login button","service":"playwright-e2e","timestamp":"2026-09-15 21:19:59"}
{"level":"info","message":"[STEP PASSED] Search for product: \"Lace Top For Women\"","service":"playwright-e2e","timestamp":"2026-09-15 21:20:00"}
{"level":"info","message":"[STEP PASSED] Login with email: email+1783927188631+@test.com","service":"playwright-e2e","timestamp":"2026-09-15 21:20:02"}
{"level":"info","message":"[STEP START] Navigate to Contact Us page","service":"playwright-e2e","timestamp":"2026-09-15 21:20:02"}
{"level":"debug","message":"Clicking Contact Us button","service":"playwright-e2e","timestamp":"2026-09-15 21:20:02"}
{"level":"info","message":"[STEP PASSED] Navigate to Contact Us page","service":"playwright-e2e","timestamp":"2026-09-15 21:20:06"}
{"level":"info","message":"[STEP START] Submit contact form","service":"playwright-e2e","timestamp":"2026-09-15 21:20:06"}
{"level":"debug","message":"Filling contact form data","service":"playwright-e2e","timestamp":"2026-09-15 21:20:06"}
{"level":"debug","message":"Clicking submit form","service":"playwright-e2e","timestamp":"2026-09-15 21:20:07"}
{"level":"info","message":"[STEP PASSED] Submit contact form","service":"playwright-e2e","timestamp":"2026-09-15 21:20:08"}
{"level":"info","message":"[STEP START] [BasePage] Navigating to: https://www.automationexercise.com//","service":"playwright-e2e","timestamp":"2026-09-15 21:20:26"}
{"level":"debug","message":"[BasePage] Successfully navigated to: https://www.automationexercise.com//","service":"playwright-e2e","timestamp":"2026-09-15 21:20:30"}
{"level":"info","message":"[STEP PASSED] [BasePage] Navigating to: https://www.automationexercise.com//","service":"playwright-e2e","timestamp":"2026-09-15 21:20:30"}
{"level":"info","message":"[STEP START] Navigate to Signup / Login page","service":"playwright-e2e","timestamp":"2026-09-15 21:20:30"}
{"level":"debug","message":"Clicking Signup / Login button","service":"playwright-e2e","timestamp":"2026-09-15 21:20:30"}
{"level":"info","message":"[STEP PASSED] Navigate to Signup / Login page","service":"playwright-e2e","timestamp":"2026-09-15 21:20:31"}
{"level":"info","message":"[STEP START] Login with email: email+1783927188631+@test.com","service":"playwright-e2e","timestamp":"2026-09-15 21:20:31"}
{"level":"debug","message":"Filling login credentials","service":"playwright-e2e","timestamp":"2026-09-15 21:20:31"}
{"level":"debug","message":"Clicking Login button","service":"playwright-e2e","timestamp":"2026-09-15 21:20:31"}
{"level":"info","message":"[STEP PASSED] Login with email: email+1783927188631+@test.com","service":"playwright-e2e","timestamp":"2026-09-15 21:20:33"}
{"level":"info","message":"[STEP START] [BasePage] Navigating to: https://www.automationexercise.com//","service":"playwright-e2e","timestamp":"2026-09-15 21:20:36"}
{"level":"debug","message":"[BasePage] Successfully navigated to: https://www.automationexercise.com//","service":"playwright-e2e","timestamp":"2026-09-15 21:20:40"}
{"level":"info","message":"[STEP PASSED] [BasePage] Navigating to: https://www.automationexercise.com//","service":"playwright-e2e","timestamp":"2026-09-15 21:20:40"}
{"level":"info","message":"[STEP START] Navigate to Signup / Login page","service":"playwright-e2e","timestamp":"2026-09-15 21:20:40"}
{"level":"debug","message":"Clicking Signup / Login button","service":"playwright-e2e","timestamp":"2026-09-15 21:20:40"}
{"level":"info","message":"[STEP PASSED] Navigate to Signup / Login page","service":"playwright-e2e","timestamp":"2026-09-15 21:20:40"}
{"level":"info","message":"[STEP START] Login with email: fail@invaliduser.com","service":"playwright-e2e","timestamp":"2026-09-15 21:20:41"}
{"level":"debug","message":"Filling login credentials","service":"playwright-e2e","timestamp":"2026-09-15 21:20:41"}
{"level":"debug","message":"Clicking Login button","service":"playwright-e2e","timestamp":"2026-09-15 21:20:42"}
{"level":"info","message":"[STEP PASSED] Login with email: fail@invaliduser.com","service":"playwright-e2e","timestamp":"2026-09-15 21:20:43"}
{"level":"info","message":"[STEP START] [BasePage] Navigating to: https://www.automationexercise.com//","service":"playwright-e2e","timestamp":"2026-09-15 21:20:45"}
{"level":"debug","message":"[BasePage] Successfully navigated to: https://www.automationexercise.com//","service":"playwright-e2e","timestamp":"2026-09-15 21:20:49"}
{"level":"info","message":"[STEP PASSED] [BasePage] Navigating to: https://www.automationexercise.com//","service":"playwright-e2e","timestamp":"2026-09-15 21:20:49"}
{"level":"info","message":"[STEP START] Navigate to Signup / Login page","service":"playwright-e2e","timestamp":"2026-09-15 21:20:49"}
{"level":"debug","message":"Clicking Signup / Login button","service":"playwright-e2e","timestamp":"2026-09-15 21:20:49"}
{"level":"info","message":"[STEP PASSED] Navigate to Signup / Login page","service":"playwright-e2e","timestamp":"2026-09-15 21:20:50"}
{"level":"info","message":"[STEP START] Login with email: email+1783927188631+@test.com","service":"playwright-e2e","timestamp":"2026-09-15 21:20:50"}
{"level":"debug","message":"Filling login credentials","service":"playwright-e2e","timestamp":"2026-09-15 21:20:50"}
{"level":"debug","message":"Clicking Login button","service":"playwright-e2e","timestamp":"2026-09-15 21:20:51"}
{"level":"info","message":"[STEP PASSED] Login with email: email+1783927188631+@test.com","service":"playwright-e2e","timestamp":"2026-09-15 21:20:53"}
{"level":"info","message":"[STEP START] [BasePage] Navigating to: https://www.automationexercise.com//","service":"playwright-e2e","timestamp":"2026-09-15 21:20:58"}
{"level":"debug","message":"[BasePage] Successfully navigated to: https://www.automationexercise.com//","service":"playwright-e2e","timestamp":"2026-09-15 21:21:00"}
{"level":"info","message":"[STEP PASSED] [BasePage] Navigating to: https://www.automationexercise.com//","service":"playwright-e2e","timestamp":"2026-09-15 21:21:00"}
{"level":"info","message":"[STEP START] Navigate to Signup / Login page","service":"playwright-e2e","timestamp":"2026-09-15 21:21:01"}
{"level":"debug","message":"Clicking Signup / Login button","service":"playwright-e2e","timestamp":"2026-09-15 21:21:01"}
{"level":"info","message":"[STEP PASSED] Navigate to Signup / Login page","service":"playwright-e2e","timestamp":"2026-09-15 21:21:01"}
{"level":"info","message":"[STEP START] Login with email: email+1783927188631+@test.com","service":"playwright-e2e","timestamp":"2026-09-15 21:21:02"}
{"level":"debug","message":"Filling login credentials","service":"playwright-e2e","timestamp":"2026-09-15 21:21:02"}
{"level":"debug","message":"Clicking Login button","service":"playwright-e2e","timestamp":"2026-09-15 21:21:02"}
{"level":"info","message":"[STEP PASSED] Login with email: email+1783927188631+@test.com","service":"playwright-e2e","timestamp":"2026-09-15 21:21:03"}
{"level":"info","message":"[STEP START] Navigate to Products page","service":"playwright-e2e","timestamp":"2026-09-15 21:21:05"}
{"level":"debug","message":"Clicking Products button","service":"playwright-e2e","timestamp":"2026-09-15 21:21:05"}
{"level":"info","message":"[STEP PASSED] Navigate to Products page","service":"playwright-e2e","timestamp":"2026-09-15 21:21:08"}
{"level":"info","message":"[STEP START] Search for product: \"Lace Top For Women\"","service":"playwright-e2e","timestamp":"2026-09-15 21:21:09"}
{"level":"debug","message":"Filling search input with: Lace Top For Women","service":"playwright-e2e","timestamp":"2026-09-15 21:21:09"}
{"level":"debug","message":"Clicking search submit button","service":"playwright-e2e","timestamp":"2026-09-15 21:21:10"}
{"level":"info","message":"[STEP PASSED] Search for product: \"Lace Top For Women\"","service":"playwright-e2e","timestamp":"2026-09-15 21:21:12"}
{"level":"info","message":"[STEP START] Fetch cart row details for","service":"playwright-e2e","timestamp":"2026-09-15 21:21:14"}
{"level":"info","message":"[STEP PASSED] Fetch cart row details for","service":"playwright-e2e","timestamp":"2026-09-15 21:21:14"}
{"level":"info","message":"[STEP START] [BasePage] Navigating to: https://www.automationexercise.com//","service":"playwright-e2e","timestamp":"2026-09-15 21:21:15"}
{"level":"info","message":"[STEP START] 'Fetch delivery address details","service":"playwright-e2e","timestamp":"2026-09-15 21:21:15"}
{"country":"India","fullAddress":"Deli Kataran 1441","fullName":"Mr. Rimas Grimas","level":"debug","message":"Fetched delivery address details","phone":"0420012889","service":"playwright-e2e","street":"Lakunu street","timestamp":"2026-09-15 21:21:16"}
{"level":"info","message":"[STEP PASSED] 'Fetch delivery address details","service":"playwright-e2e","timestamp":"2026-09-15 21:21:16"}
{"level":"info","message":"[STEP START] Click place order button","service":"playwright-e2e","timestamp":"2026-09-15 21:21:16"}
{"level":"debug","message":"Clicking Place Order button","service":"playwright-e2e","timestamp":"2026-09-15 21:21:16"}
{"level":"info","message":"[STEP START] Enter credit card payment details","service":"playwright-e2e","timestamp":"2026-09-15 21:21:16"}
{"level":"debug","message":"Filling payment form details","service":"playwright-e2e","timestamp":"2026-09-15 21:21:16"}
{"level":"info","message":"[STEP PASSED] Click place order button","service":"playwright-e2e","timestamp":"2026-09-15 21:21:17"}
{"level":"info","message":"[STEP PASSED] Enter credit card payment details","service":"playwright-e2e","timestamp":"2026-09-15 21:21:18"}
{"level":"info","message":"[STEP START] Click Pay and Confirm Order button","service":"playwright-e2e","timestamp":"2026-09-15 21:21:18"}
{"level":"debug","message":"Clicking Pay and Confirm Order","service":"playwright-e2e","timestamp":"2026-09-15 21:21:18"}
{"level":"debug","message":"[BasePage] Successfully navigated to: https://www.automationexercise.com//","service":"playwright-e2e","timestamp":"2026-09-15 21:21:20"}
{"level":"info","message":"[STEP PASSED] [BasePage] Navigating to: https://www.automationexercise.com//","service":"playwright-e2e","timestamp":"2026-09-15 21:21:20"}
{"level":"info","message":"[STEP PASSED] Click Pay and Confirm Order button","service":"playwright-e2e","timestamp":"2026-09-15 21:21:20"}
{"level":"info","message":"[STEP START] Navigate to Products page","service":"playwright-e2e","timestamp":"2026-09-15 21:21:21"}
{"level":"debug","message":"Clicking Products button","service":"playwright-e2e","timestamp":"2026-09-15 21:21:21"}
{"level":"info","message":"[STEP PASSED] Navigate to Products page","service":"playwright-e2e","timestamp":"2026-09-15 21:21:23"}
{"level":"info","message":"[STEP START] [BasePage] Navigating to: https://www.automationexercise.com//","service":"playwright-e2e","timestamp":"2026-09-15 21:21:25"}
{"level":"info","message":"[STEP START] [BasePage] Navigating to: https://www.automationexercise.com//","service":"playwright-e2e","timestamp":"2026-09-15 21:21:29"}
{"level":"debug","message":"[BasePage] Successfully navigated to: https://www.automationexercise.com//","service":"playwright-e2e","timestamp":"2026-09-15 21:21:29"}
{"level":"info","message":"[STEP PASSED] [BasePage] Navigating to: https://www.automationexercise.com//","service":"playwright-e2e","timestamp":"2026-09-15 21:21:29"}
{"level":"info","message":"[STEP START] Navigate to Products page","service":"playwright-e2e","timestamp":"2026-09-15 21:21:29"}
{"level":"debug","message":"Clicking Products button","service":"playwright-e2e","timestamp":"2026-09-15 21:21:29"}
{"level":"info","message":"[STEP PASSED] Navigate to Products page","service":"playwright-e2e","timestamp":"2026-09-15 21:21:30"}
{"level":"info","message":"[STEP START] Search for product: \"Lace Top For Women\"","service":"playwright-e2e","timestamp":"2026-09-15 21:21:31"}
{"level":"debug","message":"Filling search input with: Lace Top For Women","service":"playwright-e2e","timestamp":"2026-09-15 21:21:31"}
{"level":"debug","message":"Clicking search submit button","service":"playwright-e2e","timestamp":"2026-09-15 21:21:31"}
{"level":"info","message":"[STEP PASSED] Search for product: \"Lace Top For Women\"","service":"playwright-e2e","timestamp":"2026-09-15 21:21:31"}
{"level":"debug","message":"[BasePage] Successfully navigated to: https://www.automationexercise.com//","service":"playwright-e2e","timestamp":"2026-09-15 21:21:33"}
{"level":"info","message":"[STEP PASSED] [BasePage] Navigating to: https://www.automationexercise.com//","service":"playwright-e2e","timestamp":"2026-09-15 21:21:33"}
{"level":"info","message":"[STEP START] Navigate to Signup / Login page","service":"playwright-e2e","timestamp":"2026-09-15 21:21:34"}
{"level":"debug","message":"Clicking Signup / Login button","service":"playwright-e2e","timestamp":"2026-09-15 21:21:34"}
{"level":"info","message":"[STEP PASSED] Navigate to Signup / Login page","service":"playwright-e2e","timestamp":"2026-09-15 21:21:35"}
{"level":"info","message":"[STEP START] New user signup: email+1789496487679+@test.com","service":"playwright-e2e","timestamp":"2026-09-15 21:21:35"}
{"level":"debug","message":"Filling name input","service":"playwright-e2e","timestamp":"2026-09-15 21:21:35"}
{"level":"debug","message":"Filling email input","service":"playwright-e2e","timestamp":"2026-09-15 21:21:36"}
{"level":"debug","message":"Clicking signup button","service":"playwright-e2e","timestamp":"2026-09-15 21:21:36"}
{"level":"info","message":"[STEP PASSED] New user signup: email+1789496487679+@test.com","service":"playwright-e2e","timestamp":"2026-09-15 21:21:37"}
{"level":"info","message":"[STEP START] Complete registration form for: email+1789496487679+@test.com","service":"playwright-e2e","timestamp":"2026-09-15 21:21:37"}
{"level":"info","message":"[STEP START] [BasePage] Navigating to: https://www.automationexercise.com//","service":"playwright-e2e","timestamp":"2026-09-15 21:21:37"}
{"level":"debug","message":"Filling user password","service":"playwright-e2e","timestamp":"2026-09-15 21:21:37"}
{"level":"debug","message":"Selecting DoB: 9/April/1990","service":"playwright-e2e","timestamp":"2026-09-15 21:21:38"}
{"level":"debug","message":"Filling personal info: Rimas Grimas","service":"playwright-e2e","timestamp":"2026-09-15 21:21:39"}
{"level":"debug","message":"[BasePage] Successfully navigated to: https://www.automationexercise.com//","service":"playwright-e2e","timestamp":"2026-09-15 21:21:40"}
{"level":"info","message":"[STEP PASSED] [BasePage] Navigating to: https://www.automationexercise.com//","service":"playwright-e2e","timestamp":"2026-09-15 21:21:40"}
{"level":"debug","message":"Filling address info: India","service":"playwright-e2e","timestamp":"2026-09-15 21:21:40"}
{"level":"info","message":"[STEP START] Subscribe to newsletter with email: email+1783927188631+@test.com","service":"playwright-e2e","timestamp":"2026-09-15 21:21:41"}
{"level":"debug","message":"Scrolling to footer","service":"playwright-e2e","timestamp":"2026-09-15 21:21:41"}
{"level":"debug","message":"Filling subscription email: email+1783927188631+@test.com","service":"playwright-e2e","timestamp":"2026-09-15 21:21:41"}
{"level":"debug","message":"Clicking subscribe button","service":"playwright-e2e","timestamp":"2026-09-15 21:21:41"}
{"level":"info","message":"[STEP PASSED] Subscribe to newsletter with email: email+1783927188631+@test.com","service":"playwright-e2e","timestamp":"2026-09-15 21:21:42"}
{"level":"debug","message":"Clicking Create Account button","service":"playwright-e2e","timestamp":"2026-09-15 21:21:43"}
{"level":"info","message":"[STEP PASSED] Complete registration form for: email+1789496487679+@test.com","service":"playwright-e2e","timestamp":"2026-09-15 21:21:45"}
{"level":"info","message":"[STEP START] 'Click Continue button on Account Created page","service":"playwright-e2e","timestamp":"2026-09-15 21:21:46"}
{"level":"debug","message":"Clicking continue button","service":"playwright-e2e","timestamp":"2026-09-15 21:21:46"}
{"level":"info","message":"[STEP PASSED] 'Click Continue button on Account Created page","service":"playwright-e2e","timestamp":"2026-09-15 21:21:46"}
{"level":"info","message":"[STEP START] Delete Account","service":"playwright-e2e","timestamp":"2026-09-15 21:21:47"}
{"level":"debug","message":"Clicking Delete Account button","service":"playwright-e2e","timestamp":"2026-09-15 21:21:47"}
{"level":"info","message":"[STEP PASSED] Delete Account","service":"playwright-e2e","timestamp":"2026-09-15 21:21:48"}
{"level":"info","message":"[STEP START] [BasePage] Navigating to: https://www.automationexercise.com//","service":"playwright-e2e","timestamp":"2026-09-16 20:14:39"}
{"level":"info","message":"[STEP START] [BasePage] Navigating to: https://www.automationexercise.com//","service":"playwright-e2e","timestamp":"2026-09-16 20:14:39"}
{"level":"debug","message":"[BasePage] Successfully navigated to: https://www.automationexercise.com//","service":"playwright-e2e","timestamp":"2026-09-16 20:14:51"}
{"level":"info","message":"[STEP PASSED] [BasePage] Navigating to: https://www.automationexercise.com//","service":"playwright-e2e","timestamp":"2026-09-16 20:14:51"}
{"level":"info","message":"[STEP START] Navigate to Products page","service":"playwright-e2e","timestamp":"2026-09-16 20:14:51"}
{"level":"debug","message":"Clicking Products button","service":"playwright-e2e","timestamp":"2026-09-16 20:14:51"}
{"level":"debug","message":"[BasePage] Successfully navigated to: https://www.automationexercise.com//","service":"playwright-e2e","timestamp":"2026-09-16 20:14:51"}
{"level":"info","message":"[STEP PASSED] [BasePage] Navigating to: https://www.automationexercise.com//","service":"playwright-e2e","timestamp":"2026-09-16 20:14:51"}
{"level":"info","message":"[STEP START] Navigate to Signup / Login page","service":"playwright-e2e","timestamp":"2026-09-16 20:14:52"}
{"level":"debug","message":"Clicking Signup / Login button","service":"playwright-e2e","timestamp":"2026-09-16 20:14:52"}
{"level":"info","message":"[STEP PASSED] Navigate to Products page","service":"playwright-e2e","timestamp":"2026-09-16 20:14:53"}
{"level":"info","message":"[STEP PASSED] Navigate to Signup / Login page","service":"playwright-e2e","timestamp":"2026-09-16 20:14:54"}
{"level":"info","message":"[STEP START] Search for product: \"Lace Top For Women\"","service":"playwright-e2e","timestamp":"2026-09-16 20:14:54"}
{"level":"debug","message":"Filling search input with: Lace Top For Women","service":"playwright-e2e","timestamp":"2026-09-16 20:14:54"}
{"level":"info","message":"[STEP START] Login with email: email+1783927188631+@test.com","service":"playwright-e2e","timestamp":"2026-09-16 20:14:55"}
{"level":"debug","message":"Filling login credentials","service":"playwright-e2e","timestamp":"2026-09-16 20:14:55"}
{"level":"debug","message":"Clicking search submit button","service":"playwright-e2e","timestamp":"2026-09-16 20:14:55"}
{"level":"debug","message":"Clicking Login button","service":"playwright-e2e","timestamp":"2026-09-16 20:14:57"}
{"level":"info","message":"[STEP PASSED] Search for product: \"Lace Top For Women\"","service":"playwright-e2e","timestamp":"2026-09-16 20:14:58"}
{"level":"info","message":"[STEP PASSED] Login with email: email+1783927188631+@test.com","service":"playwright-e2e","timestamp":"2026-09-16 20:15:01"}
{"level":"info","message":"[STEP START] Navigate to Contact Us page","service":"playwright-e2e","timestamp":"2026-09-16 20:15:03"}
{"level":"debug","message":"Clicking Contact Us button","service":"playwright-e2e","timestamp":"2026-09-16 20:15:03"}
{"level":"info","message":"[STEP START] Fetch cart row details for","service":"playwright-e2e","timestamp":"2026-09-16 20:15:03"}
{"level":"info","message":"[STEP PASSED] Fetch cart row details for","service":"playwright-e2e","timestamp":"2026-09-16 20:15:04"}
{"level":"info","message":"[STEP PASSED] Navigate to Contact Us page","service":"playwright-e2e","timestamp":"2026-09-16 20:15:05"}
{"level":"info","message":"[STEP START] Submit contact form","service":"playwright-e2e","timestamp":"2026-09-16 20:15:06"}
{"level":"debug","message":"Filling contact form data","service":"playwright-e2e","timestamp":"2026-09-16 20:15:06"}
{"level":"debug","message":"Clicking submit form","service":"playwright-e2e","timestamp":"2026-09-16 20:15:10"}
{"level":"info","message":"[STEP PASSED] Submit contact form","service":"playwright-e2e","timestamp":"2026-09-16 20:15:10"}
{"level":"info","message":"[STEP START] [BasePage] Navigating to: https://www.automationexercise.com//","service":"playwright-e2e","timestamp":"2026-09-16 20:15:17"}
{"level":"info","message":"[STEP START] [BasePage] Navigating to: https://www.automationexercise.com//","service":"playwright-e2e","timestamp":"2026-09-16 20:15:20"}
{"level":"debug","message":"[BasePage] Successfully navigated to: https://www.automationexercise.com//","service":"playwright-e2e","timestamp":"2026-09-16 20:15:21"}
{"level":"info","message":"[STEP PASSED] [BasePage] Navigating to: https://www.automationexercise.com//","service":"playwright-e2e","timestamp":"2026-09-16 20:15:21"}
{"level":"info","message":"[STEP START] Navigate to Signup / Login page","service":"playwright-e2e","timestamp":"2026-09-16 20:15:22"}
{"level":"debug","message":"Clicking Signup / Login button","service":"playwright-e2e","timestamp":"2026-09-16 20:15:22"}
{"level":"info","message":"[STEP PASSED] Navigate to Signup / Login page","service":"playwright-e2e","timestamp":"2026-09-16 20:15:23"}
{"level":"info","message":"[STEP START] Login with email: email+1783927188631+@test.com","service":"playwright-e2e","timestamp":"2026-09-16 20:15:24"}
{"level":"debug","message":"Filling login credentials","service":"playwright-e2e","timestamp":"2026-09-16 20:15:24"}
{"level":"debug","message":"Clicking Login button","service":"playwright-e2e","timestamp":"2026-09-16 20:15:24"}
{"level":"debug","message":"[BasePage] Successfully navigated to: https://www.automationexercise.com//","service":"playwright-e2e","timestamp":"2026-09-16 20:15:25"}
{"level":"info","message":"[STEP PASSED] [BasePage] Navigating to: https://www.automationexercise.com//","service":"playwright-e2e","timestamp":"2026-09-16 20:15:25"}
{"level":"info","message":"[STEP START] Navigate to Signup / Login page","service":"playwright-e2e","timestamp":"2026-09-16 20:15:25"}
{"level":"debug","message":"Clicking Signup / Login button","service":"playwright-e2e","timestamp":"2026-09-16 20:15:25"}
{"level":"info","message":"[STEP PASSED] Login with email: email+1783927188631+@test.com","service":"playwright-e2e","timestamp":"2026-09-16 20:15:26"}
{"level":"info","message":"[STEP PASSED] Navigate to Signup / Login page","service":"playwright-e2e","timestamp":"2026-09-16 20:15:26"}
{"level":"info","message":"[STEP START] Login with email: fail@invaliduser.com","service":"playwright-e2e","timestamp":"2026-09-16 20:15:26"}
{"level":"debug","message":"Filling login credentials","service":"playwright-e2e","timestamp":"2026-09-16 20:15:26"}
{"level":"debug","message":"Clicking Login button","service":"playwright-e2e","timestamp":"2026-09-16 20:15:27"}
{"level":"info","message":"[STEP PASSED] Login with email: fail@invaliduser.com","service":"playwright-e2e","timestamp":"2026-09-16 20:15:28"}
{"level":"info","message":"[STEP START] [BasePage] Navigating to: https://www.automationexercise.com//","service":"playwright-e2e","timestamp":"2026-09-16 20:15:30"}
{"level":"info","message":"[STEP START] [BasePage] Navigating to: https://www.automationexercise.com//","service":"playwright-e2e","timestamp":"2026-09-16 20:15:31"}
{"level":"debug","message":"[BasePage] Successfully navigated to: https://www.automationexercise.com//","service":"playwright-e2e","timestamp":"2026-09-16 20:15:35"}
{"level":"info","message":"[STEP PASSED] [BasePage] Navigating to: https://www.automationexercise.com//","service":"playwright-e2e","timestamp":"2026-09-16 20:15:35"}
{"level":"info","message":"[STEP START] Navigate to Signup / Login page","service":"playwright-e2e","timestamp":"2026-09-16 20:15:36"}
{"level":"debug","message":"Clicking Signup / Login button","service":"playwright-e2e","timestamp":"2026-09-16 20:15:36"}
{"level":"info","message":"[STEP PASSED] Navigate to Signup / Login page","service":"playwright-e2e","timestamp":"2026-09-16 20:15:38"}
{"level":"info","message":"[STEP START] Login with email: email+1783927188631+@test.com","service":"playwright-e2e","timestamp":"2026-09-16 20:15:38"}
{"level":"debug","message":"Filling login credentials","service":"playwright-e2e","timestamp":"2026-09-16 20:15:38"}
{"level":"debug","message":"[BasePage] Successfully navigated to: https://www.automationexercise.com//","service":"playwright-e2e","timestamp":"2026-09-16 20:15:38"}
{"level":"info","message":"[STEP PASSED] [BasePage] Navigating to: https://www.automationexercise.com//","service":"playwright-e2e","timestamp":"2026-09-16 20:15:38"}
{"level":"debug","message":"Clicking Login button","service":"playwright-e2e","timestamp":"2026-09-16 20:15:39"}
{"level":"info","message":"[STEP START] Navigate to Signup / Login page","service":"playwright-e2e","timestamp":"2026-09-16 20:15:39"}
{"level":"debug","message":"Clicking Signup / Login button","service":"playwright-e2e","timestamp":"2026-09-16 20:15:39"}
{"level":"info","message":"[STEP PASSED] Navigate to Signup / Login page","service":"playwright-e2e","timestamp":"2026-09-16 20:15:41"}
{"level":"info","message":"[STEP PASSED] Login with email: email+1783927188631+@test.com","service":"playwright-e2e","timestamp":"2026-09-16 20:15:41"}
{"level":"info","message":"[STEP START] Login with email: email+1783927188631+@test.com","service":"playwright-e2e","timestamp":"2026-09-16 20:15:42"}
{"level":"debug","message":"Filling login credentials","service":"playwright-e2e","timestamp":"2026-09-16 20:15:42"}
{"level":"debug","message":"Clicking Login button","service":"playwright-e2e","timestamp":"2026-09-16 20:15:43"}
{"level":"info","message":"[STEP PASSED] Login with email: email+1783927188631+@test.com","service":"playwright-e2e","timestamp":"2026-09-16 20:15:46"}
{"level":"info","message":"[STEP START] Navigate to Products page","service":"playwright-e2e","timestamp":"2026-09-16 20:15:47"}
{"level":"debug","message":"Clicking Products button","service":"playwright-e2e","timestamp":"2026-09-16 20:15:47"}
{"level":"info","message":"[STEP PASSED] Navigate to Products page","service":"playwright-e2e","timestamp":"2026-09-16 20:15:50"}
{"level":"info","message":"[STEP START] [BasePage] Navigating to: https://www.automationexercise.com//","service":"playwright-e2e","timestamp":"2026-09-16 20:15:50"}
{"level":"info","message":"[STEP START] Search for product: \"Lace Top For Women\"","service":"playwright-e2e","timestamp":"2026-09-16 20:15:51"}
{"level":"debug","message":"Filling search input with: Lace Top For Women","service":"playwright-e2e","timestamp":"2026-09-16 20:15:51"}
{"level":"debug","message":"Clicking search submit button","service":"playwright-e2e","timestamp":"2026-09-16 20:15:52"}
{"level":"info","message":"[STEP PASSED] Search for product: \"Lace Top For Women\"","service":"playwright-e2e","timestamp":"2026-09-16 20:15:56"}
{"level":"debug","message":"[BasePage] Successfully navigated to: https://www.automationexercise.com//","service":"playwright-e2e","timestamp":"2026-09-16 20:15:57"}
{"level":"info","message":"[STEP PASSED] [BasePage] Navigating to: https://www.automationexercise.com//","service":"playwright-e2e","timestamp":"2026-09-16 20:15:57"}
{"level":"info","message":"[STEP START] Navigate to Products page","service":"playwright-e2e","timestamp":"2026-09-16 20:15:59"}
{"level":"debug","message":"Clicking Products button","service":"playwright-e2e","timestamp":"2026-09-16 20:15:59"}
{"level":"info","message":"[STEP START] Fetch cart row details for","service":"playwright-e2e","timestamp":"2026-09-16 20:16:01"}
{"level":"info","message":"[STEP PASSED] Navigate to Products page","service":"playwright-e2e","timestamp":"2026-09-16 20:16:02"}
{"level":"info","message":"[STEP PASSED] Fetch cart row details for","service":"playwright-e2e","timestamp":"2026-09-16 20:16:02"}
{"level":"info","message":"[STEP START] 'Fetch delivery address details","service":"playwright-e2e","timestamp":"2026-09-16 20:16:04"}
{"country":"India","fullAddress":"Deli Kataran 1441","fullName":"Mr. Rimas Grimas","level":"debug","message":"Fetched delivery address details","phone":"0420012889","service":"playwright-e2e","street":"Lakunu street","timestamp":"2026-09-16 20:16:05"}
{"level":"info","message":"[STEP PASSED] 'Fetch delivery address details","service":"playwright-e2e","timestamp":"2026-09-16 20:16:05"}
{"level":"info","message":"[STEP START] Click place order button","service":"playwright-e2e","timestamp":"2026-09-16 20:16:05"}
{"level":"debug","message":"Clicking Place Order button","service":"playwright-e2e","timestamp":"2026-09-16 20:16:05"}
{"level":"info","message":"[STEP START] Enter credit card payment details","service":"playwright-e2e","timestamp":"2026-09-16 20:16:05"}
{"level":"debug","message":"Filling payment form details","service":"playwright-e2e","timestamp":"2026-09-16 20:16:05"}
{"level":"info","message":"[STEP PASSED] Click place order button","service":"playwright-e2e","timestamp":"2026-09-16 20:16:08"}
{"level":"info","message":"[STEP PASSED] Enter credit card payment details","service":"playwright-e2e","timestamp":"2026-09-16 20:16:10"}
{"level":"info","message":"[STEP START] Click Pay and Confirm Order button","service":"playwright-e2e","timestamp":"2026-09-16 20:16:10"}
{"level":"debug","message":"Clicking Pay and Confirm Order","service":"playwright-e2e","timestamp":"2026-09-16 20:16:10"}
{"level":"info","message":"[STEP PASSED] Click Pay and Confirm Order button","service":"playwright-e2e","timestamp":"2026-09-16 20:16:13"}
{"level":"info","message":"[STEP START] [BasePage] Navigating to: https://www.automationexercise.com//","service":"playwright-e2e","timestamp":"2026-09-16 20:16:16"}
{"level":"info","message":"[STEP START] [BasePage] Navigating to: https://www.automationexercise.com//","service":"playwright-e2e","timestamp":"2026-09-16 20:16:16"}
{"level":"debug","message":"[BasePage] Successfully navigated to: https://www.automationexercise.com//","service":"playwright-e2e","timestamp":"2026-09-16 20:16:21"}
{"level":"info","message":"[STEP PASSED] [BasePage] Navigating to: https://www.automationexercise.com//","service":"playwright-e2e","timestamp":"2026-09-16 20:16:21"}
{"level":"info","message":"[STEP START] Navigate to Products page","service":"playwright-e2e","timestamp":"2026-09-16 20:16:21"}
{"level":"debug","message":"Clicking Products button","service":"playwright-e2e","timestamp":"2026-09-16 20:16:21"}
{"level":"debug","message":"[BasePage] Successfully navigated to: https://www.automationexercise.com//","service":"playwright-e2e","timestamp":"2026-09-16 20:16:21"}
{"level":"info","message":"[STEP PASSED] [BasePage] Navigating to: https://www.automationexercise.com//","service":"playwright-e2e","timestamp":"2026-09-16 20:16:21"}
{"level":"info","message":"[STEP START] Navigate to Signup / Login page","service":"playwright-e2e","timestamp":"2026-09-16 20:16:21"}
{"level":"debug","message":"Clicking Signup / Login button","service":"playwright-e2e","timestamp":"2026-09-16 20:16:21"}
{"level":"info","message":"[STEP PASSED] Navigate to Products page","service":"playwright-e2e","timestamp":"2026-09-16 20:16:22"}
{"level":"info","message":"[STEP PASSED] Navigate to Signup / Login page","service":"playwright-e2e","timestamp":"2026-09-16 20:16:22"}
{"level":"info","message":"[STEP START] New user signup: email+1789578872924+@test.com","service":"playwright-e2e","timestamp":"2026-09-16 20:16:22"}
{"level":"debug","message":"Filling name input","service":"playwright-e2e","timestamp":"2026-09-16 20:16:22"}
{"level":"info","message":"[STEP START] Search for product: \"Lace Top For Women\"","service":"playwright-e2e","timestamp":"2026-09-16 20:16:23"}
{"level":"debug","message":"Filling search input with: Lace Top For Women","service":"playwright-e2e","timestamp":"2026-09-16 20:16:23"}
{"level":"debug","message":"Clicking search submit button","service":"playwright-e2e","timestamp":"2026-09-16 20:16:23"}
{"level":"debug","message":"Filling email input","service":"playwright-e2e","timestamp":"2026-09-16 20:16:23"}
{"level":"debug","message":"Clicking signup button","service":"playwright-e2e","timestamp":"2026-09-16 20:16:24"}
{"level":"info","message":"[STEP PASSED] New user signup: email+1789578872924+@test.com","service":"playwright-e2e","timestamp":"2026-09-16 20:16:25"}
{"level":"info","message":"[STEP PASSED] Search for product: \"Lace Top For Women\"","service":"playwright-e2e","timestamp":"2026-09-16 20:16:25"}
{"level":"info","message":"[STEP START] Complete registration form for: email+1789578872924+@test.com","service":"playwright-e2e","timestamp":"2026-09-16 20:16:26"}
{"level":"debug","message":"Filling user password","service":"playwright-e2e","timestamp":"2026-09-16 20:16:26"}
{"level":"debug","message":"Selecting DoB: 9/April/1990","service":"playwright-e2e","timestamp":"2026-09-16 20:16:27"}
{"level":"debug","message":"Filling personal info: Rimas Grimas","service":"playwright-e2e","timestamp":"2026-09-16 20:16:28"}
{"level":"info","message":"[STEP START] [BasePage] Navigating to: https://www.automationexercise.com//","service":"playwright-e2e","timestamp":"2026-09-16 20:16:28"}
{"level":"debug","message":"Filling address info: India","service":"playwright-e2e","timestamp":"2026-09-16 20:16:29"}
{"level":"debug","message":"Clicking Create Account button","service":"playwright-e2e","timestamp":"2026-09-16 20:16:30"}
{"level":"info","message":"[STEP PASSED] Complete registration form for: email+1789578872924+@test.com","service":"playwright-e2e","timestamp":"2026-09-16 20:16:32"}
{"level":"info","message":"[STEP START] 'Click Continue button on Account Created page","service":"playwright-e2e","timestamp":"2026-09-16 20:16:33"}
{"level":"debug","message":"Clicking continue button","service":"playwright-e2e","timestamp":"2026-09-16 20:16:33"}
{"level":"debug","message":"[BasePage] Successfully navigated to: https://www.automationexercise.com//","service":"playwright-e2e","timestamp":"2026-09-16 20:16:34"}
{"level":"info","message":"[STEP PASSED] [BasePage] Navigating to: https://www.automationexercise.com//","service":"playwright-e2e","timestamp":"2026-09-16 20:16:34"}
{"level":"info","message":"[STEP PASSED] 'Click Continue button on Account Created page","service":"playwright-e2e","timestamp":"2026-09-16 20:16:34"}
{"level":"info","message":"[STEP START] Subscribe to newsletter with email: email+1783927188631+@test.com","service":"playwright-e2e","timestamp":"2026-09-16 20:16:34"}
{"level":"debug","message":"Scrolling to footer","service":"playwright-e2e","timestamp":"2026-09-16 20:16:34"}
{"level":"debug","message":"Filling subscription email: email+1783927188631+@test.com","service":"playwright-e2e","timestamp":"2026-09-16 20:16:34"}
{"level":"debug","message":"Clicking subscribe button","service":"playwright-e2e","timestamp":"2026-09-16 20:16:35"}
{"level":"info","message":"[STEP START] Delete Account","service":"playwright-e2e","timestamp":"2026-09-16 20:16:35"}
{"level":"debug","message":"Clicking Delete Account button","service":"playwright-e2e","timestamp":"2026-09-16 20:16:35"}
{"level":"info","message":"[STEP PASSED] Subscribe to newsletter with email: email+1783927188631+@test.com","service":"playwright-e2e","timestamp":"2026-09-16 20:16:35"}
{"level":"info","message":"[STEP PASSED] Delete Account","service":"playwright-e2e","timestamp":"2026-09-16 20:16:38"}
{"level":"info","message":"[STEP START] [BasePage] Navigating to: https://www.automationexercise.com//","service":"playwright-e2e","timestamp":"2026-09-16 21:08:27"}
{"level":"info","message":"[STEP START] [BasePage] Navigating to: https://www.automationexercise.com//","service":"playwright-e2e","timestamp":"2026-09-16 21:08:28"}
{"level":"debug","message":"[BasePage] Successfully navigated to: https://www.automationexercise.com//","service":"playwright-e2e","timestamp":"2026-09-16 21:08:37"}
{"level":"info","message":"[STEP PASSED] [BasePage] Navigating to: https://www.automationexercise.com//","service":"playwright-e2e","timestamp":"2026-09-16 21:08:37"}
{"level":"info","message":"[STEP START] Navigate to Signup / Login page","service":"playwright-e2e","timestamp":"2026-09-16 21:08:38"}
{"level":"debug","message":"Clicking Signup / Login button","service":"playwright-e2e","timestamp":"2026-09-16 21:08:38"}
{"level":"debug","message":"[BasePage] Successfully navigated to: https://www.automationexercise.com//","service":"playwright-e2e","timestamp":"2026-09-16 21:08:39"}
{"level":"info","message":"[STEP PASSED] [BasePage] Navigating to: https://www.automationexercise.com//","service":"playwright-e2e","timestamp":"2026-09-16 21:08:39"}
{"level":"info","message":"[STEP PASSED] Navigate to Signup / Login page","service":"playwright-e2e","timestamp":"2026-09-16 21:08:40"}
{"level":"info","message":"[STEP START] Navigate to Signup / Login page","service":"playwright-e2e","timestamp":"2026-09-16 21:08:40"}
{"level":"debug","message":"Clicking Signup / Login button","service":"playwright-e2e","timestamp":"2026-09-16 21:08:40"}
{"level":"info","message":"[STEP START] Login with email: email+1783927188631+@test.com","service":"playwright-e2e","timestamp":"2026-09-16 21:08:40"}
{"level":"debug","message":"Filling login credentials","service":"playwright-e2e","timestamp":"2026-09-16 21:08:40"}
{"level":"debug","message":"Clicking Login button","service":"playwright-e2e","timestamp":"2026-09-16 21:08:41"}
{"level":"info","message":"[STEP PASSED] Navigate to Signup / Login page","service":"playwright-e2e","timestamp":"2026-09-16 21:08:41"}
{"level":"info","message":"[STEP START] Login with email: email+1783927188631+@test.com","service":"playwright-e2e","timestamp":"2026-09-16 21:08:41"}
{"level":"debug","message":"Filling login credentials","service":"playwright-e2e","timestamp":"2026-09-16 21:08:41"}
{"level":"debug","message":"Clicking Login button","service":"playwright-e2e","timestamp":"2026-09-16 21:08:42"}
{"level":"info","message":"[STEP PASSED] Login with email: email+1783927188631+@test.com","service":"playwright-e2e","timestamp":"2026-09-16 21:08:43"}
{"level":"info","message":"[STEP PASSED] Login with email: email+1783927188631+@test.com","service":"playwright-e2e","timestamp":"2026-09-16 21:08:44"}
{"level":"info","message":"[STEP START] Navigate to Contact Us page","service":"playwright-e2e","timestamp":"2026-09-16 21:08:45"}
{"level":"debug","message":"Clicking Contact Us button","service":"playwright-e2e","timestamp":"2026-09-16 21:08:45"}
{"level":"info","message":"[STEP PASSED] Navigate to Contact Us page","service":"playwright-e2e","timestamp":"2026-09-16 21:08:48"}
{"level":"info","message":"[STEP START] Submit contact form","service":"playwright-e2e","timestamp":"2026-09-16 21:08:48"}
{"level":"debug","message":"Filling contact form data","service":"playwright-e2e","timestamp":"2026-09-16 21:08:48"}
{"level":"debug","message":"Clicking submit form","service":"playwright-e2e","timestamp":"2026-09-16 21:08:49"}
{"level":"info","message":"[STEP PASSED] Submit contact form","service":"playwright-e2e","timestamp":"2026-09-16 21:08:49"}
{"level":"info","message":"[STEP START] [BasePage] Navigating to: https://www.automationexercise.com//","service":"playwright-e2e","timestamp":"2026-09-16 21:08:53"}
{"level":"info","message":"[STEP START] [BasePage] Navigating to: https://www.automationexercise.com//","service":"playwright-e2e","timestamp":"2026-09-16 21:08:54"}
{"level":"debug","message":"[BasePage] Successfully navigated to: https://www.automationexercise.com//","service":"playwright-e2e","timestamp":"2026-09-16 21:08:57"}
{"level":"info","message":"[STEP PASSED] [BasePage] Navigating to: https://www.automationexercise.com//","service":"playwright-e2e","timestamp":"2026-09-16 21:08:57"}
{"level":"info","message":"[STEP START] Navigate to Signup / Login page","service":"playwright-e2e","timestamp":"2026-09-16 21:08:57"}
{"level":"debug","message":"Clicking Signup / Login button","service":"playwright-e2e","timestamp":"2026-09-16 21:08:57"}
{"level":"info","message":"[STEP PASSED] Navigate to Signup / Login page","service":"playwright-e2e","timestamp":"2026-09-16 21:08:59"}
{"level":"info","message":"[STEP START] Login with email: fail@invaliduser.com","service":"playwright-e2e","timestamp":"2026-09-16 21:08:59"}
{"level":"debug","message":"[BasePage] Successfully navigated to: https://www.automationexercise.com//","service":"playwright-e2e","timestamp":"2026-09-16 21:08:59"}
{"level":"info","message":"[STEP PASSED] [BasePage] Navigating to: https://www.automationexercise.com//","service":"playwright-e2e","timestamp":"2026-09-16 21:08:59"}
{"level":"debug","message":"Filling login credentials","service":"playwright-e2e","timestamp":"2026-09-16 21:08:59"}
{"level":"info","message":"[STEP START] Navigate to Signup / Login page","service":"playwright-e2e","timestamp":"2026-09-16 21:09:00"}
{"level":"debug","message":"Clicking Signup / Login button","service":"playwright-e2e","timestamp":"2026-09-16 21:09:00"}
{"level":"debug","message":"Clicking Login button","service":"playwright-e2e","timestamp":"2026-09-16 21:09:00"}
{"level":"info","message":"[STEP PASSED] Navigate to Signup / Login page","service":"playwright-e2e","timestamp":"2026-09-16 21:09:01"}
{"level":"info","message":"[STEP PASSED] Login with email: fail@invaliduser.com","service":"playwright-e2e","timestamp":"2026-09-16 21:09:01"}
{"level":"info","message":"[STEP START] Login with email: email+1783927188631+@test.com","service":"playwright-e2e","timestamp":"2026-09-16 21:09:02"}
{"level":"debug","message":"Filling login credentials","service":"playwright-e2e","timestamp":"2026-09-16 21:09:02"}
{"level":"debug","message":"Clicking Login button","service":"playwright-e2e","timestamp":"2026-09-16 21:09:02"}
{"level":"info","message":"[STEP PASSED] Login with email: email+1783927188631+@test.com","service":"playwright-e2e","timestamp":"2026-09-16 21:09:04"}
{"level":"info","message":"[STEP START] [BasePage] Navigating to: https://www.automationexercise.com//","service":"playwright-e2e","timestamp":"2026-09-16 21:09:04"}
{"level":"debug","message":"[BasePage] Successfully navigated to: https://www.automationexercise.com//","service":"playwright-e2e","timestamp":"2026-09-16 21:09:13"}
{"level":"info","message":"[STEP PASSED] [BasePage] Navigating to: https://www.automationexercise.com//","service":"playwright-e2e","timestamp":"2026-09-16 21:09:13"}
{"level":"info","message":"[STEP START] Navigate to Signup / Login page","service":"playwright-e2e","timestamp":"2026-09-16 21:09:15"}
{"level":"debug","message":"Clicking Signup / Login button","service":"playwright-e2e","timestamp":"2026-09-16 21:09:15"}
{"level":"info","message":"[STEP PASSED] Navigate to Signup / Login page","service":"playwright-e2e","timestamp":"2026-09-16 21:09:17"}
{"level":"info","message":"[STEP START] Login with email: email+1783927188631+@test.com","service":"playwright-e2e","timestamp":"2026-09-16 21:09:18"}
{"level":"debug","message":"Filling login credentials","service":"playwright-e2e","timestamp":"2026-09-16 21:09:18"}
{"level":"info","message":"[STEP START] [BasePage] Navigating to: https://www.automationexercise.com//","service":"playwright-e2e","timestamp":"2026-09-16 21:09:19"}
{"level":"debug","message":"Clicking Login button","service":"playwright-e2e","timestamp":"2026-09-16 21:09:20"}
{"level":"info","message":"[STEP PASSED] Login with email: email+1783927188631+@test.com","service":"playwright-e2e","timestamp":"2026-09-16 21:09:22"}
{"level":"info","message":"[STEP START] Navigate to Products page","service":"playwright-e2e","timestamp":"2026-09-16 21:09:23"}
{"level":"debug","message":"Clicking Products button","service":"playwright-e2e","timestamp":"2026-09-16 21:09:23"}
{"level":"info","message":"[STEP PASSED] Navigate to Products page","service":"playwright-e2e","timestamp":"2026-09-16 21:09:29"}
{"level":"debug","message":"[BasePage] Successfully navigated to: https://www.automationexercise.com//","service":"playwright-e2e","timestamp":"2026-09-16 21:09:29"}
{"level":"info","message":"[STEP PASSED] [BasePage] Navigating to: https://www.automationexercise.com//","service":"playwright-e2e","timestamp":"2026-09-16 21:09:29"}
{"level":"info","message":"[STEP START] Search for product: \"Lace Top For Women\"","service":"playwright-e2e","timestamp":"2026-09-16 21:09:30"}
{"level":"debug","message":"Filling search input with: Lace Top For Women","service":"playwright-e2e","timestamp":"2026-09-16 21:09:30"}
{"level":"info","message":"[STEP START] Navigate to Signup / Login page","service":"playwright-e2e","timestamp":"2026-09-16 21:09:31"}
{"level":"debug","message":"Clicking Signup / Login button","service":"playwright-e2e","timestamp":"2026-09-16 21:09:31"}
{"level":"debug","message":"Clicking search submit button","service":"playwright-e2e","timestamp":"2026-09-16 21:09:32"}
{"level":"info","message":"[STEP PASSED] Search for product: \"Lace Top For Women\"","service":"playwright-e2e","timestamp":"2026-09-16 21:09:33"}
{"level":"info","message":"[STEP PASSED] Navigate to Signup / Login page","service":"playwright-e2e","timestamp":"2026-09-16 21:09:35"}
{"level":"info","message":"[STEP START] New user signup: email+1789582099509+@test.com","service":"playwright-e2e","timestamp":"2026-09-16 21:09:36"}
{"level":"debug","message":"Filling name input","service":"playwright-e2e","timestamp":"2026-09-16 21:09:36"}
{"level":"debug","message":"Filling email input","service":"playwright-e2e","timestamp":"2026-09-16 21:09:37"}
{"level":"debug","message":"Clicking signup button","service":"playwright-e2e","timestamp":"2026-09-16 21:09:37"}
{"level":"info","message":"[STEP PASSED] New user signup: email+1789582099509+@test.com","service":"playwright-e2e","timestamp":"2026-09-16 21:09:39"}
{"level":"info","message":"[STEP START] Complete registration form for: email+1789582099509+@test.com","service":"playwright-e2e","timestamp":"2026-09-16 21:09:40"}
{"level":"debug","message":"Filling user password","service":"playwright-e2e","timestamp":"2026-09-16 21:09:42"}
{"level":"debug","message":"Selecting DoB: 9/April/1990","service":"playwright-e2e","timestamp":"2026-09-16 21:09:43"}
{"level":"debug","message":"Filling personal info: Rimas Grimas","service":"playwright-e2e","timestamp":"2026-09-16 21:09:45"}
{"level":"debug","message":"Filling address info: India","service":"playwright-e2e","timestamp":"2026-09-16 21:09:48"}
{"level":"debug","message":"Clicking Create Account button","service":"playwright-e2e","timestamp":"2026-09-16 21:09:50"}
{"level":"info","message":"[STEP PASSED] Complete registration form for: email+1789582099509+@test.com","service":"playwright-e2e","timestamp":"2026-09-16 21:09:55"}
{"level":"info","message":"[STEP START] [BasePage] Navigating to: https://www.automationexercise.com//","service":"playwright-e2e","timestamp":"2026-09-16 21:10:41"}
{"level":"debug","message":"[BasePage] Successfully navigated to: https://www.automationexercise.com//","service":"playwright-e2e","timestamp":"2026-09-16 21:10:48"}
{"level":"info","message":"[STEP PASSED] [BasePage] Navigating to: https://www.automationexercise.com//","service":"playwright-e2e","timestamp":"2026-09-16 21:10:48"}
{"level":"info","message":"[STEP START] Subscribe to newsletter with email: email+1783927188631+@test.com","service":"playwright-e2e","timestamp":"2026-09-16 21:10:49"}
{"level":"debug","message":"Scrolling to footer","service":"playwright-e2e","timestamp":"2026-09-16 21:10:49"}
{"level":"debug","message":"Filling subscription email: email+1783927188631+@test.com","service":"playwright-e2e","timestamp":"2026-09-16 21:10:49"}
{"level":"debug","message":"Clicking subscribe button","service":"playwright-e2e","timestamp":"2026-09-16 21:10:49"}
{"level":"info","message":"[STEP PASSED] Subscribe to newsletter with email: email+1783927188631+@test.com","service":"playwright-e2e","timestamp":"2026-09-16 21:10:50"}
{"level":"info","message":"[STEP START] [BasePage] Navigating to: https://www.automationexercise.com//","service":"playwright-e2e","timestamp":"2026-09-17 08:25:15"}
{"level":"info","message":"[STEP START] [BasePage] Navigating to: https://www.automationexercise.com//","service":"playwright-e2e","timestamp":"2026-09-17 08:25:15"}
{"level":"debug","message":"[BasePage] Successfully navigated to: https://www.automationexercise.com//","service":"playwright-e2e","timestamp":"2026-09-17 08:25:23"}
{"level":"info","message":"[STEP PASSED] [BasePage] Navigating to: https://www.automationexercise.com//","service":"playwright-e2e","timestamp":"2026-09-17 08:25:23"}
{"level":"info","message":"[STEP START] Navigate to Signup / Login page","service":"playwright-e2e","timestamp":"2026-09-17 08:25:23"}
{"level":"debug","message":"Clicking Signup / Login button","service":"playwright-e2e","timestamp":"2026-09-17 08:25:23"}
{"level":"debug","message":"[BasePage] Successfully navigated to: https://www.automationexercise.com//","service":"playwright-e2e","timestamp":"2026-09-17 08:25:24"}
{"level":"info","message":"[STEP PASSED] [BasePage] Navigating to: https://www.automationexercise.com//","service":"playwright-e2e","timestamp":"2026-09-17 08:25:24"}
{"level":"info","message":"[STEP PASSED] Navigate to Signup / Login page","service":"playwright-e2e","timestamp":"2026-09-17 08:25:24"}
{"level":"info","message":"[STEP START] Login with email: email+1783927188631+@test.com","service":"playwright-e2e","timestamp":"2026-09-17 08:25:24"}
{"level":"debug","message":"Filling login credentials","service":"playwright-e2e","timestamp":"2026-09-17 08:25:24"}
{"level":"info","message":"[STEP START] Navigate to Signup / Login page","service":"playwright-e2e","timestamp":"2026-09-17 08:25:24"}
{"level":"debug","message":"Clicking Signup / Login button","service":"playwright-e2e","timestamp":"2026-09-17 08:25:24"}
{"level":"debug","message":"Clicking Login button","service":"playwright-e2e","timestamp":"2026-09-17 08:25:25"}
{"level":"info","message":"[STEP PASSED] Navigate to Signup / Login page","service":"playwright-e2e","timestamp":"2026-09-17 08:25:25"}
{"level":"info","message":"[STEP START] Login with email: email+1783927188631+@test.com","service":"playwright-e2e","timestamp":"2026-09-17 08:25:26"}
{"level":"debug","message":"Filling login credentials","service":"playwright-e2e","timestamp":"2026-09-17 08:25:26"}
{"level":"debug","message":"Clicking Login button","service":"playwright-e2e","timestamp":"2026-09-17 08:25:27"}
{"level":"info","message":"[STEP PASSED] Login with email: email+1783927188631+@test.com","service":"playwright-e2e","timestamp":"2026-09-17 08:25:27"}
{"level":"info","message":"[STEP PASSED] Login with email: email+1783927188631+@test.com","service":"playwright-e2e","timestamp":"2026-09-17 08:25:29"}
{"level":"info","message":"[STEP START] Navigate to Contact Us page","service":"playwright-e2e","timestamp":"2026-09-17 08:25:30"}
{"level":"debug","message":"Clicking Contact Us button","service":"playwright-e2e","timestamp":"2026-09-17 08:25:30"}
{"level":"info","message":"[STEP PASSED] Navigate to Contact Us page","service":"playwright-e2e","timestamp":"2026-09-17 08:25:32"}
{"level":"info","message":"[STEP START] Submit contact form","service":"playwright-e2e","timestamp":"2026-09-17 08:25:32"}
{"level":"debug","message":"Filling contact form data","service":"playwright-e2e","timestamp":"2026-09-17 08:25:32"}
{"level":"info","message":"[STEP START] [BasePage] Navigating to: https://www.automationexercise.com//","service":"playwright-e2e","timestamp":"2026-09-17 08:25:32"}
{"level":"debug","message":"Clicking submit form","service":"playwright-e2e","timestamp":"2026-09-17 08:25:33"}
{"level":"info","message":"[STEP PASSED] Submit contact form","service":"playwright-e2e","timestamp":"2026-09-17 08:25:34"}
{"level":"debug","message":"[BasePage] Successfully navigated to: https://www.automationexercise.com//","service":"playwright-e2e","timestamp":"2026-09-17 08:25:35"}
{"level":"info","message":"[STEP PASSED] [BasePage] Navigating to: https://www.automationexercise.com//","service":"playwright-e2e","timestamp":"2026-09-17 08:25:35"}
{"level":"info","message":"[STEP START] Navigate to Signup / Login page","service":"playwright-e2e","timestamp":"2026-09-17 08:25:35"}
{"level":"debug","message":"Clicking Signup / Login button","service":"playwright-e2e","timestamp":"2026-09-17 08:25:35"}
{"level":"info","message":"[STEP PASSED] Navigate to Signup / Login page","service":"playwright-e2e","timestamp":"2026-09-17 08:25:36"}
{"level":"info","message":"[STEP START] Login with email: fail@invaliduser.com","service":"playwright-e2e","timestamp":"2026-09-17 08:25:36"}
{"level":"debug","message":"Filling login credentials","service":"playwright-e2e","timestamp":"2026-09-17 08:25:36"}
{"level":"debug","message":"Clicking Login button","service":"playwright-e2e","timestamp":"2026-09-17 08:25:37"}
{"level":"info","message":"[STEP PASSED] Login with email: fail@invaliduser.com","service":"playwright-e2e","timestamp":"2026-09-17 08:25:37"}
{"level":"info","message":"[STEP START] [BasePage] Navigating to: https://www.automationexercise.com//","service":"playwright-e2e","timestamp":"2026-09-17 08:25:41"}
{"level":"debug","message":"[BasePage] Successfully navigated to: https://www.automationexercise.com//","service":"playwright-e2e","timestamp":"2026-09-17 08:25:43"}
{"level":"info","message":"[STEP PASSED] [BasePage] Navigating to: https://www.automationexercise.com//","service":"playwright-e2e","timestamp":"2026-09-17 08:25:43"}
{"level":"info","message":"[STEP START] Navigate to Signup / Login page","service":"playwright-e2e","timestamp":"2026-09-17 08:25:43"}
{"level":"debug","message":"Clicking Signup / Login button","service":"playwright-e2e","timestamp":"2026-09-17 08:25:43"}
{"level":"info","message":"[STEP PASSED] Navigate to Signup / Login page","service":"playwright-e2e","timestamp":"2026-09-17 08:25:44"}
{"level":"info","message":"[STEP START] Login with email: email+1783927188631+@test.com","service":"playwright-e2e","timestamp":"2026-09-17 08:25:44"}
{"level":"debug","message":"Filling login credentials","service":"playwright-e2e","timestamp":"2026-09-17 08:25:44"}
{"level":"debug","message":"Clicking Login button","service":"playwright-e2e","timestamp":"2026-09-17 08:25:45"}
{"level":"info","message":"[STEP PASSED] Login with email: email+1783927188631+@test.com","service":"playwright-e2e","timestamp":"2026-09-17 08:25:46"}
{"level":"info","message":"[STEP START] [BasePage] Navigating to: https://www.automationexercise.com//","service":"playwright-e2e","timestamp":"2026-09-17 08:25:52"}
{"level":"info","message":"[STEP START] [BasePage] Navigating to: https://www.automationexercise.com//","service":"playwright-e2e","timestamp":"2026-09-17 08:25:54"}
{"level":"debug","message":"[BasePage] Navigation failed to https://www.automationexercise.com//","service":"playwright-e2e","timestamp":"2026-09-17 08:26:15"}
{"error":{"log":["  - navigating to \"https://www.automationexercise.com//\", waiting until \"domcontentloaded\""],"name":"Error"},"level":"error","message":"[STEP FAILED] [BasePage] Navigating to: https://www.automationexercise.com//","service":"playwright-e2e","timestamp":"2026-09-17 08:26:15"}
{"level":"debug","message":"[BasePage] Navigation failed to https://www.automationexercise.com//","service":"playwright-e2e","timestamp":"2026-09-17 08:26:16"}
{"error":{"log":["  - navigating to \"https://www.automationexercise.com//\", waiting until \"domcontentloaded\""],"name":"Error"},"level":"error","message":"[STEP FAILED] [BasePage] Navigating to: https://www.automationexercise.com//","service":"playwright-e2e","timestamp":"2026-09-17 08:26:16"}
{"level":"info","message":"[STEP START] [BasePage] Navigating to: https://www.automationexercise.com//","service":"playwright-e2e","timestamp":"2026-09-17 08:26:27"}
{"level":"debug","message":"[BasePage] Successfully navigated to: https://www.automationexercise.com//","service":"playwright-e2e","timestamp":"2026-09-17 08:26:44"}
{"level":"info","message":"[STEP PASSED] [BasePage] Navigating to: https://www.automationexercise.com//","service":"playwright-e2e","timestamp":"2026-09-17 08:26:44"}
{"level":"info","message":"[STEP START] Subscribe to newsletter with email: email+1783927188631+@test.com","service":"playwright-e2e","timestamp":"2026-09-17 08:26:44"}
{"level":"debug","message":"Scrolling to footer","service":"playwright-e2e","timestamp":"2026-09-17 08:26:44"}
{"level":"debug","message":"Filling subscription email: email+1783927188631+@test.com","service":"playwright-e2e","timestamp":"2026-09-17 08:26:44"}
{"level":"debug","message":"Clicking subscribe button","service":"playwright-e2e","timestamp":"2026-09-17 08:26:45"}
{"level":"info","message":"[STEP PASSED] Subscribe to newsletter with email: email+1783927188631+@test.com","service":"playwright-e2e","timestamp":"2026-09-17 08:26:45"}
{"level":"info","message":"[STEP START] [BasePage] Navigating to: https://www.automationexercise.com//","service":"playwright-e2e","timestamp":"2026-09-17 08:53:23"}
{"level":"info","message":"[STEP START] [BasePage] Navigating to: https://www.automationexercise.com//","service":"playwright-e2e","timestamp":"2026-09-17 08:53:23"}
{"level":"debug","message":"[BasePage] Successfully navigated to: https://www.automationexercise.com//","service":"playwright-e2e","timestamp":"2026-09-17 08:53:30"}
{"level":"info","message":"[STEP PASSED] [BasePage] Navigating to: https://www.automationexercise.com//","service":"playwright-e2e","timestamp":"2026-09-17 08:53:30"}
{"level":"debug","message":"[BasePage] Successfully navigated to: https://www.automationexercise.com//","service":"playwright-e2e","timestamp":"2026-09-17 08:53:30"}
{"level":"info","message":"[STEP START] Navigate to Signup / Login page","service":"playwright-e2e","timestamp":"2026-09-17 08:53:30"}
{"level":"debug","message":"Clicking Signup / Login button","service":"playwright-e2e","timestamp":"2026-09-17 08:53:30"}
{"level":"info","message":"[STEP PASSED] [BasePage] Navigating to: https://www.automationexercise.com//","service":"playwright-e2e","timestamp":"2026-09-17 08:53:30"}
{"level":"info","message":"[STEP START] Navigate to Signup / Login page","service":"playwright-e2e","timestamp":"2026-09-17 08:53:30"}
{"level":"debug","message":"Clicking Signup / Login button","service":"playwright-e2e","timestamp":"2026-09-17 08:53:30"}
{"level":"info","message":"[STEP PASSED] Navigate to Signup / Login page","service":"playwright-e2e","timestamp":"2026-09-17 08:53:31"}
{"level":"info","message":"[STEP PASSED] Navigate to Signup / Login page","service":"playwright-e2e","timestamp":"2026-09-17 08:53:31"}
{"level":"info","message":"[STEP START] Login with email: email+1783927188631+@test.com","service":"playwright-e2e","timestamp":"2026-09-17 08:53:32"}
{"level":"debug","message":"Filling login credentials","service":"playwright-e2e","timestamp":"2026-09-17 08:53:32"}
{"level":"info","message":"[STEP START] Login with email: email+1783927188631+@test.com","service":"playwright-e2e","timestamp":"2026-09-17 08:53:32"}
{"level":"debug","message":"Filling login credentials","service":"playwright-e2e","timestamp":"2026-09-17 08:53:32"}
{"level":"debug","message":"Clicking Login button","service":"playwright-e2e","timestamp":"2026-09-17 08:53:32"}
{"level":"debug","message":"Clicking Login button","service":"playwright-e2e","timestamp":"2026-09-17 08:53:32"}
{"level":"info","message":"[STEP PASSED] Login with email: email+1783927188631+@test.com","service":"playwright-e2e","timestamp":"2026-09-17 08:53:34"}
{"level":"info","message":"[STEP PASSED] Login with email: email+1783927188631+@test.com","service":"playwright-e2e","timestamp":"2026-09-17 08:53:34"}
{"level":"info","message":"[STEP START] Navigate to Contact Us page","service":"playwright-e2e","timestamp":"2026-09-17 08:53:35"}
{"level":"debug","message":"Clicking Contact Us button","service":"playwright-e2e","timestamp":"2026-09-17 08:53:35"}
{"level":"info","message":"[STEP PASSED] Navigate to Contact Us page","service":"playwright-e2e","timestamp":"2026-09-17 08:53:37"}
{"level":"info","message":"[STEP START] Submit contact form","service":"playwright-e2e","timestamp":"2026-09-17 08:53:37"}
{"level":"debug","message":"Filling contact form data","service":"playwright-e2e","timestamp":"2026-09-17 08:53:37"}
{"level":"debug","message":"Clicking submit form","service":"playwright-e2e","timestamp":"2026-09-17 08:53:38"}
{"level":"info","message":"[STEP PASSED] Submit contact form","service":"playwright-e2e","timestamp":"2026-09-17 08:53:38"}
{"level":"info","message":"[STEP START] [BasePage] Navigating to: https://www.automationexercise.com//","service":"playwright-e2e","timestamp":"2026-09-17 08:53:40"}
{"level":"info","message":"[STEP START] [BasePage] Navigating to: https://www.automationexercise.com//","service":"playwright-e2e","timestamp":"2026-09-17 08:53:40"}
{"level":"debug","message":"[BasePage] Successfully navigated to: https://www.automationexercise.com//","service":"playwright-e2e","timestamp":"2026-09-17 08:53:45"}
{"level":"info","message":"[STEP PASSED] [BasePage] Navigating to: https://www.automationexercise.com//","service":"playwright-e2e","timestamp":"2026-09-17 08:53:45"}
{"level":"debug","message":"[BasePage] Successfully navigated to: https://www.automationexercise.com//","service":"playwright-e2e","timestamp":"2026-09-17 08:53:45"}
{"level":"info","message":"[STEP PASSED] [BasePage] Navigating to: https://www.automationexercise.com//","service":"playwright-e2e","timestamp":"2026-09-17 08:53:45"}
{"level":"info","message":"[STEP START] Navigate to Signup / Login page","service":"playwright-e2e","timestamp":"2026-09-17 08:53:45"}
{"level":"info","message":"[STEP START] Navigate to Signup / Login page","service":"playwright-e2e","timestamp":"2026-09-17 08:53:45"}
{"level":"debug","message":"Clicking Signup / Login button","service":"playwright-e2e","timestamp":"2026-09-17 08:53:45"}
{"level":"debug","message":"Clicking Signup / Login button","service":"playwright-e2e","timestamp":"2026-09-17 08:53:45"}
{"level":"info","message":"[STEP PASSED] Navigate to Signup / Login page","service":"playwright-e2e","timestamp":"2026-09-17 08:53:46"}
{"level":"info","message":"[STEP PASSED] Navigate to Signup / Login page","service":"playwright-e2e","timestamp":"2026-09-17 08:53:47"}
{"level":"info","message":"[STEP START] Login with email: fail@invaliduser.com","service":"playwright-e2e","timestamp":"2026-09-17 08:53:47"}
{"level":"debug","message":"Filling login credentials","service":"playwright-e2e","timestamp":"2026-09-17 08:53:47"}
{"level":"info","message":"[STEP START] Login with email: email+1783927188631+@test.com","service":"playwright-e2e","timestamp":"2026-09-17 08:53:47"}
{"level":"debug","message":"Filling login credentials","service":"playwright-e2e","timestamp":"2026-09-17 08:53:47"}
{"level":"debug","message":"Clicking Login button","service":"playwright-e2e","timestamp":"2026-09-17 08:53:47"}
{"level":"debug","message":"Clicking Login button","service":"playwright-e2e","timestamp":"2026-09-17 08:53:47"}
{"level":"info","message":"[STEP PASSED] Login with email: fail@invaliduser.com","service":"playwright-e2e","timestamp":"2026-09-17 08:53:49"}
{"level":"info","message":"[STEP START] [BasePage] Navigating to: https://www.automationexercise.com//","service":"playwright-e2e","timestamp":"2026-09-17 08:53:51"}
{"level":"info","message":"[STEP PASSED] Login with email: email+1783927188631+@test.com","service":"playwright-e2e","timestamp":"2026-09-17 08:53:51"}
{"level":"debug","message":"[BasePage] Successfully navigated to: https://www.automationexercise.com//","service":"playwright-e2e","timestamp":"2026-09-17 08:53:56"}
{"level":"info","message":"[STEP PASSED] [BasePage] Navigating to: https://www.automationexercise.com//","service":"playwright-e2e","timestamp":"2026-09-17 08:53:56"}
{"level":"info","message":"[STEP START] Navigate to Signup / Login page","service":"playwright-e2e","timestamp":"2026-09-17 08:53:56"}
{"level":"debug","message":"Clicking Signup / Login button","service":"playwright-e2e","timestamp":"2026-09-17 08:53:56"}
{"level":"info","message":"[STEP PASSED] Navigate to Signup / Login page","service":"playwright-e2e","timestamp":"2026-09-17 08:53:57"}
{"level":"info","message":"[STEP START] Login with email: email+1783927188631+@test.com","service":"playwright-e2e","timestamp":"2026-09-17 08:53:57"}
{"level":"debug","message":"Filling login credentials","service":"playwright-e2e","timestamp":"2026-09-17 08:53:57"}
{"level":"debug","message":"Clicking Login button","service":"playwright-e2e","timestamp":"2026-09-17 08:53:58"}
{"level":"info","message":"[STEP START] [BasePage] Navigating to: https://www.automationexercise.com//","service":"playwright-e2e","timestamp":"2026-09-17 08:53:59"}
{"level":"debug","message":"[BasePage] Navigation failed to https://www.automationexercise.com//","service":"playwright-e2e","timestamp":"2026-09-17 08:54:12"}
{"error":{"log":["  - navigating to \"https://www.automationexercise.com//\", waiting until \"domcontentloaded\""],"name":"Error"},"level":"error","message":"[STEP FAILED] [BasePage] Navigating to: https://www.automationexercise.com//","service":"playwright-e2e","timestamp":"2026-09-17 08:54:12"}
{"level":"info","message":"[STEP PASSED] Login with email: email+1783927188631+@test.com","service":"playwright-e2e","timestamp":"2026-09-17 08:54:16"}
{"level":"info","message":"[STEP START] Navigate to Products page","service":"playwright-e2e","timestamp":"2026-09-17 08:54:17"}
{"level":"debug","message":"Clicking Products button","service":"playwright-e2e","timestamp":"2026-09-17 08:54:17"}
{"level":"info","message":"[STEP PASSED] Navigate to Products page","service":"playwright-e2e","timestamp":"2026-09-17 08:54:21"}
{"level":"info","message":"[STEP START] Search for product: \"Lace Top For Women\"","service":"playwright-e2e","timestamp":"2026-09-17 08:54:21"}
{"level":"debug","message":"Filling search input with: Lace Top For Women","service":"playwright-e2e","timestamp":"2026-09-17 08:54:21"}
{"level":"debug","message":"Clicking search submit button","service":"playwright-e2e","timestamp":"2026-09-17 08:54:22"}
{"level":"info","message":"[STEP PASSED] Search for product: \"Lace Top For Women\"","service":"playwright-e2e","timestamp":"2026-09-17 08:54:25"}
{"level":"info","message":"[STEP START] Fetch cart row details for","service":"playwright-e2e","timestamp":"2026-09-17 08:54:28"}
{"level":"info","message":"[STEP PASSED] Fetch cart row details for","service":"playwright-e2e","timestamp":"2026-09-17 08:54:29"}
{"level":"info","message":"[STEP START] 'Fetch delivery address details","service":"playwright-e2e","timestamp":"2026-09-17 08:54:31"}
{"country":"India","fullAddress":"Deli Kataran 1441","fullName":"Mr. Rimas Grimas","level":"debug","message":"Fetched delivery address details","phone":"0420012889","service":"playwright-e2e","street":"Lakunu street","timestamp":"2026-09-17 08:54:31"}
{"level":"info","message":"[STEP PASSED] 'Fetch delivery address details","service":"playwright-e2e","timestamp":"2026-09-17 08:54:31"}
{"level":"info","message":"[STEP START] Click place order button","service":"playwright-e2e","timestamp":"2026-09-17 08:54:31"}
{"level":"debug","message":"Clicking Place Order button","service":"playwright-e2e","timestamp":"2026-09-17 08:54:31"}
{"level":"info","message":"[STEP START] Enter credit card payment details","service":"playwright-e2e","timestamp":"2026-09-17 08:54:31"}
{"level":"debug","message":"Filling payment form details","service":"playwright-e2e","timestamp":"2026-09-17 08:54:31"}
{"level":"info","message":"[STEP PASSED] Click place order button","service":"playwright-e2e","timestamp":"2026-09-17 08:54:32"}
{"level":"info","message":"[STEP PASSED] Enter credit card payment details","service":"playwright-e2e","timestamp":"2026-09-17 08:54:34"}
{"level":"info","message":"[STEP START] Click Pay and Confirm Order button","service":"playwright-e2e","timestamp":"2026-09-17 08:54:34"}
{"level":"debug","message":"Clicking Pay and Confirm Order","service":"playwright-e2e","timestamp":"2026-09-17 08:54:34"}
{"level":"info","message":"[STEP PASSED] Click Pay and Confirm Order button","service":"playwright-e2e","timestamp":"2026-09-17 08:54:36"}
{"level":"info","message":"[STEP START] [BasePage] Navigating to: https://www.automationexercise.com//","service":"playwright-e2e","timestamp":"2026-09-17 08:54:37"}
{"level":"debug","message":"[BasePage] Successfully navigated to: https://www.automationexercise.com//","service":"playwright-e2e","timestamp":"2026-09-17 08:54:45"}
{"level":"info","message":"[STEP PASSED] [BasePage] Navigating to: https://www.automationexercise.com//","service":"playwright-e2e","timestamp":"2026-09-17 08:54:45"}
{"level":"info","message":"[STEP START] Subscribe to newsletter with email: email+1783927188631+@test.com","service":"playwright-e2e","timestamp":"2026-09-17 08:54:45"}
{"level":"debug","message":"Scrolling to footer","service":"playwright-e2e","timestamp":"2026-09-17 08:54:45"}
{"level":"debug","message":"Filling subscription email: email+1783927188631+@test.com","service":"playwright-e2e","timestamp":"2026-09-17 08:54:45"}
{"level":"debug","message":"Clicking subscribe button","service":"playwright-e2e","timestamp":"2026-09-17 08:54:45"}
{"level":"info","message":"[STEP PASSED] Subscribe to newsletter with email: email+1783927188631+@test.com","service":"playwright-e2e","timestamp":"2026-09-17 08:54:46"}
{"level":"info","message":"[STEP START] [BasePage] Navigating to: https://www.automationexercise.com//","service":"playwright-e2e","timestamp":"2026-09-17 09:19:12"}
{"level":"info","message":"[STEP START] [BasePage] Navigating to: https://www.automationexercise.com//","service":"playwright-e2e","timestamp":"2026-09-17 09:19:12"}
{"level":"debug","message":"[BasePage] Successfully navigated to: https://www.automationexercise.com//","service":"playwright-e2e","timestamp":"2026-09-17 09:19:18"}
{"level":"info","message":"[STEP PASSED] [BasePage] Navigating to: https://www.automationexercise.com//","service":"playwright-e2e","timestamp":"2026-09-17 09:19:18"}
{"level":"debug","message":"[BasePage] Successfully navigated to: https://www.automationexercise.com//","service":"playwright-e2e","timestamp":"2026-09-17 09:19:18"}
{"level":"info","message":"[STEP START] Navigate to Signup / Login page","service":"playwright-e2e","timestamp":"2026-09-17 09:19:18"}
{"level":"debug","message":"Clicking Signup / Login button","service":"playwright-e2e","timestamp":"2026-09-17 09:19:18"}
{"level":"info","message":"[STEP PASSED] [BasePage] Navigating to: https://www.automationexercise.com//","service":"playwright-e2e","timestamp":"2026-09-17 09:19:18"}
{"level":"info","message":"[STEP START] Navigate to Signup / Login page","service":"playwright-e2e","timestamp":"2026-09-17 09:19:18"}
{"level":"debug","message":"Clicking Signup / Login button","service":"playwright-e2e","timestamp":"2026-09-17 09:19:18"}
{"level":"info","message":"[STEP PASSED] Navigate to Signup / Login page","service":"playwright-e2e","timestamp":"2026-09-17 09:19:19"}
{"level":"info","message":"[STEP START] Login with email: email+1783927188631+@test.com","service":"playwright-e2e","timestamp":"2026-09-17 09:19:19"}
{"level":"debug","message":"Filling login credentials","service":"playwright-e2e","timestamp":"2026-09-17 09:19:19"}
{"level":"info","message":"[STEP PASSED] Navigate to Signup / Login page","service":"playwright-e2e","timestamp":"2026-09-17 09:19:19"}
{"level":"info","message":"[STEP START] Login with email: email+1783927188631+@test.com","service":"playwright-e2e","timestamp":"2026-09-17 09:19:20"}
{"level":"debug","message":"Filling login credentials","service":"playwright-e2e","timestamp":"2026-09-17 09:19:20"}
{"level":"debug","message":"Clicking Login button","service":"playwright-e2e","timestamp":"2026-09-17 09:19:20"}
{"level":"debug","message":"Clicking Login button","service":"playwright-e2e","timestamp":"2026-09-17 09:19:21"}
{"level":"info","message":"[STEP PASSED] Login with email: email+1783927188631+@test.com","service":"playwright-e2e","timestamp":"2026-09-17 09:19:23"}
{"level":"info","message":"[STEP PASSED] Login with email: email+1783927188631+@test.com","service":"playwright-e2e","timestamp":"2026-09-17 09:19:23"}
{"level":"info","message":"[STEP START] Navigate to Contact Us page","service":"playwright-e2e","timestamp":"2026-09-17 09:19:24"}
{"level":"debug","message":"Clicking Contact Us button","service":"playwright-e2e","timestamp":"2026-09-17 09:19:24"}
{"level":"info","message":"[STEP PASSED] Navigate to Contact Us page","service":"playwright-e2e","timestamp":"2026-09-17 09:19:26"}
{"level":"info","message":"[STEP START] Submit contact form","service":"playwright-e2e","timestamp":"2026-09-17 09:19:26"}
{"level":"debug","message":"Filling contact form data","service":"playwright-e2e","timestamp":"2026-09-17 09:19:26"}
{"level":"debug","message":"Clicking submit form","service":"playwright-e2e","timestamp":"2026-09-17 09:19:27"}
{"level":"info","message":"[STEP PASSED] Submit contact form","service":"playwright-e2e","timestamp":"2026-09-17 09:19:27"}
{"level":"info","message":"[STEP START] [BasePage] Navigating to: https://www.automationexercise.com//","service":"playwright-e2e","timestamp":"2026-09-17 09:19:27"}
{"level":"info","message":"[STEP START] [BasePage] Navigating to: https://www.automationexercise.com//","service":"playwright-e2e","timestamp":"2026-09-17 09:19:28"}
{"level":"debug","message":"[BasePage] Successfully navigated to: https://www.automationexercise.com//","service":"playwright-e2e","timestamp":"2026-09-17 09:19:30"}
{"level":"info","message":"[STEP PASSED] [BasePage] Navigating to: https://www.automationexercise.com//","service":"playwright-e2e","timestamp":"2026-09-17 09:19:30"}
{"level":"info","message":"[STEP START] Navigate to Signup / Login page","service":"playwright-e2e","timestamp":"2026-09-17 09:19:30"}
{"level":"debug","message":"Clicking Signup / Login button","service":"playwright-e2e","timestamp":"2026-09-17 09:19:30"}
{"level":"debug","message":"[BasePage] Successfully navigated to: https://www.automationexercise.com//","service":"playwright-e2e","timestamp":"2026-09-17 09:19:32"}
{"level":"info","message":"[STEP PASSED] [BasePage] Navigating to: https://www.automationexercise.com//","service":"playwright-e2e","timestamp":"2026-09-17 09:19:32"}
{"level":"info","message":"[STEP PASSED] Navigate to Signup / Login page","service":"playwright-e2e","timestamp":"2026-09-17 09:19:32"}
{"level":"info","message":"[STEP START] Navigate to Signup / Login page","service":"playwright-e2e","timestamp":"2026-09-17 09:19:32"}
{"level":"debug","message":"Clicking Signup / Login button","service":"playwright-e2e","timestamp":"2026-09-17 09:19:32"}
{"level":"info","message":"[STEP START] Login with email: fail@invaliduser.com","service":"playwright-e2e","timestamp":"2026-09-17 09:19:32"}
{"level":"debug","message":"Filling login credentials","service":"playwright-e2e","timestamp":"2026-09-17 09:19:32"}
{"level":"debug","message":"Clicking Login button","service":"playwright-e2e","timestamp":"2026-09-17 09:19:32"}
{"level":"info","message":"[STEP PASSED] Navigate to Signup / Login page","service":"playwright-e2e","timestamp":"2026-09-17 09:19:33"}
{"level":"info","message":"[STEP START] Login with email: email+1783927188631+@test.com","service":"playwright-e2e","timestamp":"2026-09-17 09:19:33"}
{"level":"debug","message":"Filling login credentials","service":"playwright-e2e","timestamp":"2026-09-17 09:19:33"}
{"level":"debug","message":"Clicking Login button","service":"playwright-e2e","timestamp":"2026-09-17 09:19:33"}
{"level":"info","message":"[STEP PASSED] Login with email: fail@invaliduser.com","service":"playwright-e2e","timestamp":"2026-09-17 09:19:33"}
{"level":"info","message":"[STEP START] [BasePage] Navigating to: https://www.automationexercise.com//","service":"playwright-e2e","timestamp":"2026-09-17 09:19:34"}
{"level":"info","message":"[STEP PASSED] Login with email: email+1783927188631+@test.com","service":"playwright-e2e","timestamp":"2026-09-17 09:19:35"}
{"level":"debug","message":"[BasePage] Successfully navigated to: https://www.automationexercise.com//","service":"playwright-e2e","timestamp":"2026-09-17 09:19:37"}
{"level":"info","message":"[STEP PASSED] [BasePage] Navigating to: https://www.automationexercise.com//","service":"playwright-e2e","timestamp":"2026-09-17 09:19:37"}
{"level":"info","message":"[STEP START] Navigate to Signup / Login page","service":"playwright-e2e","timestamp":"2026-09-17 09:19:37"}
{"level":"debug","message":"Clicking Signup / Login button","service":"playwright-e2e","timestamp":"2026-09-17 09:19:37"}
{"level":"info","message":"[STEP PASSED] Navigate to Signup / Login page","service":"playwright-e2e","timestamp":"2026-09-17 09:19:38"}
{"level":"info","message":"[STEP START] Login with email: email+1783927188631+@test.com","service":"playwright-e2e","timestamp":"2026-09-17 09:19:38"}
{"level":"debug","message":"Filling login credentials","service":"playwright-e2e","timestamp":"2026-09-17 09:19:38"}
{"level":"debug","message":"Clicking Login button","service":"playwright-e2e","timestamp":"2026-09-17 09:19:39"}
{"level":"info","message":"[STEP START] [BasePage] Navigating to: https://www.automationexercise.com//","service":"playwright-e2e","timestamp":"2026-09-17 09:19:39"}
{"level":"info","message":"[STEP PASSED] Login with email: email+1783927188631+@test.com","service":"playwright-e2e","timestamp":"2026-09-17 09:19:40"}
{"level":"info","message":"[STEP START] Navigate to Products page","service":"playwright-e2e","timestamp":"2026-09-17 09:19:41"}
{"level":"debug","message":"Clicking Products button","service":"playwright-e2e","timestamp":"2026-09-17 09:19:41"}
{"level":"debug","message":"[BasePage] Successfully navigated to: https://www.automationexercise.com//","service":"playwright-e2e","timestamp":"2026-09-17 09:19:42"}
{"level":"info","message":"[STEP PASSED] [BasePage] Navigating to: https://www.automationexercise.com//","service":"playwright-e2e","timestamp":"2026-09-17 09:19:42"}
{"level":"info","message":"[STEP START] Navigate to Signup / Login page","service":"playwright-e2e","timestamp":"2026-09-17 09:19:42"}
{"level":"debug","message":"Clicking Signup / Login button","service":"playwright-e2e","timestamp":"2026-09-17 09:19:42"}
{"level":"info","message":"[STEP PASSED] Navigate to Signup / Login page","service":"playwright-e2e","timestamp":"2026-09-17 09:19:43"}
{"level":"info","message":"[STEP PASSED] Navigate to Products page","service":"playwright-e2e","timestamp":"2026-09-17 09:19:43"}
{"level":"info","message":"[STEP START] New user signup: email+1789625950795+@test.com","service":"playwright-e2e","timestamp":"2026-09-17 09:19:43"}
{"level":"debug","message":"Filling name input","service":"playwright-e2e","timestamp":"2026-09-17 09:19:43"}
{"level":"info","message":"[STEP START] Search for product: \"Lace Top For Women\"","service":"playwright-e2e","timestamp":"2026-09-17 09:19:43"}
{"level":"debug","message":"Filling search input with: Lace Top For Women","service":"playwright-e2e","timestamp":"2026-09-17 09:19:43"}
{"level":"debug","message":"Filling email input","service":"playwright-e2e","timestamp":"2026-09-17 09:19:43"}
{"level":"debug","message":"Clicking search submit button","service":"playwright-e2e","timestamp":"2026-09-17 09:19:44"}
{"level":"debug","message":"Clicking signup button","service":"playwright-e2e","timestamp":"2026-09-17 09:19:44"}
{"level":"info","message":"[STEP PASSED] Search for product: \"Lace Top For Women\"","service":"playwright-e2e","timestamp":"2026-09-17 09:19:44"}
{"level":"info","message":"[STEP PASSED] New user signup: email+1789625950795+@test.com","service":"playwright-e2e","timestamp":"2026-09-17 09:19:45"}
{"level":"info","message":"[STEP START] Complete registration form for: email+1789625950795+@test.com","service":"playwright-e2e","timestamp":"2026-09-17 09:19:45"}
{"level":"debug","message":"Filling user password","service":"playwright-e2e","timestamp":"2026-09-17 09:19:45"}
{"level":"debug","message":"Selecting DoB: 9/April/1990","service":"playwright-e2e","timestamp":"2026-09-17 09:19:45"}
{"level":"debug","message":"Filling personal info: Rimas Grimas","service":"playwright-e2e","timestamp":"2026-09-17 09:19:46"}
{"level":"info","message":"[STEP START] Fetch cart row details for","service":"playwright-e2e","timestamp":"2026-09-17 09:19:47"}
{"level":"debug","message":"Filling address info: India","service":"playwright-e2e","timestamp":"2026-09-17 09:19:47"}
{"level":"info","message":"[STEP PASSED] Fetch cart row details for","service":"playwright-e2e","timestamp":"2026-09-17 09:19:47"}
{"level":"debug","message":"Clicking Create Account button","service":"playwright-e2e","timestamp":"2026-09-17 09:19:48"}
{"level":"info","message":"[STEP START] 'Fetch delivery address details","service":"playwright-e2e","timestamp":"2026-09-17 09:19:49"}
{"country":"India","fullAddress":"Deli Kataran 1441","fullName":"Mr. Rimas Grimas","level":"debug","message":"Fetched delivery address details","phone":"0420012889","service":"playwright-e2e","street":"Lakunu street","timestamp":"2026-09-17 09:19:49"}
{"level":"info","message":"[STEP PASSED] 'Fetch delivery address details","service":"playwright-e2e","timestamp":"2026-09-17 09:19:49"}
{"level":"info","message":"[STEP START] Click place order button","service":"playwright-e2e","timestamp":"2026-09-17 09:19:49"}
{"level":"debug","message":"Clicking Place Order button","service":"playwright-e2e","timestamp":"2026-09-17 09:19:49"}
{"level":"info","message":"[STEP START] Enter credit card payment details","service":"playwright-e2e","timestamp":"2026-09-17 09:19:49"}
{"level":"debug","message":"Filling payment form details","service":"playwright-e2e","timestamp":"2026-09-17 09:19:49"}
{"level":"info","message":"[STEP PASSED] Complete registration form for: email+1789625950795+@test.com","service":"playwright-e2e","timestamp":"2026-09-17 09:19:51"}
{"level":"info","message":"[STEP PASSED] Click place order button","service":"playwright-e2e","timestamp":"2026-09-17 09:19:51"}
{"level":"info","message":"[STEP START] 'Click Continue button on Account Created page","service":"playwright-e2e","timestamp":"2026-09-17 09:19:52"}
{"level":"debug","message":"Clicking continue button","service":"playwright-e2e","timestamp":"2026-09-17 09:19:52"}
{"level":"info","message":"[STEP PASSED] Enter credit card payment details","service":"playwright-e2e","timestamp":"2026-09-17 09:19:52"}
{"level":"info","message":"[STEP START] Click Pay and Confirm Order button","service":"playwright-e2e","timestamp":"2026-09-17 09:19:52"}
{"level":"debug","message":"Clicking Pay and Confirm Order","service":"playwright-e2e","timestamp":"2026-09-17 09:19:52"}
{"level":"info","message":"[STEP PASSED] 'Click Continue button on Account Created page","service":"playwright-e2e","timestamp":"2026-09-17 09:19:53"}
{"level":"info","message":"[STEP START] Delete Account","service":"playwright-e2e","timestamp":"2026-09-17 09:19:53"}
{"level":"debug","message":"Clicking Delete Account button","service":"playwright-e2e","timestamp":"2026-09-17 09:19:53"}
{"level":"info","message":"[STEP PASSED] Delete Account","service":"playwright-e2e","timestamp":"2026-09-17 09:19:55"}
{"level":"info","message":"[STEP PASSED] Click Pay and Confirm Order button","service":"playwright-e2e","timestamp":"2026-09-17 09:19:55"}
{"level":"info","message":"[STEP START] [BasePage] Navigating to: https://www.automationexercise.com//","service":"playwright-e2e","timestamp":"2026-09-17 09:19:56"}
{"level":"debug","message":"[BasePage] Successfully navigated to: https://www.automationexercise.com//","service":"playwright-e2e","timestamp":"2026-09-17 09:19:59"}
{"level":"info","message":"[STEP PASSED] [BasePage] Navigating to: https://www.automationexercise.com//","service":"playwright-e2e","timestamp":"2026-09-17 09:19:59"}
{"level":"info","message":"[STEP START] Subscribe to newsletter with email: email+1783927188631+@test.com","service":"playwright-e2e","timestamp":"2026-09-17 09:19:59"}
{"level":"debug","message":"Scrolling to footer","service":"playwright-e2e","timestamp":"2026-09-17 09:19:59"}
{"level":"debug","message":"Filling subscription email: email+1783927188631+@test.com","service":"playwright-e2e","timestamp":"2026-09-17 09:19:59"}
{"level":"debug","message":"Clicking subscribe button","service":"playwright-e2e","timestamp":"2026-09-17 09:19:59"}
{"level":"info","message":"[STEP PASSED] Subscribe to newsletter with email: email+1783927188631+@test.com","service":"playwright-e2e","timestamp":"2026-09-17 09:19:59"}
{"level":"info","message":"[STEP START] [BasePage] Navigating to: https://www.automationexercise.com//","service":"playwright-e2e","timestamp":"2026-09-17 20:51:16"}
{"level":"debug","message":"[BasePage] Successfully navigated to: https://www.automationexercise.com//","service":"playwright-e2e","timestamp":"2026-09-17 20:51:22"}
{"level":"info","message":"[STEP PASSED] [BasePage] Navigating to: https://www.automationexercise.com//","service":"playwright-e2e","timestamp":"2026-09-17 20:51:22"}
{"level":"info","message":"[STEP START] Navigate to Signup / Login page","service":"playwright-e2e","timestamp":"2026-09-17 20:51:22"}
{"level":"debug","message":"Clicking Signup / Login button","service":"playwright-e2e","timestamp":"2026-09-17 20:51:22"}
{"level":"info","message":"[STEP PASSED] Navigate to Signup / Login page","service":"playwright-e2e","timestamp":"2026-09-17 20:51:22"}
{"level":"info","message":"[STEP START] Login with email: email+1783927188631+@test.com","service":"playwright-e2e","timestamp":"2026-09-17 20:51:22"}
{"level":"debug","message":"Filling login credentials","service":"playwright-e2e","timestamp":"2026-09-17 20:51:22"}
{"level":"debug","message":"Clicking Login button","service":"playwright-e2e","timestamp":"2026-09-17 20:51:23"}
{"level":"info","message":"[STEP PASSED] Login with email: email+1783927188631+@test.com","service":"playwright-e2e","timestamp":"2026-09-17 20:51:24"}
{"level":"info","message":"[STEP START] [BasePage] Navigating to: https://www.automationexercise.com//","service":"playwright-e2e","timestamp":"2026-09-17 20:57:32"}
{"level":"debug","message":"[BasePage] Navigation failed to https://www.automationexercise.com//","service":"playwright-e2e","timestamp":"2026-09-17 20:57:32"}
{"error":{"log":["  - navigating to \"https://www.automationexercise.com//\", waiting until \"domcontentloaded\""],"name":"Error"},"level":"error","message":"[STEP FAILED] [BasePage] Navigating to: https://www.automationexercise.com//","service":"playwright-e2e","timestamp":"2026-09-17 20:57:32"}
{"level":"info","message":"[STEP START] [BasePage] Navigating to: https://www.automationexercise.com//","service":"playwright-e2e","timestamp":"2026-09-17 20:57:51"}
{"level":"debug","message":"[BasePage] Successfully navigated to: https://www.automationexercise.com//","service":"playwright-e2e","timestamp":"2026-09-17 20:57:54"}
{"level":"info","message":"[STEP PASSED] [BasePage] Navigating to: https://www.automationexercise.com//","service":"playwright-e2e","timestamp":"2026-09-17 20:57:54"}
{"level":"info","message":"[STEP START] Navigate to Signup / Login page","service":"playwright-e2e","timestamp":"2026-09-17 20:57:54"}
{"level":"debug","message":"Clicking Signup / Login button","service":"playwright-e2e","timestamp":"2026-09-17 20:57:54"}
{"level":"info","message":"[STEP PASSED] Navigate to Signup / Login page","service":"playwright-e2e","timestamp":"2026-09-17 20:57:54"}
{"level":"info","message":"[STEP START] Login with email: email+1783927188631+@test.com","service":"playwright-e2e","timestamp":"2026-09-17 20:57:54"}
{"level":"debug","message":"Filling login credentials","service":"playwright-e2e","timestamp":"2026-09-17 20:57:54"}
{"level":"debug","message":"Clicking Login button","service":"playwright-e2e","timestamp":"2026-09-17 20:57:55"}
{"level":"info","message":"[STEP PASSED] Login with email: email+1783927188631+@test.com","service":"playwright-e2e","timestamp":"2026-09-17 20:57:56"}
{"level":"info","message":"[STEP START] [BasePage] Navigating to: https://www.automationexercise.com//","service":"playwright-e2e","timestamp":"2026-09-17 20:58:00"}
{"level":"debug","message":"[BasePage] Successfully navigated to: https://www.automationexercise.com//","service":"playwright-e2e","timestamp":"2026-09-17 20:58:03"}
{"level":"info","message":"[STEP PASSED] [BasePage] Navigating to: https://www.automationexercise.com//","service":"playwright-e2e","timestamp":"2026-09-17 20:58:03"}
{"level":"info","message":"[STEP START] Navigate to Signup / Login page","service":"playwright-e2e","timestamp":"2026-09-17 20:58:03"}
{"level":"debug","message":"Clicking Signup / Login button","service":"playwright-e2e","timestamp":"2026-09-17 20:58:03"}
{"error":{"log":["  - waiting for getByRole('link', { name: /Signup \\/ Login/i })"]},"level":"error","message":"[STEP FAILED] Navigate to Signup / Login page","service":"playwright-e2e","timestamp":"2026-09-17 20:59:06"}
{"level":"info","message":"[STEP START] [BasePage] Navigating to: https://www.automationexercise.com//","service":"playwright-e2e","timestamp":"2026-09-17 21:01:35"}
{"level":"debug","message":"[BasePage] Successfully navigated to: https://www.automationexercise.com//","service":"playwright-e2e","timestamp":"2026-09-17 21:01:37"}
{"level":"info","message":"[STEP PASSED] [BasePage] Navigating to: https://www.automationexercise.com//","service":"playwright-e2e","timestamp":"2026-09-17 21:01:37"}
{"level":"info","message":"[STEP START] Navigate to Signup / Login page","service":"playwright-e2e","timestamp":"2026-09-17 21:01:38"}
{"level":"debug","message":"Clicking Signup / Login button","service":"playwright-e2e","timestamp":"2026-09-17 21:01:38"}
{"level":"info","message":"[STEP PASSED] Navigate to Signup / Login page","service":"playwright-e2e","timestamp":"2026-09-17 21:01:38"}
{"level":"info","message":"[STEP START] Login with email: email+1783927188631+@test.com","service":"playwright-e2e","timestamp":"2026-09-17 21:01:38"}
{"level":"debug","message":"Filling login credentials","service":"playwright-e2e","timestamp":"2026-09-17 21:01:38"}
{"level":"debug","message":"Clicking Login button","service":"playwright-e2e","timestamp":"2026-09-17 21:01:38"}
{"level":"info","message":"[STEP PASSED] Login with email: email+1783927188631+@test.com","service":"playwright-e2e","timestamp":"2026-09-17 21:01:39"}
{"level":"info","message":"[STEP START] [BasePage] Navigating to: https://www.automationexercise.com//","service":"playwright-e2e","timestamp":"2026-09-17 21:01:45"}
{"level":"debug","message":"[BasePage] Successfully navigated to: https://www.automationexercise.com//","service":"playwright-e2e","timestamp":"2026-09-17 21:01:47"}
{"level":"info","message":"[STEP PASSED] [BasePage] Navigating to: https://www.automationexercise.com//","service":"playwright-e2e","timestamp":"2026-09-17 21:01:47"}
{"level":"info","message":"[STEP START] Navigate to Contact Us page","service":"playwright-e2e","timestamp":"2026-09-17 21:01:47"}
{"level":"debug","message":"Clicking Contact Us button","service":"playwright-e2e","timestamp":"2026-09-17 21:01:47"}
{"level":"info","message":"[STEP PASSED] Navigate to Contact Us page","service":"playwright-e2e","timestamp":"2026-09-17 21:01:47"}
{"level":"info","message":"[STEP START] Submit contact form","service":"playwright-e2e","timestamp":"2026-09-17 21:01:48"}
{"level":"debug","message":"Filling contact form data","service":"playwright-e2e","timestamp":"2026-09-17 21:01:48"}
{"level":"debug","message":"Clicking submit form","service":"playwright-e2e","timestamp":"2026-09-17 21:01:48"}
{"level":"info","message":"[STEP PASSED] Submit contact form","service":"playwright-e2e","timestamp":"2026-09-17 21:01:49"}
{"level":"info","message":"[STEP START] [BasePage] Navigating to: https://www.automationexercise.com//","service":"playwright-e2e","timestamp":"2026-09-17 21:05:41"}
{"level":"debug","message":"[BasePage] Successfully navigated to: https://www.automationexercise.com//","service":"playwright-e2e","timestamp":"2026-09-17 21:05:45"}
{"level":"info","message":"[STEP PASSED] [BasePage] Navigating to: https://www.automationexercise.com//","service":"playwright-e2e","timestamp":"2026-09-17 21:05:45"}
{"level":"info","message":"[STEP START] Navigate to Signup / Login page","service":"playwright-e2e","timestamp":"2026-09-17 21:05:45"}
{"level":"debug","message":"Clicking Signup / Login button","service":"playwright-e2e","timestamp":"2026-09-17 21:05:45"}
{"level":"info","message":"[STEP PASSED] Navigate to Signup / Login page","service":"playwright-e2e","timestamp":"2026-09-17 21:05:46"}
{"level":"info","message":"[STEP START] Login with email: email+1783927188631+@test.com","service":"playwright-e2e","timestamp":"2026-09-17 21:05:46"}
{"level":"debug","message":"Filling login credentials","service":"playwright-e2e","timestamp":"2026-09-17 21:05:46"}
{"level":"debug","message":"Clicking Login button","service":"playwright-e2e","timestamp":"2026-09-17 21:05:46"}
{"level":"info","message":"[STEP PASSED] Login with email: email+1783927188631+@test.com","service":"playwright-e2e","timestamp":"2026-09-17 21:05:48"}
{"level":"info","message":"[STEP START] [BasePage] Navigating to: https://www.automationexercise.com//","service":"playwright-e2e","timestamp":"2026-09-17 21:05:54"}
{"level":"debug","message":"[BasePage] Successfully navigated to: https://www.automationexercise.com//","service":"playwright-e2e","timestamp":"2026-09-17 21:05:57"}
{"level":"info","message":"[STEP PASSED] [BasePage] Navigating to: https://www.automationexercise.com//","service":"playwright-e2e","timestamp":"2026-09-17 21:05:57"}
{"level":"info","message":"[STEP START] Navigate to Contact Us page","service":"playwright-e2e","timestamp":"2026-09-17 21:05:57"}
{"level":"debug","message":"Clicking Contact Us button","service":"playwright-e2e","timestamp":"2026-09-17 21:05:57"}
{"level":"info","message":"[STEP PASSED] Navigate to Contact Us page","service":"playwright-e2e","timestamp":"2026-09-17 21:05:58"}
{"level":"info","message":"[STEP START] Submit contact form","service":"playwright-e2e","timestamp":"2026-09-17 21:05:58"}
{"level":"debug","message":"Filling contact form data","service":"playwright-e2e","timestamp":"2026-09-17 21:05:58"}
{"level":"debug","message":"Clicking submit form","service":"playwright-e2e","timestamp":"2026-09-17 21:05:59"}
{"level":"info","message":"[STEP PASSED] Submit contact form","service":"playwright-e2e","timestamp":"2026-09-17 21:05:59"}
{"level":"info","message":"[STEP START] [BasePage] Navigating to: https://www.automationexercise.com//","service":"playwright-e2e","timestamp":"2026-09-17 21:06:28"}
{"level":"debug","message":"[BasePage] Successfully navigated to: https://www.automationexercise.com//","service":"playwright-e2e","timestamp":"2026-09-17 21:06:31"}
{"level":"info","message":"[STEP PASSED] [BasePage] Navigating to: https://www.automationexercise.com//","service":"playwright-e2e","timestamp":"2026-09-17 21:06:31"}
{"level":"info","message":"[STEP START] Navigate to Signup / Login page","service":"playwright-e2e","timestamp":"2026-09-17 21:06:31"}
{"level":"debug","message":"Clicking Signup / Login button","service":"playwright-e2e","timestamp":"2026-09-17 21:06:31"}
{"level":"info","message":"[STEP PASSED] Navigate to Signup / Login page","service":"playwright-e2e","timestamp":"2026-09-17 21:06:32"}
{"level":"info","message":"[STEP START] Login with email: email+1783927188631+@test.com","service":"playwright-e2e","timestamp":"2026-09-17 21:06:33"}
{"level":"debug","message":"Filling login credentials","service":"playwright-e2e","timestamp":"2026-09-17 21:06:33"}
{"level":"debug","message":"Clicking Login button","service":"playwright-e2e","timestamp":"2026-09-17 21:06:33"}
{"level":"info","message":"[STEP PASSED] Login with email: email+1783927188631+@test.com","service":"playwright-e2e","timestamp":"2026-09-17 21:06:34"}
{"level":"info","message":"[STEP START] [BasePage] Navigating to: https://www.automationexercise.com//","service":"playwright-e2e","timestamp":"2026-09-17 21:06:42"}
{"level":"debug","message":"[BasePage] Successfully navigated to: https://www.automationexercise.com//","service":"playwright-e2e","timestamp":"2026-09-17 21:06:46"}
{"level":"info","message":"[STEP PASSED] [BasePage] Navigating to: https://www.automationexercise.com//","service":"playwright-e2e","timestamp":"2026-09-17 21:06:46"}
{"level":"info","message":"[STEP START] Navigate to Contact Us page","service":"playwright-e2e","timestamp":"2026-09-17 21:06:47"}
{"level":"debug","message":"Clicking Contact Us button","service":"playwright-e2e","timestamp":"2026-09-17 21:06:47"}
{"level":"info","message":"[STEP PASSED] Navigate to Contact Us page","service":"playwright-e2e","timestamp":"2026-09-17 21:06:48"}
{"level":"info","message":"[STEP START] Submit contact form","service":"playwright-e2e","timestamp":"2026-09-17 21:06:49"}
{"level":"debug","message":"Filling contact form data","service":"playwright-e2e","timestamp":"2026-09-17 21:06:49"}
{"level":"debug","message":"Clicking submit form","service":"playwright-e2e","timestamp":"2026-09-17 21:06:49"}
{"level":"info","message":"[STEP PASSED] Submit contact form","service":"playwright-e2e","timestamp":"2026-09-17 21:06:49"}
{"level":"info","message":"[STEP START] [BasePage] Navigating to: https://www.automationexercise.com//","service":"playwright-e2e","timestamp":"2026-09-17 21:07:20"}
{"level":"debug","message":"[BasePage] Successfully navigated to: https://www.automationexercise.com//","service":"playwright-e2e","timestamp":"2026-09-17 21:07:26"}
{"level":"info","message":"[STEP PASSED] [BasePage] Navigating to: https://www.automationexercise.com//","service":"playwright-e2e","timestamp":"2026-09-17 21:07:26"}
{"level":"info","message":"[STEP START] Navigate to Signup / Login page","service":"playwright-e2e","timestamp":"2026-09-17 21:07:26"}
{"level":"debug","message":"Clicking Signup / Login button","service":"playwright-e2e","timestamp":"2026-09-17 21:07:26"}
{"level":"info","message":"[STEP PASSED] Navigate to Signup / Login page","service":"playwright-e2e","timestamp":"2026-09-17 21:07:28"}
{"level":"info","message":"[STEP START] Login with email: email+1783927188631+@test.com","service":"playwright-e2e","timestamp":"2026-09-17 21:07:28"}
{"level":"debug","message":"Filling login credentials","service":"playwright-e2e","timestamp":"2026-09-17 21:07:28"}
{"level":"debug","message":"Clicking Login button","service":"playwright-e2e","timestamp":"2026-09-17 21:07:30"}
{"level":"info","message":"[STEP PASSED] Login with email: email+1783927188631+@test.com","service":"playwright-e2e","timestamp":"2026-09-17 21:07:32"}
{"level":"info","message":"[STEP START] [BasePage] Navigating to: https://www.automationexercise.com//","service":"playwright-e2e","timestamp":"2026-09-17 21:07:54"}
{"level":"info","message":"[STEP START] [BasePage] Navigating to: https://www.automationexercise.com//","service":"playwright-e2e","timestamp":"2026-09-17 21:07:54"}
{"level":"debug","message":"[BasePage] Successfully navigated to: https://www.automationexercise.com//","service":"playwright-e2e","timestamp":"2026-09-17 21:08:04"}
{"level":"info","message":"[STEP PASSED] [BasePage] Navigating to: https://www.automationexercise.com//","service":"playwright-e2e","timestamp":"2026-09-17 21:08:04"}
{"level":"debug","message":"[BasePage] Successfully navigated to: https://www.automationexercise.com//","service":"playwright-e2e","timestamp":"2026-09-17 21:08:04"}
{"level":"info","message":"[STEP PASSED] [BasePage] Navigating to: https://www.automationexercise.com//","service":"playwright-e2e","timestamp":"2026-09-17 21:08:04"}
{"level":"info","message":"[STEP START] Navigate to Signup / Login page","service":"playwright-e2e","timestamp":"2026-09-17 21:08:04"}
{"level":"debug","message":"Clicking Signup / Login button","service":"playwright-e2e","timestamp":"2026-09-17 21:08:04"}
{"level":"info","message":"[STEP START] Navigate to Contact Us page","service":"playwright-e2e","timestamp":"2026-09-17 21:08:05"}
{"level":"debug","message":"Clicking Contact Us button","service":"playwright-e2e","timestamp":"2026-09-17 21:08:05"}
{"level":"info","message":"[STEP PASSED] Navigate to Contact Us page","service":"playwright-e2e","timestamp":"2026-09-17 21:08:06"}
{"level":"info","message":"[STEP START] Submit contact form","service":"playwright-e2e","timestamp":"2026-09-17 21:08:07"}
{"level":"debug","message":"Filling contact form data","service":"playwright-e2e","timestamp":"2026-09-17 21:08:07"}
{"level":"debug","message":"Clicking submit form","service":"playwright-e2e","timestamp":"2026-09-17 21:08:08"}
{"level":"info","message":"[STEP PASSED] Submit contact form","service":"playwright-e2e","timestamp":"2026-09-17 21:08:09"}
{"level":"info","message":"[STEP START] [BasePage] Navigating to: https://www.automationexercise.com//","service":"playwright-e2e","timestamp":"2026-09-17 21:08:18"}
{"level":"debug","message":"[BasePage] Successfully navigated to: https://www.automationexercise.com//","service":"playwright-e2e","timestamp":"2026-09-17 21:08:25"}
{"level":"info","message":"[STEP PASSED] [BasePage] Navigating to: https://www.automationexercise.com//","service":"playwright-e2e","timestamp":"2026-09-17 21:08:25"}
{"level":"info","message":"[STEP START] Navigate to Signup / Login page","service":"playwright-e2e","timestamp":"2026-09-17 21:08:25"}
{"level":"debug","message":"Clicking Signup / Login button","service":"playwright-e2e","timestamp":"2026-09-17 21:08:25"}
{"error":{"log":["  - waiting for getByRole('link', { name: /Signup \\/ Login/i })"]},"level":"error","message":"[STEP FAILED] Navigate to Signup / Login page","service":"playwright-e2e","timestamp":"2026-09-17 21:08:56"}
{"level":"info","message":"[STEP START] [BasePage] Navigating to: https://www.automationexercise.com//","service":"playwright-e2e","timestamp":"2026-09-17 21:09:18"}
{"error":{"log":["  - waiting for getByRole('link', { name: /Signup \\/ Login/i })"]},"level":"error","message":"[STEP FAILED] Navigate to Signup / Login page","service":"playwright-e2e","timestamp":"2026-09-17 21:09:21"}
{"level":"debug","message":"[BasePage] Successfully navigated to: https://www.automationexercise.com//","service":"playwright-e2e","timestamp":"2026-09-17 21:09:25"}
{"level":"info","message":"[STEP PASSED] [BasePage] Navigating to: https://www.automationexercise.com//","service":"playwright-e2e","timestamp":"2026-09-17 21:09:25"}
{"level":"info","message":"[STEP START] Navigate to Signup / Login page","service":"playwright-e2e","timestamp":"2026-09-17 21:09:25"}
{"level":"debug","message":"Clicking Signup / Login button","service":"playwright-e2e","timestamp":"2026-09-17 21:09:25"}
{"level":"info","message":"[STEP START] [BasePage] Navigating to: https://www.automationexercise.com//","service":"playwright-e2e","timestamp":"2026-09-17 21:09:42"}
{"level":"debug","message":"[BasePage] Successfully navigated to: https://www.automationexercise.com//","service":"playwright-e2e","timestamp":"2026-09-17 21:09:47"}
{"level":"info","message":"[STEP PASSED] [BasePage] Navigating to: https://www.automationexercise.com//","service":"playwright-e2e","timestamp":"2026-09-17 21:09:47"}
{"level":"info","message":"[STEP START] Navigate to Signup / Login page","service":"playwright-e2e","timestamp":"2026-09-17 21:09:48"}
{"level":"debug","message":"Clicking Signup / Login button","service":"playwright-e2e","timestamp":"2026-09-17 21:09:48"}
{"error":{"log":["  - waiting for getByRole('link', { name: /Signup \\/ Login/i })"]},"level":"error","message":"[STEP FAILED] Navigate to Signup / Login page","service":"playwright-e2e","timestamp":"2026-09-17 21:10:21"}
{"level":"info","message":"[STEP START] [BasePage] Navigating to: https://www.automationexercise.com//","service":"playwright-e2e","timestamp":"2026-09-17 21:10:33"}
{"level":"debug","message":"[BasePage] Successfully navigated to: https://www.automationexercise.com//","service":"playwright-e2e","timestamp":"2026-09-17 21:10:38"}
{"level":"info","message":"[STEP PASSED] [BasePage] Navigating to: https://www.automationexercise.com//","service":"playwright-e2e","timestamp":"2026-09-17 21:10:38"}
{"level":"info","message":"[STEP START] Navigate to Signup / Login page","service":"playwright-e2e","timestamp":"2026-09-17 21:10:39"}
{"level":"debug","message":"Clicking Signup / Login button","service":"playwright-e2e","timestamp":"2026-09-17 21:10:39"}
{"error":{"log":["  - waiting for getByRole('link', { name: /Signup \\/ Login/i })"]},"level":"error","message":"[STEP FAILED] Navigate to Signup / Login page","service":"playwright-e2e","timestamp":"2026-09-17 21:10:43"}
{"level":"info","message":"[STEP START] [BasePage] Navigating to: https://www.automationexercise.com//","service":"playwright-e2e","timestamp":"2026-09-17 21:10:57"}
{"level":"debug","message":"[BasePage] Successfully navigated to: https://www.automationexercise.com//","service":"playwright-e2e","timestamp":"2026-09-17 21:11:03"}
{"level":"info","message":"[STEP PASSED] [BasePage] Navigating to: https://www.automationexercise.com//","service":"playwright-e2e","timestamp":"2026-09-17 21:11:03"}
{"level":"info","message":"[STEP START] Subscribe to newsletter with email: email+1783927188631+@test.com","service":"playwright-e2e","timestamp":"2026-09-17 21:11:03"}
{"level":"debug","message":"Scrolling to footer","service":"playwright-e2e","timestamp":"2026-09-17 21:11:03"}
{"level":"debug","message":"Filling subscription email: email+1783927188631+@test.com","service":"playwright-e2e","timestamp":"2026-09-17 21:11:03"}
{"level":"debug","message":"Clicking subscribe button","service":"playwright-e2e","timestamp":"2026-09-17 21:11:04"}
{"level":"info","message":"[STEP PASSED] Subscribe to newsletter with email: email+1783927188631+@test.com","service":"playwright-e2e","timestamp":"2026-09-17 21:11:05"}
{"error":{"log":["  - waiting for getByRole('link', { name: /Signup \\/ Login/i })"]},"level":"error","message":"[STEP FAILED] Navigate to Signup / Login page","service":"playwright-e2e","timestamp":"2026-09-17 21:11:33"}
{"level":"info","message":"[STEP START] [BasePage] Navigating to: https://www.automationexercise.com//","service":"playwright-e2e","timestamp":"2026-09-18 08:36:04"}
{"level":"debug","message":"[BasePage] Successfully navigated to: https://www.automationexercise.com//","service":"playwright-e2e","timestamp":"2026-09-18 08:36:11"}
{"level":"info","message":"[STEP PASSED] [BasePage] Navigating to: https://www.automationexercise.com//","service":"playwright-e2e","timestamp":"2026-09-18 08:36:11"}
{"level":"info","message":"[STEP START] Navigate to Signup / Login page","service":"playwright-e2e","timestamp":"2026-09-18 08:36:11"}
{"level":"debug","message":"Clicking Signup / Login button","service":"playwright-e2e","timestamp":"2026-09-18 08:36:11"}
{"level":"info","message":"[STEP PASSED] Navigate to Signup / Login page","service":"playwright-e2e","timestamp":"2026-09-18 08:36:12"}
{"level":"info","message":"[STEP START] Login with email: email+1783927188631+@test.com","service":"playwright-e2e","timestamp":"2026-09-18 08:36:12"}
{"level":"debug","message":"Filling login credentials","service":"playwright-e2e","timestamp":"2026-09-18 08:36:12"}
{"level":"debug","message":"Clicking Login button","service":"playwright-e2e","timestamp":"2026-09-18 08:36:12"}
{"level":"info","message":"[STEP PASSED] Login with email: email+1783927188631+@test.com","service":"playwright-e2e","timestamp":"2026-09-18 08:36:13"}
{"level":"info","message":"[STEP START] [BasePage] Navigating to: https://www.automationexercise.com//","service":"playwright-e2e","timestamp":"2026-09-18 08:36:18"}
{"level":"info","message":"[STEP START] [BasePage] Navigating to: https://www.automationexercise.com//","service":"playwright-e2e","timestamp":"2026-09-18 08:36:19"}
{"level":"debug","message":"[BasePage] Successfully navigated to: https://www.automationexercise.com//","service":"playwright-e2e","timestamp":"2026-09-18 08:36:21"}
{"level":"info","message":"[STEP PASSED] [BasePage] Navigating to: https://www.automationexercise.com//","service":"playwright-e2e","timestamp":"2026-09-18 08:36:21"}
{"level":"debug","message":"[BasePage] Successfully navigated to: https://www.automationexercise.com//","service":"playwright-e2e","timestamp":"2026-09-18 08:36:21"}
{"level":"info","message":"[STEP PASSED] [BasePage] Navigating to: https://www.automationexercise.com//","service":"playwright-e2e","timestamp":"2026-09-18 08:36:21"}
{"level":"info","message":"[STEP START] Navigate to Signup / Login page","service":"playwright-e2e","timestamp":"2026-09-18 08:36:22"}
{"level":"info","message":"[STEP START] Navigate to Contact Us page","service":"playwright-e2e","timestamp":"2026-09-18 08:36:22"}
{"level":"debug","message":"Clicking Contact Us button","service":"playwright-e2e","timestamp":"2026-09-18 08:36:22"}
{"level":"debug","message":"Clicking Signup / Login button","service":"playwright-e2e","timestamp":"2026-09-18 08:36:22"}
{"level":"info","message":"[STEP PASSED] Navigate to Contact Us page","service":"playwright-e2e","timestamp":"2026-09-18 08:36:22"}
{"level":"info","message":"[STEP START] Submit contact form","service":"playwright-e2e","timestamp":"2026-09-18 08:36:22"}
{"level":"debug","message":"Filling contact form data","service":"playwright-e2e","timestamp":"2026-09-18 08:36:22"}
{"level":"debug","message":"Clicking submit form","service":"playwright-e2e","timestamp":"2026-09-18 08:36:23"}
{"level":"info","message":"[STEP PASSED] Submit contact form","service":"playwright-e2e","timestamp":"2026-09-18 08:36:24"}
{"level":"info","message":"[STEP START] [BasePage] Navigating to: https://www.automationexercise.com//","service":"playwright-e2e","timestamp":"2026-09-18 08:36:35"}
{"level":"debug","message":"[BasePage] Successfully navigated to: https://www.automationexercise.com//","service":"playwright-e2e","timestamp":"2026-09-18 08:36:39"}
{"level":"info","message":"[STEP PASSED] [BasePage] Navigating to: https://www.automationexercise.com//","service":"playwright-e2e","timestamp":"2026-09-18 08:36:39"}
{"level":"info","message":"[STEP START] Navigate to Signup / Login page","service":"playwright-e2e","timestamp":"2026-09-18 08:36:39"}
{"level":"debug","message":"Clicking Signup / Login button","service":"playwright-e2e","timestamp":"2026-09-18 08:36:39"}
{"error":{"log":["  - waiting for getByRole('link', { name: /Signup \\/ Login/i })"]},"level":"error","message":"[STEP FAILED] Navigate to Signup / Login page","service":"playwright-e2e","timestamp":"2026-09-18 08:37:18"}
{"level":"info","message":"[STEP START] [BasePage] Navigating to: https://www.automationexercise.com//","service":"playwright-e2e","timestamp":"2026-09-18 08:37:22"}
{"level":"debug","message":"[BasePage] Successfully navigated to: https://www.automationexercise.com//","service":"playwright-e2e","timestamp":"2026-09-18 08:37:25"}
{"level":"info","message":"[STEP PASSED] [BasePage] Navigating to: https://www.automationexercise.com//","service":"playwright-e2e","timestamp":"2026-09-18 08:37:25"}
{"level":"info","message":"[STEP START] Navigate to Signup / Login page","service":"playwright-e2e","timestamp":"2026-09-18 08:37:25"}
{"level":"debug","message":"Clicking Signup / Login button","service":"playwright-e2e","timestamp":"2026-09-18 08:37:25"}
{"error":{"log":["  - waiting for getByRole('link', { name: /Signup \\/ Login/i })"]},"level":"error","message":"[STEP FAILED] Navigate to Signup / Login page","service":"playwright-e2e","timestamp":"2026-09-18 08:37:36"}
{"level":"info","message":"[STEP START] [BasePage] Navigating to: https://www.automationexercise.com//","service":"playwright-e2e","timestamp":"2026-09-18 08:37:39"}
{"level":"debug","message":"[BasePage] Successfully navigated to: https://www.automationexercise.com//","service":"playwright-e2e","timestamp":"2026-09-18 08:37:43"}
{"level":"info","message":"[STEP PASSED] [BasePage] Navigating to: https://www.automationexercise.com//","service":"playwright-e2e","timestamp":"2026-09-18 08:37:43"}
{"level":"info","message":"[STEP START] Navigate to Signup / Login page","service":"playwright-e2e","timestamp":"2026-09-18 08:37:43"}
{"level":"debug","message":"Clicking Signup / Login button","service":"playwright-e2e","timestamp":"2026-09-18 08:37:43"}
{"error":{"log":["  - waiting for getByRole('link', { name: /Signup \\/ Login/i })"]},"level":"error","message":"[STEP FAILED] Navigate to Signup / Login page","service":"playwright-e2e","timestamp":"2026-09-18 08:38:22"}
{"level":"info","message":"[STEP START] [BasePage] Navigating to: https://www.automationexercise.com//","service":"playwright-e2e","timestamp":"2026-09-18 08:38:26"}
{"level":"debug","message":"[BasePage] Successfully navigated to: https://www.automationexercise.com//","service":"playwright-e2e","timestamp":"2026-09-18 08:38:29"}
{"level":"info","message":"[STEP PASSED] [BasePage] Navigating to: https://www.automationexercise.com//","service":"playwright-e2e","timestamp":"2026-09-18 08:38:29"}
{"level":"info","message":"[STEP START] Navigate to Signup / Login page","service":"playwright-e2e","timestamp":"2026-09-18 08:38:29"}
{"level":"debug","message":"Clicking Signup / Login button","service":"playwright-e2e","timestamp":"2026-09-18 08:38:29"}
{"error":{"log":["  - waiting for getByRole('link', { name: /Signup \\/ Login/i })"]},"level":"error","message":"[STEP FAILED] Navigate to Signup / Login page","service":"playwright-e2e","timestamp":"2026-09-18 08:38:40"}
{"level":"info","message":"[STEP START] [BasePage] Navigating to: https://www.automationexercise.com//","service":"playwright-e2e","timestamp":"2026-09-18 08:38:43"}
{"level":"debug","message":"[BasePage] Successfully navigated to: https://www.automationexercise.com//","service":"playwright-e2e","timestamp":"2026-09-18 08:38:46"}
{"level":"info","message":"[STEP PASSED] [BasePage] Navigating to: https://www.automationexercise.com//","service":"playwright-e2e","timestamp":"2026-09-18 08:38:46"}
{"level":"info","message":"[STEP START] Subscribe to newsletter with email: email+1783927188631+@test.com","service":"playwright-e2e","timestamp":"2026-09-18 08:38:46"}
{"level":"debug","message":"Scrolling to footer","service":"playwright-e2e","timestamp":"2026-09-18 08:38:46"}
{"level":"debug","message":"Filling subscription email: email+1783927188631+@test.com","service":"playwright-e2e","timestamp":"2026-09-18 08:38:46"}
{"level":"debug","message":"Clicking subscribe button","service":"playwright-e2e","timestamp":"2026-09-18 08:38:47"}
{"level":"info","message":"[STEP PASSED] Subscribe to newsletter with email: email+1783927188631+@test.com","service":"playwright-e2e","timestamp":"2026-09-18 08:38:47"}
{"error":{"log":["  - waiting for getByRole('link', { name: /Signup \\/ Login/i })"]},"level":"error","message":"[STEP FAILED] Navigate to Signup / Login page","service":"playwright-e2e","timestamp":"2026-09-18 08:39:26"}
{"level":"info","message":"[STEP START] [BasePage] Navigating to: https://www.automationexercise.com//","service":"playwright-e2e","timestamp":"2026-09-18 10:14:43"}
{"level":"debug","message":"[BasePage] Successfully navigated to: https://www.automationexercise.com//","service":"playwright-e2e","timestamp":"2026-09-18 10:14:48"}
{"level":"info","message":"[STEP PASSED] [BasePage] Navigating to: https://www.automationexercise.com//","service":"playwright-e2e","timestamp":"2026-09-18 10:14:48"}
{"level":"info","message":"[STEP START] Navigate to Signup / Login page","service":"playwright-e2e","timestamp":"2026-09-18 10:14:48"}
{"level":"debug","message":"Clicking Signup / Login button","service":"playwright-e2e","timestamp":"2026-09-18 10:14:48"}
{"level":"info","message":"[STEP PASSED] Navigate to Signup / Login page","service":"playwright-e2e","timestamp":"2026-09-18 10:14:49"}
{"level":"info","message":"[STEP START] Login with email: email+1783927188631+@test.com","service":"playwright-e2e","timestamp":"2026-09-18 10:14:49"}
{"level":"debug","message":"Filling login credentials","service":"playwright-e2e","timestamp":"2026-09-18 10:14:49"}
{"level":"debug","message":"Clicking Login button","service":"playwright-e2e","timestamp":"2026-09-18 10:14:49"}
{"level":"info","message":"[STEP PASSED] Login with email: email+1783927188631+@test.com","service":"playwright-e2e","timestamp":"2026-09-18 10:14:50"}
{"level":"info","message":"[STEP START] [BasePage] Navigating to: https://www.automationexercise.com//","service":"playwright-e2e","timestamp":"2026-09-18 10:14:55"}
{"level":"info","message":"[STEP START] [BasePage] Navigating to: https://www.automationexercise.com//","service":"playwright-e2e","timestamp":"2026-09-18 10:14:55"}
{"level":"debug","message":"[BasePage] Successfully navigated to: https://www.automationexercise.com//","service":"playwright-e2e","timestamp":"2026-09-18 10:14:59"}
{"level":"info","message":"[STEP PASSED] [BasePage] Navigating to: https://www.automationexercise.com//","service":"playwright-e2e","timestamp":"2026-09-18 10:14:59"}
{"level":"info","message":"[STEP START] Navigate to Contact Us page","service":"playwright-e2e","timestamp":"2026-09-18 10:14:59"}
{"level":"debug","message":"[BasePage] Successfully navigated to: https://www.automationexercise.com//","service":"playwright-e2e","timestamp":"2026-09-18 10:14:59"}
{"level":"debug","message":"Clicking Contact Us button","service":"playwright-e2e","timestamp":"2026-09-18 10:14:59"}
{"level":"info","message":"[STEP PASSED] [BasePage] Navigating to: https://www.automationexercise.com//","service":"playwright-e2e","timestamp":"2026-09-18 10:14:59"}
{"level":"info","message":"[STEP START] Navigate to Signup / Login page","service":"playwright-e2e","timestamp":"2026-09-18 10:14:59"}
{"level":"debug","message":"Clicking Signup / Login button","service":"playwright-e2e","timestamp":"2026-09-18 10:14:59"}
{"level":"info","message":"[STEP PASSED] Navigate to Contact Us page","service":"playwright-e2e","timestamp":"2026-09-18 10:15:00"}
{"level":"info","message":"[STEP START] Submit contact form","service":"playwright-e2e","timestamp":"2026-09-18 10:15:00"}
{"level":"debug","message":"Filling contact form data","service":"playwright-e2e","timestamp":"2026-09-18 10:15:00"}
{"level":"debug","message":"Clicking submit form","service":"playwright-e2e","timestamp":"2026-09-18 10:15:01"}
{"level":"info","message":"[STEP PASSED] Submit contact form","service":"playwright-e2e","timestamp":"2026-09-18 10:15:01"}
{"level":"info","message":"[STEP START] [BasePage] Navigating to: https://www.automationexercise.com//","service":"playwright-e2e","timestamp":"2026-09-18 10:15:02"}
{"level":"debug","message":"[BasePage] Successfully navigated to: https://www.automationexercise.com//","service":"playwright-e2e","timestamp":"2026-09-18 10:15:04"}
{"level":"info","message":"[STEP PASSED] [BasePage] Navigating to: https://www.automationexercise.com//","service":"playwright-e2e","timestamp":"2026-09-18 10:15:04"}
{"level":"info","message":"[STEP START] Navigate to Signup / Login page","service":"playwright-e2e","timestamp":"2026-09-18 10:15:05"}
{"level":"debug","message":"Clicking Signup / Login button","service":"playwright-e2e","timestamp":"2026-09-18 10:15:05"}
{"error":{"log":["  - waiting for getByRole('link', { name: /Signup \\/ Login/i })"]},"level":"error","message":"[STEP FAILED] Navigate to Signup / Login page","service":"playwright-e2e","timestamp":"2026-09-18 10:15:56"}
{"level":"info","message":"[STEP START] [BasePage] Navigating to: https://www.automationexercise.com//","service":"playwright-e2e","timestamp":"2026-09-18 10:15:59"}
{"level":"debug","message":"[BasePage] Successfully navigated to: https://www.automationexercise.com//","service":"playwright-e2e","timestamp":"2026-09-18 10:16:03"}
{"level":"info","message":"[STEP PASSED] [BasePage] Navigating to: https://www.automationexercise.com//","service":"playwright-e2e","timestamp":"2026-09-18 10:16:03"}
{"level":"info","message":"[STEP START] Navigate to Signup / Login page","service":"playwright-e2e","timestamp":"2026-09-18 10:16:03"}
{"level":"debug","message":"Clicking Signup / Login button","service":"playwright-e2e","timestamp":"2026-09-18 10:16:03"}
{"error":{"log":["  - waiting for getByRole('link', { name: /Signup \\/ Login/i })"]},"level":"error","message":"[STEP FAILED] Navigate to Signup / Login page","service":"playwright-e2e","timestamp":"2026-09-18 10:16:03"}
{"level":"info","message":"[STEP START] [BasePage] Navigating to: https://www.automationexercise.com//","service":"playwright-e2e","timestamp":"2026-09-18 10:16:08"}
{"level":"debug","message":"[BasePage] Successfully navigated to: https://www.automationexercise.com//","service":"playwright-e2e","timestamp":"2026-09-18 10:16:12"}
{"level":"info","message":"[STEP PASSED] [BasePage] Navigating to: https://www.automationexercise.com//","service":"playwright-e2e","timestamp":"2026-09-18 10:16:12"}
{"level":"info","message":"[STEP START] Navigate to Signup / Login page","service":"playwright-e2e","timestamp":"2026-09-18 10:16:12"}
{"level":"debug","message":"Clicking Signup / Login button","service":"playwright-e2e","timestamp":"2026-09-18 10:16:12"}
{"error":{"log":["  - waiting for getByRole('link', { name: /Signup \\/ Login/i })"]},"level":"error","message":"[STEP FAILED] Navigate to Signup / Login page","service":"playwright-e2e","timestamp":"2026-09-18 10:17:00"}
{"level":"info","message":"[STEP START] [BasePage] Navigating to: https://www.automationexercise.com//","service":"playwright-e2e","timestamp":"2026-09-18 10:17:04"}
{"level":"debug","message":"[BasePage] Successfully navigated to: https://www.automationexercise.com//","service":"playwright-e2e","timestamp":"2026-09-18 10:17:06"}
{"level":"info","message":"[STEP PASSED] [BasePage] Navigating to: https://www.automationexercise.com//","service":"playwright-e2e","timestamp":"2026-09-18 10:17:06"}
{"level":"info","message":"[STEP START] Navigate to Signup / Login page","service":"playwright-e2e","timestamp":"2026-09-18 10:17:07"}
{"level":"debug","message":"Clicking Signup / Login button","service":"playwright-e2e","timestamp":"2026-09-18 10:17:07"}
{"error":{"log":["  - waiting for getByRole('link', { name: /Signup \\/ Login/i })"]},"level":"error","message":"[STEP FAILED] Navigate to Signup / Login page","service":"playwright-e2e","timestamp":"2026-09-18 10:17:09"}
{"level":"info","message":"[STEP START] [BasePage] Navigating to: https://www.automationexercise.com//","service":"playwright-e2e","timestamp":"2026-09-18 10:17:15"}
{"level":"debug","message":"[BasePage] Successfully navigated to: https://www.automationexercise.com//","service":"playwright-e2e","timestamp":"2026-09-18 10:17:19"}
{"level":"info","message":"[STEP PASSED] [BasePage] Navigating to: https://www.automationexercise.com//","service":"playwright-e2e","timestamp":"2026-09-18 10:17:19"}
{"level":"info","message":"[STEP START] Subscribe to newsletter with email: email+1783927188631+@test.com","service":"playwright-e2e","timestamp":"2026-09-18 10:17:20"}
{"level":"debug","message":"Scrolling to footer","service":"playwright-e2e","timestamp":"2026-09-18 10:17:20"}
{"level":"debug","message":"Filling subscription email: email+1783927188631+@test.com","service":"playwright-e2e","timestamp":"2026-09-18 10:17:20"}
{"level":"debug","message":"Clicking subscribe button","service":"playwright-e2e","timestamp":"2026-09-18 10:17:20"}
{"level":"info","message":"[STEP PASSED] Subscribe to newsletter with email: email+1783927188631+@test.com","service":"playwright-e2e","timestamp":"2026-09-18 10:17:21"}
{"error":{"log":["  - waiting for getByRole('link', { name: /Signup \\/ Login/i })"]},"level":"error","message":"[STEP FAILED] Navigate to Signup / Login page","service":"playwright-e2e","timestamp":"2026-09-18 10:18:04"}
{"level":"info","message":"[STEP START] [BasePage] Navigating to: https://www.automationexercise.com//","service":"playwright-e2e","timestamp":"2026-09-18 10:26:49"}
{"level":"debug","message":"[BasePage] Successfully navigated to: https://www.automationexercise.com//","service":"playwright-e2e","timestamp":"2026-09-18 10:26:52"}
{"level":"info","message":"[STEP PASSED] [BasePage] Navigating to: https://www.automationexercise.com//","service":"playwright-e2e","timestamp":"2026-09-18 10:26:52"}
{"level":"info","message":"[STEP START] Navigate to Signup / Login page","service":"playwright-e2e","timestamp":"2026-09-18 10:26:52"}
{"level":"debug","message":"Clicking Signup / Login button","service":"playwright-e2e","timestamp":"2026-09-18 10:26:52"}
{"level":"info","message":"[STEP PASSED] Navigate to Signup / Login page","service":"playwright-e2e","timestamp":"2026-09-18 10:26:53"}
{"level":"info","message":"[STEP START] Login with email: email+1783927188631+@test.com","service":"playwright-e2e","timestamp":"2026-09-18 10:26:53"}
{"level":"debug","message":"Filling login credentials","service":"playwright-e2e","timestamp":"2026-09-18 10:26:53"}
{"level":"debug","message":"Clicking Login button","service":"playwright-e2e","timestamp":"2026-09-18 10:26:53"}
{"level":"info","message":"[STEP PASSED] Login with email: email+1783927188631+@test.com","service":"playwright-e2e","timestamp":"2026-09-18 10:26:55"}
{"level":"info","message":"[STEP START] [BasePage] Navigating to: https://www.automationexercise.com//","service":"playwright-e2e","timestamp":"2026-09-18 10:26:59"}
{"level":"debug","message":"[BasePage] Successfully navigated to: https://www.automationexercise.com//","service":"playwright-e2e","timestamp":"2026-09-18 10:27:01"}
{"level":"info","message":"[STEP PASSED] [BasePage] Navigating to: https://www.automationexercise.com//","service":"playwright-e2e","timestamp":"2026-09-18 10:27:01"}
{"level":"info","message":"[STEP START] Navigate to Contact Us page","service":"playwright-e2e","timestamp":"2026-09-18 10:27:01"}
{"level":"debug","message":"Clicking Contact Us button","service":"playwright-e2e","timestamp":"2026-09-18 10:27:01"}
{"level":"info","message":"[STEP PASSED] Navigate to Contact Us page","service":"playwright-e2e","timestamp":"2026-09-18 10:27:02"}
{"level":"info","message":"[STEP START] Submit contact form","service":"playwright-e2e","timestamp":"2026-09-18 10:27:02"}
{"level":"debug","message":"Filling contact form data","service":"playwright-e2e","timestamp":"2026-09-18 10:27:02"}
{"level":"debug","message":"Clicking submit form","service":"playwright-e2e","timestamp":"2026-09-18 10:27:02"}
{"level":"info","message":"[STEP PASSED] Submit contact form","service":"playwright-e2e","timestamp":"2026-09-18 10:27:02"}
{"level":"info","message":"[STEP START] [BasePage] Navigating to: https://www.automationexercise.com//","service":"playwright-e2e","timestamp":"2026-09-18 10:27:58"}
{"level":"debug","message":"[BasePage] Successfully navigated to: https://www.automationexercise.com//","service":"playwright-e2e","timestamp":"2026-09-18 10:28:02"}
{"level":"info","message":"[STEP PASSED] [BasePage] Navigating to: https://www.automationexercise.com//","service":"playwright-e2e","timestamp":"2026-09-18 10:28:02"}
{"level":"info","message":"[STEP START] Navigate to Signup / Login page","service":"playwright-e2e","timestamp":"2026-09-18 10:28:02"}
{"level":"debug","message":"Clicking Signup / Login button","service":"playwright-e2e","timestamp":"2026-09-18 10:28:02"}
{"level":"info","message":"[STEP PASSED] Navigate to Signup / Login page","service":"playwright-e2e","timestamp":"2026-09-18 10:28:04"}
{"level":"info","message":"[STEP START] Login with email: email+1783927188631+@test.com","service":"playwright-e2e","timestamp":"2026-09-18 10:28:04"}
{"level":"debug","message":"Filling login credentials","service":"playwright-e2e","timestamp":"2026-09-18 10:28:04"}
{"level":"debug","message":"Clicking Login button","service":"playwright-e2e","timestamp":"2026-09-18 10:28:04"}
{"level":"info","message":"[STEP PASSED] Login with email: email+1783927188631+@test.com","service":"playwright-e2e","timestamp":"2026-09-18 10:28:06"}
{"level":"info","message":"[STEP START] [BasePage] Navigating to: https://www.automationexercise.com//","service":"playwright-e2e","timestamp":"2026-09-18 10:28:23"}
{"level":"info","message":"[STEP START] [BasePage] Navigating to: https://www.automationexercise.com//","service":"playwright-e2e","timestamp":"2026-09-18 10:28:24"}
{"level":"debug","message":"[BasePage] Successfully navigated to: https://www.automationexercise.com//","service":"playwright-e2e","timestamp":"2026-09-18 10:28:29"}
{"level":"info","message":"[STEP PASSED] [BasePage] Navigating to: https://www.automationexercise.com//","service":"playwright-e2e","timestamp":"2026-09-18 10:28:29"}
{"level":"info","message":"[STEP START] Navigate to Signup / Login page","service":"playwright-e2e","timestamp":"2026-09-18 10:28:30"}
{"level":"debug","message":"[BasePage] Successfully navigated to: https://www.automationexercise.com//","service":"playwright-e2e","timestamp":"2026-09-18 10:28:30"}
{"level":"debug","message":"Clicking Signup / Login button","service":"playwright-e2e","timestamp":"2026-09-18 10:28:30"}
{"level":"info","message":"[STEP PASSED] [BasePage] Navigating to: https://www.automationexercise.com//","service":"playwright-e2e","timestamp":"2026-09-18 10:28:30"}
{"level":"info","message":"[STEP START] Navigate to Signup / Login page","service":"playwright-e2e","timestamp":"2026-09-18 10:28:31"}
{"level":"debug","message":"Clicking Signup / Login button","service":"playwright-e2e","timestamp":"2026-09-18 10:28:31"}
{"error":{"log":["  - waiting for getByRole('link', { name: /Signup \\/ Login/i })"]},"level":"error","message":"[STEP FAILED] Navigate to Signup / Login page","service":"playwright-e2e","timestamp":"2026-09-18 10:29:19"}
{"error":{"log":["  - waiting for getByRole('link', { name: /Signup \\/ Login/i })"]},"level":"error","message":"[STEP FAILED] Navigate to Signup / Login page","service":"playwright-e2e","timestamp":"2026-09-18 10:29:22"}
{"level":"info","message":"[STEP START] [BasePage] Navigating to: https://www.automationexercise.com//","service":"playwright-e2e","timestamp":"2026-09-18 10:41:28"}
{"level":"debug","message":"[BasePage] Successfully navigated to: https://www.automationexercise.com//","service":"playwright-e2e","timestamp":"2026-09-18 10:41:33"}
{"level":"info","message":"[STEP PASSED] [BasePage] Navigating to: https://www.automationexercise.com//","service":"playwright-e2e","timestamp":"2026-09-18 10:41:33"}
{"level":"info","message":"[STEP START] Navigate to Signup / Login page","service":"playwright-e2e","timestamp":"2026-09-18 10:41:34"}
{"level":"debug","message":"Clicking Signup / Login button","service":"playwright-e2e","timestamp":"2026-09-18 10:41:34"}
{"level":"info","message":"[STEP PASSED] Navigate to Signup / Login page","service":"playwright-e2e","timestamp":"2026-09-18 10:41:35"}
{"level":"info","message":"[STEP START] Login with email: email+1783927188631+@test.com","service":"playwright-e2e","timestamp":"2026-09-18 10:41:35"}
{"level":"debug","message":"Filling login credentials","service":"playwright-e2e","timestamp":"2026-09-18 10:41:35"}
{"level":"debug","message":"Clicking Login button","service":"playwright-e2e","timestamp":"2026-09-18 10:41:35"}
{"level":"info","message":"[STEP PASSED] Login with email: email+1783927188631+@test.com","service":"playwright-e2e","timestamp":"2026-09-18 10:41:36"}
{"level":"info","message":"[STEP START] [BasePage] Navigating to: https://www.automationexercise.com//","service":"playwright-e2e","timestamp":"2026-09-18 10:41:40"}
{"level":"debug","message":"[BasePage] Successfully navigated to: https://www.automationexercise.com//","service":"playwright-e2e","timestamp":"2026-09-18 10:41:42"}
{"level":"info","message":"[STEP PASSED] [BasePage] Navigating to: https://www.automationexercise.com//","service":"playwright-e2e","timestamp":"2026-09-18 10:41:42"}
{"level":"info","message":"[STEP START] Navigate to Signup / Login page","service":"playwright-e2e","timestamp":"2026-09-18 10:41:43"}
{"level":"debug","message":"Clicking Signup / Login button","service":"playwright-e2e","timestamp":"2026-09-18 10:41:43"}
{"error":{"log":["  - waiting for getByRole('link', { name: /Signup \\/ Login/i })"]},"level":"error","message":"[STEP FAILED] Navigate to Signup / Login page","service":"playwright-e2e","timestamp":"2026-09-18 10:42:40"}
{"level":"info","message":"[STEP START] [BasePage] Navigating to: https://www.automationexercise.com//","service":"playwright-e2e","timestamp":"2026-09-18 10:50:44"}
{"level":"debug","message":"[BasePage] Successfully navigated to: https://www.automationexercise.com//","service":"playwright-e2e","timestamp":"2026-09-18 10:51:28"}
{"level":"info","message":"[STEP PASSED] [BasePage] Navigating to: https://www.automationexercise.com//","service":"playwright-e2e","timestamp":"2026-09-18 10:51:28"}
{"level":"info","message":"[STEP START] Navigate to Signup / Login page","service":"playwright-e2e","timestamp":"2026-09-18 10:51:28"}
{"level":"debug","message":"Clicking Signup / Login button","service":"playwright-e2e","timestamp":"2026-09-18 10:51:28"}
{"level":"info","message":"[STEP PASSED] Navigate to Signup / Login page","service":"playwright-e2e","timestamp":"2026-09-18 10:51:29"}
{"level":"info","message":"[STEP START] Login with email: email+1783927188631+@test.com","service":"playwright-e2e","timestamp":"2026-09-18 10:51:29"}
{"level":"debug","message":"Filling login credentials","service":"playwright-e2e","timestamp":"2026-09-18 10:51:29"}
{"level":"debug","message":"Clicking Login button","service":"playwright-e2e","timestamp":"2026-09-18 10:51:29"}
{"level":"info","message":"[STEP PASSED] Login with email: email+1783927188631+@test.com","service":"playwright-e2e","timestamp":"2026-09-18 10:51:31"}
{"level":"info","message":"[STEP START] [BasePage] Navigating to: https://www.automationexercise.com//","service":"playwright-e2e","timestamp":"2026-09-18 10:51:38"}
{"level":"debug","message":"[BasePage] Successfully navigated to: https://www.automationexercise.com//","service":"playwright-e2e","timestamp":"2026-09-18 10:51:39"}
{"level":"info","message":"[STEP PASSED] [BasePage] Navigating to: https://www.automationexercise.com//","service":"playwright-e2e","timestamp":"2026-09-18 10:51:39"}
{"level":"info","message":"[STEP START] Navigate to Signup / Login page","service":"playwright-e2e","timestamp":"2026-09-18 10:51:40"}
{"level":"debug","message":"Clicking Signup / Login button","service":"playwright-e2e","timestamp":"2026-09-18 10:51:40"}
{"error":{"log":["  - waiting for getByRole('link', { name: /Signup \\/ Login/i })"]},"level":"error","message":"[STEP FAILED] Navigate to Signup / Login page","service":"playwright-e2e","timestamp":"2026-09-18 10:52:38"}
{"level":"info","message":"[STEP START] [BasePage] Navigating to: https://www.automationexercise.com//","service":"playwright-e2e","timestamp":"2026-09-18 10:55:11"}
{"level":"debug","message":"[BasePage] Successfully navigated to: https://www.automationexercise.com//","service":"playwright-e2e","timestamp":"2026-09-18 10:55:14"}
{"level":"info","message":"[STEP PASSED] [BasePage] Navigating to: https://www.automationexercise.com//","service":"playwright-e2e","timestamp":"2026-09-18 10:55:14"}
{"level":"info","message":"[STEP START] Navigate to Signup / Login page","service":"playwright-e2e","timestamp":"2026-09-18 10:55:15"}
{"level":"debug","message":"Clicking Signup / Login button","service":"playwright-e2e","timestamp":"2026-09-18 10:55:15"}
{"level":"info","message":"[STEP PASSED] Navigate to Signup / Login page","service":"playwright-e2e","timestamp":"2026-09-18 10:55:15"}
{"level":"info","message":"[STEP START] Login with email: email+1783927188631+@test.com","service":"playwright-e2e","timestamp":"2026-09-18 10:55:15"}
{"level":"debug","message":"Filling login credentials","service":"playwright-e2e","timestamp":"2026-09-18 10:55:15"}
{"level":"debug","message":"Clicking Login button","service":"playwright-e2e","timestamp":"2026-09-18 10:55:16"}
{"level":"info","message":"[STEP PASSED] Login with email: email+1783927188631+@test.com","service":"playwright-e2e","timestamp":"2026-09-18 10:55:17"}
{"level":"info","message":"[STEP START] [BasePage] Navigating to: https://www.automationexercise.com//","service":"playwright-e2e","timestamp":"2026-09-18 10:55:24"}
{"level":"debug","message":"[BasePage] Successfully navigated to: https://www.automationexercise.com//","service":"playwright-e2e","timestamp":"2026-09-18 10:55:27"}
{"level":"info","message":"[STEP PASSED] [BasePage] Navigating to: https://www.automationexercise.com//","service":"playwright-e2e","timestamp":"2026-09-18 10:55:27"}
{"level":"info","message":"[STEP START] Navigate to Signup / Login page","service":"playwright-e2e","timestamp":"2026-09-18 10:55:27"}
{"level":"debug","message":"Clicking Signup / Login button","service":"playwright-e2e","timestamp":"2026-09-18 10:55:27"}
{"error":{"log":["  - waiting for getByRole('link', { name: /Signup \\/ Login/i })"]},"level":"error","message":"[STEP FAILED] Navigate to Signup / Login page","service":"playwright-e2e","timestamp":"2026-09-18 10:56:24"}
{"level":"info","message":"[STEP START] [BasePage] Navigating to: https://www.automationexercise.com//","service":"playwright-e2e","timestamp":"2026-09-18 10:57:25"}
{"level":"debug","message":"[BasePage] Successfully navigated to: https://www.automationexercise.com//","service":"playwright-e2e","timestamp":"2026-09-18 10:57:28"}
{"level":"info","message":"[STEP PASSED] [BasePage] Navigating to: https://www.automationexercise.com//","service":"playwright-e2e","timestamp":"2026-09-18 10:57:28"}
{"level":"info","message":"[STEP START] Navigate to Signup / Login page","service":"playwright-e2e","timestamp":"2026-09-18 10:57:29"}
{"level":"debug","message":"Clicking Signup / Login button","service":"playwright-e2e","timestamp":"2026-09-18 10:57:29"}
{"level":"info","message":"[STEP PASSED] Navigate to Signup / Login page","service":"playwright-e2e","timestamp":"2026-09-18 10:57:29"}
{"level":"info","message":"[STEP START] Login with email: email+1783927188631+@test.com","service":"playwright-e2e","timestamp":"2026-09-18 10:57:29"}
{"level":"debug","message":"Filling login credentials","service":"playwright-e2e","timestamp":"2026-09-18 10:57:29"}
{"level":"debug","message":"Clicking Login button","service":"playwright-e2e","timestamp":"2026-09-18 10:57:29"}
{"level":"info","message":"[STEP PASSED] Login with email: email+1783927188631+@test.com","service":"playwright-e2e","timestamp":"2026-09-18 10:57:30"}
{"level":"info","message":"[STEP START] [BasePage] Navigating to: https://www.automationexercise.com//","service":"playwright-e2e","timestamp":"2026-09-18 10:57:34"}
{"level":"debug","message":"[BasePage] Successfully navigated to: https://www.automationexercise.com//","service":"playwright-e2e","timestamp":"2026-09-18 10:57:36"}
{"level":"info","message":"[STEP PASSED] [BasePage] Navigating to: https://www.automationexercise.com//","service":"playwright-e2e","timestamp":"2026-09-18 10:57:36"}
{"level":"info","message":"[STEP START] Navigate to Signup / Login page","service":"playwright-e2e","timestamp":"2026-09-18 10:57:37"}
{"level":"debug","message":"Clicking Signup / Login button","service":"playwright-e2e","timestamp":"2026-09-18 10:57:37"}
{"error":{"log":["  - waiting for getByRole('link', { name: /Signup \\/ Login/i })"]},"level":"error","message":"[STEP FAILED] Navigate to Signup / Login page","service":"playwright-e2e","timestamp":"2026-09-18 10:58:35"}
{"level":"info","message":"[STEP START] [BasePage] Navigating to: https://www.automationexercise.com//","service":"playwright-e2e","timestamp":"2026-09-18 11:01:25"}
{"level":"debug","message":"[BasePage] Successfully navigated to: https://www.automationexercise.com//","service":"playwright-e2e","timestamp":"2026-09-18 11:01:28"}
{"level":"info","message":"[STEP PASSED] [BasePage] Navigating to: https://www.automationexercise.com//","service":"playwright-e2e","timestamp":"2026-09-18 11:01:28"}
{"level":"info","message":"[STEP START] Navigate to Signup / Login page","service":"playwright-e2e","timestamp":"2026-09-18 11:01:28"}
{"level":"debug","message":"Clicking Signup / Login button","service":"playwright-e2e","timestamp":"2026-09-18 11:01:28"}
{"level":"info","message":"[STEP PASSED] Navigate to Signup / Login page","service":"playwright-e2e","timestamp":"2026-09-18 11:01:29"}
{"level":"info","message":"[STEP START] Login with email: email+1783927188631+@test.com","service":"playwright-e2e","timestamp":"2026-09-18 11:01:29"}
{"level":"debug","message":"Filling login credentials","service":"playwright-e2e","timestamp":"2026-09-18 11:01:29"}
{"level":"debug","message":"Clicking Login button","service":"playwright-e2e","timestamp":"2026-09-18 11:01:29"}
{"level":"info","message":"[STEP PASSED] Login with email: email+1783927188631+@test.com","service":"playwright-e2e","timestamp":"2026-09-18 11:01:30"}
{"level":"info","message":"[STEP START] [BasePage] Navigating to: https://www.automationexercise.com//","service":"playwright-e2e","timestamp":"2026-09-18 11:01:34"}
{"level":"debug","message":"[BasePage] Successfully navigated to: https://www.automationexercise.com//","service":"playwright-e2e","timestamp":"2026-09-18 11:01:36"}
{"level":"info","message":"[STEP PASSED] [BasePage] Navigating to: https://www.automationexercise.com//","service":"playwright-e2e","timestamp":"2026-09-18 11:01:36"}
{"level":"info","message":"[STEP START] Subscribe to newsletter with email: email+1783927188631+@test.com","service":"playwright-e2e","timestamp":"2026-09-18 11:01:37"}
{"level":"debug","message":"Scrolling to footer","service":"playwright-e2e","timestamp":"2026-09-18 11:01:37"}
{"level":"debug","message":"Filling subscription email: email+1783927188631+@test.com","service":"playwright-e2e","timestamp":"2026-09-18 11:01:37"}
{"level":"debug","message":"Clicking subscribe button","service":"playwright-e2e","timestamp":"2026-09-18 11:01:37"}
{"level":"info","message":"[STEP PASSED] Subscribe to newsletter with email: email+1783927188631+@test.com","service":"playwright-e2e","timestamp":"2026-09-18 11:01:37"}
{"level":"info","message":"[STEP START] [BasePage] Navigating to: https://www.automationexercise.com//","service":"playwright-e2e","timestamp":"2026-09-18 13:24:51"}
{"level":"debug","message":"[BasePage] Successfully navigated to: https://www.automationexercise.com//","service":"playwright-e2e","timestamp":"2026-09-18 13:24:56"}
{"level":"info","message":"[STEP PASSED] [BasePage] Navigating to: https://www.automationexercise.com//","service":"playwright-e2e","timestamp":"2026-09-18 13:24:56"}
{"level":"info","message":"[STEP START] Navigate to Signup / Login page","service":"playwright-e2e","timestamp":"2026-09-18 13:24:57"}
{"level":"debug","message":"Clicking Signup / Login button","service":"playwright-e2e","timestamp":"2026-09-18 13:24:57"}
{"level":"info","message":"[STEP PASSED] Navigate to Signup / Login page","service":"playwright-e2e","timestamp":"2026-09-18 13:24:57"}
{"level":"info","message":"[STEP START] Login with email: email+1783927188631+@test.com","service":"playwright-e2e","timestamp":"2026-09-18 13:24:58"}
{"level":"debug","message":"Filling login credentials","service":"playwright-e2e","timestamp":"2026-09-18 13:24:58"}
{"level":"debug","message":"Clicking Login button","service":"playwright-e2e","timestamp":"2026-09-18 13:24:58"}
{"level":"info","message":"[STEP PASSED] Login with email: email+1783927188631+@test.com","service":"playwright-e2e","timestamp":"2026-09-18 13:24:59"}
{"level":"info","message":"[STEP START] [BasePage] Navigating to: https://www.automationexercise.com//","service":"playwright-e2e","timestamp":"2026-09-18 13:25:05"}
{"level":"info","message":"[STEP START] [BasePage] Navigating to: https://www.automationexercise.com//","service":"playwright-e2e","timestamp":"2026-09-18 13:25:05"}
{"level":"debug","message":"[BasePage] Successfully navigated to: https://www.automationexercise.com//","service":"playwright-e2e","timestamp":"2026-09-18 13:25:09"}
{"level":"info","message":"[STEP PASSED] [BasePage] Navigating to: https://www.automationexercise.com//","service":"playwright-e2e","timestamp":"2026-09-18 13:25:09"}
{"level":"info","message":"[STEP START] Navigate to Signup / Login page","service":"playwright-e2e","timestamp":"2026-09-18 13:25:09"}
{"level":"debug","message":"Clicking Signup / Login button","service":"playwright-e2e","timestamp":"2026-09-18 13:25:09"}
{"level":"debug","message":"[BasePage] Successfully navigated to: https://www.automationexercise.com//","service":"playwright-e2e","timestamp":"2026-09-18 13:25:10"}
{"level":"info","message":"[STEP PASSED] [BasePage] Navigating to: https://www.automationexercise.com//","service":"playwright-e2e","timestamp":"2026-09-18 13:25:10"}
{"level":"info","message":"[STEP START] Navigate to Contact Us page","service":"playwright-e2e","timestamp":"2026-09-18 13:25:10"}
{"level":"debug","message":"Clicking Contact Us button","service":"playwright-e2e","timestamp":"2026-09-18 13:25:10"}
{"level":"info","message":"[STEP PASSED] Navigate to Contact Us page","service":"playwright-e2e","timestamp":"2026-09-18 13:25:11"}
{"level":"info","message":"[STEP START] Submit contact form","service":"playwright-e2e","timestamp":"2026-09-18 13:25:11"}
{"level":"debug","message":"Filling contact form data","service":"playwright-e2e","timestamp":"2026-09-18 13:25:11"}
{"level":"debug","message":"Clicking submit form","service":"playwright-e2e","timestamp":"2026-09-18 13:25:12"}
{"level":"info","message":"[STEP PASSED] Submit contact form","service":"playwright-e2e","timestamp":"2026-09-18 13:25:12"}
{"level":"info","message":"[STEP START] [BasePage] Navigating to: https://www.automationexercise.com//","service":"playwright-e2e","timestamp":"2026-09-18 13:25:23"}
{"level":"debug","message":"[BasePage] Successfully navigated to: https://www.automationexercise.com//","service":"playwright-e2e","timestamp":"2026-09-18 13:25:26"}
{"level":"info","message":"[STEP PASSED] [BasePage] Navigating to: https://www.automationexercise.com//","service":"playwright-e2e","timestamp":"2026-09-18 13:25:26"}
{"level":"info","message":"[STEP START] Navigate to Signup / Login page","service":"playwright-e2e","timestamp":"2026-09-18 13:25:27"}
{"level":"debug","message":"Clicking Signup / Login button","service":"playwright-e2e","timestamp":"2026-09-18 13:25:27"}
{"error":{"log":["  - waiting for getByRole('link', { name: /Signup \\/ Login/i })"]},"level":"error","message":"[STEP FAILED] Navigate to Signup / Login page","service":"playwright-e2e","timestamp":"2026-09-18 13:26:05"}
{"level":"info","message":"[STEP START] [BasePage] Navigating to: https://www.automationexercise.com//","service":"playwright-e2e","timestamp":"2026-09-18 13:26:09"}
{"level":"debug","message":"[BasePage] Successfully navigated to: https://www.automationexercise.com//","service":"playwright-e2e","timestamp":"2026-09-18 13:26:14"}
{"level":"info","message":"[STEP PASSED] [BasePage] Navigating to: https://www.automationexercise.com//","service":"playwright-e2e","timestamp":"2026-09-18 13:26:14"}
{"level":"info","message":"[STEP START] Navigate to Signup / Login page","service":"playwright-e2e","timestamp":"2026-09-18 13:26:14"}
{"level":"debug","message":"Clicking Signup / Login button","service":"playwright-e2e","timestamp":"2026-09-18 13:26:14"}
{"error":{"log":["  - waiting for getByRole('link', { name: /Signup \\/ Login/i })"]},"level":"error","message":"[STEP FAILED] Navigate to Signup / Login page","service":"playwright-e2e","timestamp":"2026-09-18 13:26:23"}
{"level":"info","message":"[STEP START] [BasePage] Navigating to: https://www.automationexercise.com//","service":"playwright-e2e","timestamp":"2026-09-18 13:26:28"}
{"level":"debug","message":"[BasePage] Successfully navigated to: https://www.automationexercise.com//","service":"playwright-e2e","timestamp":"2026-09-18 13:26:31"}
{"level":"info","message":"[STEP PASSED] [BasePage] Navigating to: https://www.automationexercise.com//","service":"playwright-e2e","timestamp":"2026-09-18 13:26:31"}
{"level":"info","message":"[STEP START] Navigate to Signup / Login page","service":"playwright-e2e","timestamp":"2026-09-18 13:26:32"}
{"level":"debug","message":"Clicking Signup / Login button","service":"playwright-e2e","timestamp":"2026-09-18 13:26:32"}
{"error":{"log":["  - waiting for getByRole('link', { name: /Signup \\/ Login/i })"]},"level":"error","message":"[STEP FAILED] Navigate to Signup / Login page","service":"playwright-e2e","timestamp":"2026-09-18 13:27:10"}
{"level":"info","message":"[STEP START] [BasePage] Navigating to: https://www.automationexercise.com//","service":"playwright-e2e","timestamp":"2026-09-18 13:27:14"}
{"level":"debug","message":"[BasePage] Successfully navigated to: https://www.automationexercise.com//","service":"playwright-e2e","timestamp":"2026-09-18 13:27:19"}
{"level":"info","message":"[STEP PASSED] [BasePage] Navigating to: https://www.automationexercise.com//","service":"playwright-e2e","timestamp":"2026-09-18 13:27:19"}
{"level":"info","message":"[STEP START] Navigate to Signup / Login page","service":"playwright-e2e","timestamp":"2026-09-18 13:27:20"}
{"level":"debug","message":"Clicking Signup / Login button","service":"playwright-e2e","timestamp":"2026-09-18 13:27:20"}
{"error":{"log":["  - waiting for getByRole('link', { name: /Signup \\/ Login/i })"]},"level":"error","message":"[STEP FAILED] Navigate to Signup / Login page","service":"playwright-e2e","timestamp":"2026-09-18 13:27:28"}
{"level":"info","message":"[STEP START] [BasePage] Navigating to: https://www.automationexercise.com//","service":"playwright-e2e","timestamp":"2026-09-18 13:27:32"}
{"level":"debug","message":"[BasePage] Successfully navigated to: https://www.automationexercise.com//","service":"playwright-e2e","timestamp":"2026-09-18 13:27:35"}
{"level":"info","message":"[STEP PASSED] [BasePage] Navigating to: https://www.automationexercise.com//","service":"playwright-e2e","timestamp":"2026-09-18 13:27:35"}
{"level":"info","message":"[STEP START] Subscribe to newsletter with email: email+1783927188631+@test.com","service":"playwright-e2e","timestamp":"2026-09-18 13:27:36"}
{"level":"debug","message":"Scrolling to footer","service":"playwright-e2e","timestamp":"2026-09-18 13:27:36"}
{"level":"debug","message":"Filling subscription email: email+1783927188631+@test.com","service":"playwright-e2e","timestamp":"2026-09-18 13:27:36"}
{"level":"debug","message":"Clicking subscribe button","service":"playwright-e2e","timestamp":"2026-09-18 13:27:36"}
{"level":"info","message":"[STEP PASSED] Subscribe to newsletter with email: email+1783927188631+@test.com","service":"playwright-e2e","timestamp":"2026-09-18 13:27:36"}
{"error":{"log":["  - waiting for getByRole('link', { name: /Signup \\/ Login/i })"]},"level":"error","message":"[STEP FAILED] Navigate to Signup / Login page","service":"playwright-e2e","timestamp":"2026-09-18 13:28:17"}
{"level":"info","message":"[STEP START] [BasePage] Navigating to: https://www.automationexercise.com//","service":"playwright-e2e","timestamp":"2026-09-18 14:56:26"}
{"level":"info","message":"[STEP START] [BasePage] Navigating to: https://www.automationexercise.com//","service":"playwright-e2e","timestamp":"2026-09-18 14:56:26"}
{"level":"debug","message":"[BasePage] Successfully navigated to: https://www.automationexercise.com//","service":"playwright-e2e","timestamp":"2026-09-18 14:56:33"}
{"level":"debug","message":"[BasePage] Successfully navigated to: https://www.automationexercise.com//","service":"playwright-e2e","timestamp":"2026-09-18 14:56:33"}
{"level":"info","message":"[STEP PASSED] [BasePage] Navigating to: https://www.automationexercise.com//","service":"playwright-e2e","timestamp":"2026-09-18 14:56:33"}
{"level":"info","message":"[STEP PASSED] [BasePage] Navigating to: https://www.automationexercise.com//","service":"playwright-e2e","timestamp":"2026-09-18 14:56:33"}
{"level":"info","message":"[STEP START] Navigate to Signup / Login page","service":"playwright-e2e","timestamp":"2026-09-18 14:56:33"}
{"level":"info","message":"[STEP START] Navigate to Signup / Login page","service":"playwright-e2e","timestamp":"2026-09-18 14:56:33"}
{"level":"debug","message":"Clicking Signup / Login button","service":"playwright-e2e","timestamp":"2026-09-18 14:56:33"}
{"level":"debug","message":"Clicking Signup / Login button","service":"playwright-e2e","timestamp":"2026-09-18 14:56:33"}
{"level":"info","message":"[STEP PASSED] Navigate to Signup / Login page","service":"playwright-e2e","timestamp":"2026-09-18 14:56:36"}
{"level":"info","message":"[STEP PASSED] Navigate to Signup / Login page","service":"playwright-e2e","timestamp":"2026-09-18 14:56:36"}
{"level":"info","message":"[STEP START] Login with email: email+1783927188631+@test.com","service":"playwright-e2e","timestamp":"2026-09-18 14:56:37"}
{"level":"debug","message":"Filling login credentials","service":"playwright-e2e","timestamp":"2026-09-18 14:56:37"}
{"level":"info","message":"[STEP START] Login with email: email+1783927188631+@test.com","service":"playwright-e2e","timestamp":"2026-09-18 14:56:37"}
{"level":"debug","message":"Filling login credentials","service":"playwright-e2e","timestamp":"2026-09-18 14:56:37"}
{"level":"debug","message":"Clicking Login button","service":"playwright-e2e","timestamp":"2026-09-18 14:56:37"}
{"level":"debug","message":"Clicking Login button","service":"playwright-e2e","timestamp":"2026-09-18 14:56:37"}
{"level":"info","message":"[STEP PASSED] Login with email: email+1783927188631+@test.com","service":"playwright-e2e","timestamp":"2026-09-18 14:56:40"}
{"level":"info","message":"[STEP PASSED] Login with email: email+1783927188631+@test.com","service":"playwright-e2e","timestamp":"2026-09-18 14:56:40"}
{"level":"info","message":"[STEP START] [BasePage] Navigating to: https://www.automationexercise.com//","service":"playwright-e2e","timestamp":"2026-09-18 14:56:44"}
{"level":"debug","message":"[BasePage] Successfully navigated to: https://www.automationexercise.com//","service":"playwright-e2e","timestamp":"2026-09-18 14:56:47"}
{"level":"info","message":"[STEP PASSED] [BasePage] Navigating to: https://www.automationexercise.com//","service":"playwright-e2e","timestamp":"2026-09-18 14:56:47"}
{"level":"info","message":"[STEP START] Navigate to Signup / Login page","service":"playwright-e2e","timestamp":"2026-09-18 14:56:47"}
{"level":"debug","message":"Clicking Signup / Login button","service":"playwright-e2e","timestamp":"2026-09-18 14:56:47"}
{"level":"info","message":"[STEP PASSED] Navigate to Signup / Login page","service":"playwright-e2e","timestamp":"2026-09-18 14:56:48"}
{"level":"info","message":"[STEP START] Login with email: fail@invaliduser.com","service":"playwright-e2e","timestamp":"2026-09-18 14:56:48"}
{"level":"debug","message":"Filling login credentials","service":"playwright-e2e","timestamp":"2026-09-18 14:56:48"}
{"level":"debug","message":"Clicking Login button","service":"playwright-e2e","timestamp":"2026-09-18 14:56:49"}
{"level":"info","message":"[STEP PASSED] Login with email: fail@invaliduser.com","service":"playwright-e2e","timestamp":"2026-09-18 14:56:50"}
{"level":"info","message":"[STEP START] [BasePage] Navigating to: https://www.automationexercise.com//","service":"playwright-e2e","timestamp":"2026-09-18 14:56:54"}
{"level":"debug","message":"[BasePage] Successfully navigated to: https://www.automationexercise.com//","service":"playwright-e2e","timestamp":"2026-09-18 14:56:57"}
{"level":"info","message":"[STEP PASSED] [BasePage] Navigating to: https://www.automationexercise.com//","service":"playwright-e2e","timestamp":"2026-09-18 14:56:57"}
{"level":"info","message":"[STEP START] Navigate to Signup / Login page","service":"playwright-e2e","timestamp":"2026-09-18 14:56:57"}
{"level":"debug","message":"Clicking Signup / Login button","service":"playwright-e2e","timestamp":"2026-09-18 14:56:57"}
{"level":"info","message":"[STEP PASSED] Navigate to Signup / Login page","service":"playwright-e2e","timestamp":"2026-09-18 14:56:59"}
{"level":"info","message":"[STEP START] New user signup: email+1789732613166+@test.com","service":"playwright-e2e","timestamp":"2026-09-18 14:56:59"}
{"level":"debug","message":"Filling name input","service":"playwright-e2e","timestamp":"2026-09-18 14:56:59"}
{"level":"debug","message":"Filling email input","service":"playwright-e2e","timestamp":"2026-09-18 14:56:59"}
{"level":"debug","message":"Clicking signup button","service":"playwright-e2e","timestamp":"2026-09-18 14:56:59"}
{"level":"info","message":"[STEP PASSED] New user signup: email+1789732613166+@test.com","service":"playwright-e2e","timestamp":"2026-09-18 14:57:00"}
{"level":"info","message":"[STEP START] Complete registration form for: email+1789732613166+@test.com","service":"playwright-e2e","timestamp":"2026-09-18 14:57:03"}
{"level":"debug","message":"Filling user password","service":"playwright-e2e","timestamp":"2026-09-18 14:57:03"}
{"level":"debug","message":"Selecting DoB: 9/April/1990","service":"playwright-e2e","timestamp":"2026-09-18 14:57:05"}
{"level":"debug","message":"Filling personal info: Rimas Grimas","service":"playwright-e2e","timestamp":"2026-09-18 14:57:06"}
{"level":"debug","message":"Filling address info: India","service":"playwright-e2e","timestamp":"2026-09-18 14:57:06"}
{"level":"debug","message":"Clicking Create Account button","service":"playwright-e2e","timestamp":"2026-09-18 14:57:08"}
{"level":"info","message":"[STEP PASSED] Complete registration form for: email+1789732613166+@test.com","service":"playwright-e2e","timestamp":"2026-09-18 14:57:10"}
{"level":"info","message":"[STEP START] 'Click Continue button on Account Created page","service":"playwright-e2e","timestamp":"2026-09-18 14:57:10"}
{"level":"debug","message":"Clicking continue button","service":"playwright-e2e","timestamp":"2026-09-18 14:57:10"}
{"level":"info","message":"[STEP PASSED] 'Click Continue button on Account Created page","service":"playwright-e2e","timestamp":"2026-09-18 14:57:11"}
{"level":"info","message":"[STEP START] Delete Account","service":"playwright-e2e","timestamp":"2026-09-18 14:57:11"}
{"level":"debug","message":"Clicking Delete Account button","service":"playwright-e2e","timestamp":"2026-09-18 14:57:11"}
{"level":"info","message":"[STEP PASSED] Delete Account","service":"playwright-e2e","timestamp":"2026-09-18 14:57:12"}
{"level":"info","message":"[STEP START] [BasePage] Navigating to: https://www.automationexercise.com//","service":"playwright-e2e","timestamp":"2026-09-18 14:57:24"}
{"level":"info","message":"[STEP START] [BasePage] Navigating to: https://www.automationexercise.com//","service":"playwright-e2e","timestamp":"2026-09-18 14:57:24"}
{"level":"debug","message":"[BasePage] Successfully navigated to: https://www.automationexercise.com//","service":"playwright-e2e","timestamp":"2026-09-18 14:57:29"}
{"level":"info","message":"[STEP PASSED] [BasePage] Navigating to: https://www.automationexercise.com//","service":"playwright-e2e","timestamp":"2026-09-18 14:57:29"}
{"level":"info","message":"[STEP START] Navigate to Signup / Login page","service":"playwright-e2e","timestamp":"2026-09-18 14:57:30"}
{"level":"debug","message":"Clicking Signup / Login button","service":"playwright-e2e","timestamp":"2026-09-18 14:57:30"}
{"level":"debug","message":"[BasePage] Successfully navigated to: https://www.automationexercise.com//","service":"playwright-e2e","timestamp":"2026-09-18 14:57:30"}
{"level":"info","message":"[STEP PASSED] [BasePage] Navigating to: https://www.automationexercise.com//","service":"playwright-e2e","timestamp":"2026-09-18 14:57:30"}
{"level":"info","message":"[STEP START] Navigate to Contact Us page","service":"playwright-e2e","timestamp":"2026-09-18 14:57:31"}
{"level":"debug","message":"Clicking Contact Us button","service":"playwright-e2e","timestamp":"2026-09-18 14:57:31"}
{"level":"info","message":"[STEP PASSED] Navigate to Contact Us page","service":"playwright-e2e","timestamp":"2026-09-18 14:57:31"}
{"level":"info","message":"[STEP START] Submit contact form","service":"playwright-e2e","timestamp":"2026-09-18 14:57:32"}
{"level":"debug","message":"Filling contact form data","service":"playwright-e2e","timestamp":"2026-09-18 14:57:32"}
{"level":"debug","message":"Clicking submit form","service":"playwright-e2e","timestamp":"2026-09-18 14:57:32"}
{"level":"info","message":"[STEP PASSED] Submit contact form","service":"playwright-e2e","timestamp":"2026-09-18 14:57:33"}
{"level":"info","message":"[STEP START] [BasePage] Navigating to: https://www.automationexercise.com//","service":"playwright-e2e","timestamp":"2026-09-18 14:57:34"}
{"level":"debug","message":"[BasePage] Successfully navigated to: https://www.automationexercise.com//","service":"playwright-e2e","timestamp":"2026-09-18 14:57:37"}
{"level":"info","message":"[STEP PASSED] [BasePage] Navigating to: https://www.automationexercise.com//","service":"playwright-e2e","timestamp":"2026-09-18 14:57:37"}
{"level":"info","message":"[STEP START] Navigate to Signup / Login page","service":"playwright-e2e","timestamp":"2026-09-18 14:57:38"}
{"level":"debug","message":"Clicking Signup / Login button","service":"playwright-e2e","timestamp":"2026-09-18 14:57:38"}
{"error":{"log":["  - waiting for getByRole('link', { name: /Signup \\/ Login/i })"]},"level":"error","message":"[STEP FAILED] Navigate to Signup / Login page","service":"playwright-e2e","timestamp":"2026-09-18 14:58:25"}
{"level":"info","message":"[STEP START] [BasePage] Navigating to: https://www.automationexercise.com//","service":"playwright-e2e","timestamp":"2026-09-18 14:58:29"}
{"level":"debug","message":"[BasePage] Successfully navigated to: https://www.automationexercise.com//","service":"playwright-e2e","timestamp":"2026-09-18 14:58:32"}
{"level":"info","message":"[STEP PASSED] [BasePage] Navigating to: https://www.automationexercise.com//","service":"playwright-e2e","timestamp":"2026-09-18 14:58:32"}
{"level":"info","message":"[STEP START] Subscribe to newsletter with email: email+1783927188631+@test.com","service":"playwright-e2e","timestamp":"2026-09-18 14:58:32"}
{"level":"debug","message":"Scrolling to footer","service":"playwright-e2e","timestamp":"2026-09-18 14:58:32"}
{"level":"debug","message":"Filling subscription email: email+1783927188631+@test.com","service":"playwright-e2e","timestamp":"2026-09-18 14:58:32"}
{"level":"debug","message":"Clicking subscribe button","service":"playwright-e2e","timestamp":"2026-09-18 14:58:33"}
{"level":"info","message":"[STEP PASSED] Subscribe to newsletter with email: email+1783927188631+@test.com","service":"playwright-e2e","timestamp":"2026-09-18 14:58:33"}
{"error":{"log":["  - waiting for getByRole('link', { name: /Signup \\/ Login/i })"]},"level":"error","message":"[STEP FAILED] Navigate to Signup / Login page","service":"playwright-e2e","timestamp":"2026-09-18 14:58:36"}
{"level":"info","message":"[STEP START] [BasePage] Navigating to: https://www.automationexercise.com//","service":"playwright-e2e","timestamp":"2026-09-18 15:15:12"}
{"level":"info","message":"[STEP START] [BasePage] Navigating to: https://www.automationexercise.com//","service":"playwright-e2e","timestamp":"2026-09-18 15:15:12"}
{"level":"debug","message":"[BasePage] Successfully navigated to: https://www.automationexercise.com//","service":"playwright-e2e","timestamp":"2026-09-18 15:15:19"}
{"level":"info","message":"[STEP PASSED] [BasePage] Navigating to: https://www.automationexercise.com//","service":"playwright-e2e","timestamp":"2026-09-18 15:15:19"}
{"level":"debug","message":"[BasePage] Successfully navigated to: https://www.automationexercise.com//","service":"playwright-e2e","timestamp":"2026-09-18 15:15:19"}
{"level":"info","message":"[STEP PASSED] [BasePage] Navigating to: https://www.automationexercise.com//","service":"playwright-e2e","timestamp":"2026-09-18 15:15:19"}
{"level":"info","message":"[STEP START] Navigate to Signup / Login page","service":"playwright-e2e","timestamp":"2026-09-18 15:15:19"}
{"level":"debug","message":"Clicking Signup / Login button","service":"playwright-e2e","timestamp":"2026-09-18 15:15:19"}
{"level":"info","message":"[STEP START] Navigate to Signup / Login page","service":"playwright-e2e","timestamp":"2026-09-18 15:15:20"}
{"level":"debug","message":"Clicking Signup / Login button","service":"playwright-e2e","timestamp":"2026-09-18 15:15:20"}
{"level":"info","message":"[STEP PASSED] Navigate to Signup / Login page","service":"playwright-e2e","timestamp":"2026-09-18 15:15:21"}
{"level":"info","message":"[STEP PASSED] Navigate to Signup / Login page","service":"playwright-e2e","timestamp":"2026-09-18 15:15:21"}
{"level":"info","message":"[STEP START] Login with email: email+1783927188631+@test.com","service":"playwright-e2e","timestamp":"2026-09-18 15:15:21"}
{"level":"debug","message":"Filling login credentials","service":"playwright-e2e","timestamp":"2026-09-18 15:15:21"}
{"level":"info","message":"[STEP START] Login with email: email+1783927188631+@test.com","service":"playwright-e2e","timestamp":"2026-09-18 15:15:21"}
{"level":"debug","message":"Filling login credentials","service":"playwright-e2e","timestamp":"2026-09-18 15:15:21"}
{"level":"debug","message":"Clicking Login button","service":"playwright-e2e","timestamp":"2026-09-18 15:15:21"}
{"level":"debug","message":"Clicking Login button","service":"playwright-e2e","timestamp":"2026-09-18 15:15:22"}
{"level":"info","message":"[STEP PASSED] Login with email: email+1783927188631+@test.com","service":"playwright-e2e","timestamp":"2026-09-18 15:15:23"}
{"level":"info","message":"[STEP PASSED] Login with email: email+1783927188631+@test.com","service":"playwright-e2e","timestamp":"2026-09-18 15:15:23"}
{"level":"info","message":"[STEP START] [BasePage] Navigating to: https://www.automationexercise.com//","service":"playwright-e2e","timestamp":"2026-09-18 15:15:28"}
{"level":"debug","message":"[BasePage] Successfully navigated to: https://www.automationexercise.com//","service":"playwright-e2e","timestamp":"2026-09-18 15:15:30"}
{"level":"info","message":"[STEP PASSED] [BasePage] Navigating to: https://www.automationexercise.com//","service":"playwright-e2e","timestamp":"2026-09-18 15:15:30"}
{"level":"info","message":"[STEP START] Navigate to Signup / Login page","service":"playwright-e2e","timestamp":"2026-09-18 15:15:30"}
{"level":"debug","message":"Clicking Signup / Login button","service":"playwright-e2e","timestamp":"2026-09-18 15:15:30"}
{"level":"info","message":"[STEP PASSED] Navigate to Signup / Login page","service":"playwright-e2e","timestamp":"2026-09-18 15:15:30"}
{"level":"info","message":"[STEP START] New user signup: email+1789733711035+@test.com","service":"playwright-e2e","timestamp":"2026-09-18 15:15:30"}
{"level":"debug","message":"Filling name input","service":"playwright-e2e","timestamp":"2026-09-18 15:15:30"}
{"level":"debug","message":"Filling email input","service":"playwright-e2e","timestamp":"2026-09-18 15:15:30"}
{"level":"debug","message":"Clicking signup button","service":"playwright-e2e","timestamp":"2026-09-18 15:15:31"}
{"level":"info","message":"[STEP PASSED] New user signup: email+1789733711035+@test.com","service":"playwright-e2e","timestamp":"2026-09-18 15:15:31"}
{"level":"info","message":"[STEP START] Complete registration form for: email+1789733711035+@test.com","service":"playwright-e2e","timestamp":"2026-09-18 15:15:31"}
{"level":"debug","message":"Filling user password","service":"playwright-e2e","timestamp":"2026-09-18 15:15:31"}
{"level":"debug","message":"Selecting DoB: 9/April/1990","service":"playwright-e2e","timestamp":"2026-09-18 15:15:32"}
{"level":"debug","message":"Filling personal info: Rimas Grimas","service":"playwright-e2e","timestamp":"2026-09-18 15:15:32"}
{"level":"debug","message":"Filling address info: India","service":"playwright-e2e","timestamp":"2026-09-18 15:15:33"}
{"level":"debug","message":"Clicking Create Account button","service":"playwright-e2e","timestamp":"2026-09-18 15:15:33"}
{"level":"info","message":"[STEP PASSED] Complete registration form for: email+1789733711035+@test.com","service":"playwright-e2e","timestamp":"2026-09-18 15:15:34"}
{"level":"info","message":"[STEP START] [BasePage] Navigating to: https://www.automationexercise.com//","service":"playwright-e2e","timestamp":"2026-09-18 15:15:35"}
{"level":"info","message":"[STEP START] 'Click Continue button on Account Created page","service":"playwright-e2e","timestamp":"2026-09-18 15:15:35"}
{"level":"debug","message":"Clicking continue button","service":"playwright-e2e","timestamp":"2026-09-18 15:15:35"}
{"level":"info","message":"[STEP PASSED] 'Click Continue button on Account Created page","service":"playwright-e2e","timestamp":"2026-09-18 15:15:35"}
{"level":"info","message":"[STEP START] Delete Account","service":"playwright-e2e","timestamp":"2026-09-18 15:15:36"}
{"level":"debug","message":"Clicking Delete Account button","service":"playwright-e2e","timestamp":"2026-09-18 15:15:36"}
{"level":"info","message":"[STEP PASSED] Delete Account","service":"playwright-e2e","timestamp":"2026-09-18 15:15:38"}
{"level":"debug","message":"[BasePage] Successfully navigated to: https://www.automationexercise.com//","service":"playwright-e2e","timestamp":"2026-09-18 15:15:38"}
{"level":"info","message":"[STEP PASSED] [BasePage] Navigating to: https://www.automationexercise.com//","service":"playwright-e2e","timestamp":"2026-09-18 15:15:38"}
{"level":"info","message":"[STEP START] Navigate to Signup / Login page","service":"playwright-e2e","timestamp":"2026-09-18 15:15:39"}
{"level":"debug","message":"Clicking Signup / Login button","service":"playwright-e2e","timestamp":"2026-09-18 15:15:39"}
{"level":"info","message":"[STEP PASSED] Navigate to Signup / Login page","service":"playwright-e2e","timestamp":"2026-09-18 15:15:39"}
{"level":"info","message":"[STEP START] Login with email: fail@invaliduser.com","service":"playwright-e2e","timestamp":"2026-09-18 15:15:39"}
{"level":"debug","message":"Filling login credentials","service":"playwright-e2e","timestamp":"2026-09-18 15:15:39"}
{"level":"debug","message":"Clicking Login button","service":"playwright-e2e","timestamp":"2026-09-18 15:15:40"}
{"level":"info","message":"[STEP PASSED] Login with email: fail@invaliduser.com","service":"playwright-e2e","timestamp":"2026-09-18 15:15:41"}
{"level":"info","message":"[STEP START] [BasePage] Navigating to: https://www.automationexercise.com//","service":"playwright-e2e","timestamp":"2026-09-18 15:15:46"}
{"level":"info","message":"[STEP START] [BasePage] Navigating to: https://www.automationexercise.com//","service":"playwright-e2e","timestamp":"2026-09-18 15:15:47"}
{"level":"debug","message":"[BasePage] Successfully navigated to: https://www.automationexercise.com//","service":"playwright-e2e","timestamp":"2026-09-18 15:15:51"}
{"level":"info","message":"[STEP PASSED] [BasePage] Navigating to: https://www.automationexercise.com//","service":"playwright-e2e","timestamp":"2026-09-18 15:15:51"}
{"level":"info","message":"[STEP START] Navigate to Contact Us page","service":"playwright-e2e","timestamp":"2026-09-18 15:15:51"}
{"level":"debug","message":"Clicking Contact Us button","service":"playwright-e2e","timestamp":"2026-09-18 15:15:51"}
{"level":"debug","message":"[BasePage] Successfully navigated to: https://www.automationexercise.com//","service":"playwright-e2e","timestamp":"2026-09-18 15:15:54"}
{"level":"info","message":"[STEP PASSED] [BasePage] Navigating to: https://www.automationexercise.com//","service":"playwright-e2e","timestamp":"2026-09-18 15:15:54"}
{"level":"info","message":"[STEP PASSED] Navigate to Contact Us page","service":"playwright-e2e","timestamp":"2026-09-18 15:15:54"}
{"level":"info","message":"[STEP START] Submit contact form","service":"playwright-e2e","timestamp":"2026-09-18 15:15:54"}
{"level":"debug","message":"Filling contact form data","service":"playwright-e2e","timestamp":"2026-09-18 15:15:54"}
{"level":"debug","message":"Clicking submit form","service":"playwright-e2e","timestamp":"2026-09-18 15:15:55"}
{"level":"info","message":"[STEP START] Navigate to Signup / Login page","service":"playwright-e2e","timestamp":"2026-09-18 15:15:55"}
{"level":"debug","message":"Clicking Signup / Login button","service":"playwright-e2e","timestamp":"2026-09-18 15:15:55"}
{"level":"info","message":"[STEP PASSED] Submit contact form","service":"playwright-e2e","timestamp":"2026-09-18 15:15:55"}
{"level":"info","message":"[STEP START] [BasePage] Navigating to: https://www.automationexercise.com//","service":"playwright-e2e","timestamp":"2026-09-18 15:15:57"}
{"level":"debug","message":"[BasePage] Successfully navigated to: https://www.automationexercise.com//","service":"playwright-e2e","timestamp":"2026-09-18 15:16:02"}
{"level":"info","message":"[STEP PASSED] [BasePage] Navigating to: https://www.automationexercise.com//","service":"playwright-e2e","timestamp":"2026-09-18 15:16:02"}
{"level":"info","message":"[STEP START] Subscribe to newsletter with email: email+1783927188631+@test.com","service":"playwright-e2e","timestamp":"2026-09-18 15:16:03"}
{"level":"debug","message":"Scrolling to footer","service":"playwright-e2e","timestamp":"2026-09-18 15:16:03"}
{"level":"debug","message":"Filling subscription email: email+1783927188631+@test.com","service":"playwright-e2e","timestamp":"2026-09-18 15:16:03"}
{"level":"debug","message":"Clicking subscribe button","service":"playwright-e2e","timestamp":"2026-09-18 15:16:03"}
{"level":"info","message":"[STEP PASSED] Subscribe to newsletter with email: email+1783927188631+@test.com","service":"playwright-e2e","timestamp":"2026-09-18 15:16:03"}
{"error":{"log":["  - waiting for getByRole('link', { name: /Signup \\/ Login/i })"]},"level":"error","message":"[STEP FAILED] Navigate to Signup / Login page","service":"playwright-e2e","timestamp":"2026-09-18 15:16:46"}
{"level":"info","message":"[STEP START] [BasePage] Navigating to: https://www.automationexercise.com//","service":"playwright-e2e","timestamp":"2026-09-18 15:21:47"}
{"level":"info","message":"[STEP START] [BasePage] Navigating to: https://www.automationexercise.com//","service":"playwright-e2e","timestamp":"2026-09-18 15:21:47"}
{"level":"debug","message":"[BasePage] Successfully navigated to: https://www.automationexercise.com//","service":"playwright-e2e","timestamp":"2026-09-18 15:21:51"}
{"level":"debug","message":"[BasePage] Successfully navigated to: https://www.automationexercise.com//","service":"playwright-e2e","timestamp":"2026-09-18 15:21:51"}
{"level":"info","message":"[STEP PASSED] [BasePage] Navigating to: https://www.automationexercise.com//","service":"playwright-e2e","timestamp":"2026-09-18 15:21:51"}
{"level":"info","message":"[STEP PASSED] [BasePage] Navigating to: https://www.automationexercise.com//","service":"playwright-e2e","timestamp":"2026-09-18 15:21:51"}
{"level":"info","message":"[STEP START] Navigate to Signup / Login page","service":"playwright-e2e","timestamp":"2026-09-18 15:21:51"}
{"level":"info","message":"[STEP START] Navigate to Signup / Login page","service":"playwright-e2e","timestamp":"2026-09-18 15:21:51"}
{"level":"debug","message":"Clicking Signup / Login button","service":"playwright-e2e","timestamp":"2026-09-18 15:21:51"}
{"level":"debug","message":"Clicking Signup / Login button","service":"playwright-e2e","timestamp":"2026-09-18 15:21:51"}
{"level":"info","message":"[STEP PASSED] Navigate to Signup / Login page","service":"playwright-e2e","timestamp":"2026-09-18 15:21:52"}
{"level":"info","message":"[STEP PASSED] Navigate to Signup / Login page","service":"playwright-e2e","timestamp":"2026-09-18 15:21:52"}
{"level":"info","message":"[STEP START] Login with email: email+1783927188631+@test.com","service":"playwright-e2e","timestamp":"2026-09-18 15:21:53"}
{"level":"debug","message":"Filling login credentials","service":"playwright-e2e","timestamp":"2026-09-18 15:21:53"}
{"level":"info","message":"[STEP START] Login with email: email+1783927188631+@test.com","service":"playwright-e2e","timestamp":"2026-09-18 15:21:53"}
{"level":"debug","message":"Filling login credentials","service":"playwright-e2e","timestamp":"2026-09-18 15:21:53"}
{"level":"debug","message":"Clicking Login button","service":"playwright-e2e","timestamp":"2026-09-18 15:21:54"}
{"level":"debug","message":"Clicking Login button","service":"playwright-e2e","timestamp":"2026-09-18 15:21:54"}
{"level":"info","message":"[STEP PASSED] Login with email: email+1783927188631+@test.com","service":"playwright-e2e","timestamp":"2026-09-18 15:21:56"}
{"level":"info","message":"[STEP PASSED] Login with email: email+1783927188631+@test.com","service":"playwright-e2e","timestamp":"2026-09-18 15:21:56"}
{"level":"info","message":"[STEP START] [BasePage] Navigating to: https://www.automationexercise.com//","service":"playwright-e2e","timestamp":"2026-09-18 15:22:01"}
{"level":"debug","message":"[BasePage] Successfully navigated to: https://www.automationexercise.com//","service":"playwright-e2e","timestamp":"2026-09-18 15:22:03"}
{"level":"info","message":"[STEP PASSED] [BasePage] Navigating to: https://www.automationexercise.com//","service":"playwright-e2e","timestamp":"2026-09-18 15:22:03"}
{"level":"info","message":"[STEP START] Navigate to Signup / Login page","service":"playwright-e2e","timestamp":"2026-09-18 15:22:03"}
{"level":"debug","message":"Clicking Signup / Login button","service":"playwright-e2e","timestamp":"2026-09-18 15:22:03"}
{"level":"info","message":"[STEP PASSED] Navigate to Signup / Login page","service":"playwright-e2e","timestamp":"2026-09-18 15:22:04"}
{"level":"info","message":"[STEP START] New user signup: email+1789734106421+@test.com","service":"playwright-e2e","timestamp":"2026-09-18 15:22:04"}
{"level":"debug","message":"Filling name input","service":"playwright-e2e","timestamp":"2026-09-18 15:22:04"}
{"level":"debug","message":"Filling email input","service":"playwright-e2e","timestamp":"2026-09-18 15:22:04"}
{"level":"debug","message":"Clicking signup button","service":"playwright-e2e","timestamp":"2026-09-18 15:22:04"}
{"level":"info","message":"[STEP PASSED] New user signup: email+1789734106421+@test.com","service":"playwright-e2e","timestamp":"2026-09-18 15:22:05"}
{"level":"info","message":"[STEP START] Complete registration form for: email+1789734106421+@test.com","service":"playwright-e2e","timestamp":"2026-09-18 15:22:05"}
{"level":"debug","message":"Filling user password","service":"playwright-e2e","timestamp":"2026-09-18 15:22:05"}
{"level":"debug","message":"Selecting DoB: 9/April/1990","service":"playwright-e2e","timestamp":"2026-09-18 15:22:06"}
{"level":"debug","message":"Filling personal info: Rimas Grimas","service":"playwright-e2e","timestamp":"2026-09-18 15:22:07"}
{"level":"debug","message":"Filling address info: India","service":"playwright-e2e","timestamp":"2026-09-18 15:22:07"}
{"level":"debug","message":"Clicking Create Account button","service":"playwright-e2e","timestamp":"2026-09-18 15:22:08"}
{"level":"info","message":"[STEP PASSED] Complete registration form for: email+1789734106421+@test.com","service":"playwright-e2e","timestamp":"2026-09-18 15:22:10"}
{"level":"info","message":"[STEP START] 'Click Continue button on Account Created page","service":"playwright-e2e","timestamp":"2026-09-18 15:22:10"}
{"level":"debug","message":"Clicking continue button","service":"playwright-e2e","timestamp":"2026-09-18 15:22:10"}
{"level":"info","message":"[STEP PASSED] 'Click Continue button on Account Created page","service":"playwright-e2e","timestamp":"2026-09-18 15:22:11"}
{"level":"info","message":"[STEP START] [BasePage] Navigating to: https://www.automationexercise.com//","service":"playwright-e2e","timestamp":"2026-09-18 15:22:11"}
{"level":"info","message":"[STEP START] Delete Account","service":"playwright-e2e","timestamp":"2026-09-18 15:22:11"}
{"level":"debug","message":"Clicking Delete Account button","service":"playwright-e2e","timestamp":"2026-09-18 15:22:11"}
{"level":"info","message":"[STEP PASSED] Delete Account","service":"playwright-e2e","timestamp":"2026-09-18 15:22:14"}
{"level":"debug","message":"[BasePage] Successfully navigated to: https://www.automationexercise.com//","service":"playwright-e2e","timestamp":"2026-09-18 15:22:16"}
{"level":"info","message":"[STEP PASSED] [BasePage] Navigating to: https://www.automationexercise.com//","service":"playwright-e2e","timestamp":"2026-09-18 15:22:16"}
{"level":"info","message":"[STEP START] Navigate to Signup / Login page","service":"playwright-e2e","timestamp":"2026-09-18 15:22:16"}
{"level":"debug","message":"Clicking Signup / Login button","service":"playwright-e2e","timestamp":"2026-09-18 15:22:16"}
{"level":"info","message":"[STEP PASSED] Navigate to Signup / Login page","service":"playwright-e2e","timestamp":"2026-09-18 15:22:16"}
{"level":"info","message":"[STEP START] Login with email: fail@invaliduser.com","service":"playwright-e2e","timestamp":"2026-09-18 15:22:17"}
{"level":"debug","message":"Filling login credentials","service":"playwright-e2e","timestamp":"2026-09-18 15:22:17"}
{"level":"debug","message":"Clicking Login button","service":"playwright-e2e","timestamp":"2026-09-18 15:22:17"}
{"level":"info","message":"[STEP PASSED] Login with email: fail@invaliduser.com","service":"playwright-e2e","timestamp":"2026-09-18 15:22:17"}
{"level":"info","message":"[STEP START] [BasePage] Navigating to: https://www.automationexercise.com//","service":"playwright-e2e","timestamp":"2026-09-18 15:22:25"}
{"level":"info","message":"[STEP START] [BasePage] Navigating to: https://www.automationexercise.com//","service":"playwright-e2e","timestamp":"2026-09-18 15:22:26"}
{"level":"debug","message":"[BasePage] Successfully navigated to: https://www.automationexercise.com//","service":"playwright-e2e","timestamp":"2026-09-18 15:22:29"}
{"level":"info","message":"[STEP PASSED] [BasePage] Navigating to: https://www.automationexercise.com//","service":"playwright-e2e","timestamp":"2026-09-18 15:22:29"}
{"level":"info","message":"[STEP START] Navigate to Contact Us page","service":"playwright-e2e","timestamp":"2026-09-18 15:22:30"}
{"level":"debug","message":"Clicking Contact Us button","service":"playwright-e2e","timestamp":"2026-09-18 15:22:30"}
{"level":"info","message":"[STEP PASSED] Navigate to Contact Us page","service":"playwright-e2e","timestamp":"2026-09-18 15:22:31"}
{"level":"info","message":"[STEP START] Submit contact form","service":"playwright-e2e","timestamp":"2026-09-18 15:22:32"}
{"level":"debug","message":"Filling contact form data","service":"playwright-e2e","timestamp":"2026-09-18 15:22:32"}
{"level":"debug","message":"[BasePage] Successfully navigated to: https://www.automationexercise.com//","service":"playwright-e2e","timestamp":"2026-09-18 15:22:32"}
{"level":"info","message":"[STEP PASSED] [BasePage] Navigating to: https://www.automationexercise.com//","service":"playwright-e2e","timestamp":"2026-09-18 15:22:32"}
{"level":"debug","message":"Clicking submit form","service":"playwright-e2e","timestamp":"2026-09-18 15:22:33"}
{"level":"info","message":"[STEP PASSED] Submit contact form","service":"playwright-e2e","timestamp":"2026-09-18 15:22:33"}
{"level":"info","message":"[STEP START] Navigate to Products page","service":"playwright-e2e","timestamp":"2026-09-18 15:22:34"}
{"level":"debug","message":"Clicking Products button","service":"playwright-e2e","timestamp":"2026-09-18 15:22:34"}
{"level":"info","message":"[STEP PASSED] Navigate to Products page","service":"playwright-e2e","timestamp":"2026-09-18 15:22:35"}
{"level":"info","message":"[STEP START] Search for product: \"Lace Top For Women\"","service":"playwright-e2e","timestamp":"2026-09-18 15:22:36"}
{"level":"debug","message":"Filling search input with: Lace Top For Women","service":"playwright-e2e","timestamp":"2026-09-18 15:22:36"}
{"level":"debug","message":"Clicking search submit button","service":"playwright-e2e","timestamp":"2026-09-18 15:22:37"}
{"level":"info","message":"[STEP START] [BasePage] Navigating to: https://www.automationexercise.com//","service":"playwright-e2e","timestamp":"2026-09-18 15:22:37"}
{"level":"info","message":"[STEP PASSED] Search for product: \"Lace Top For Women\"","service":"playwright-e2e","timestamp":"2026-09-18 15:22:38"}
{"level":"info","message":"[STEP START] Fetch cart row details for","service":"playwright-e2e","timestamp":"2026-09-18 15:22:42"}
{"level":"debug","message":"[BasePage] Successfully navigated to: https://www.automationexercise.com//","service":"playwright-e2e","timestamp":"2026-09-18 15:22:43"}
{"level":"info","message":"[STEP PASSED] [BasePage] Navigating to: https://www.automationexercise.com//","service":"playwright-e2e","timestamp":"2026-09-18 15:22:43"}
{"level":"info","message":"[STEP PASSED] Fetch cart row details for","service":"playwright-e2e","timestamp":"2026-09-18 15:22:43"}
{"level":"info","message":"[STEP START] Subscribe to newsletter with email: email+1783927188631+@test.com","service":"playwright-e2e","timestamp":"2026-09-18 15:22:43"}
{"level":"debug","message":"Scrolling to footer","service":"playwright-e2e","timestamp":"2026-09-18 15:22:43"}
{"level":"debug","message":"Filling subscription email: email+1783927188631+@test.com","service":"playwright-e2e","timestamp":"2026-09-18 15:22:43"}
{"level":"debug","message":"Clicking subscribe button","service":"playwright-e2e","timestamp":"2026-09-18 15:22:44"}
{"level":"info","message":"[STEP START] 'Fetch delivery address details","service":"playwright-e2e","timestamp":"2026-09-18 15:22:44"}
{"level":"info","message":"[STEP PASSED] Subscribe to newsletter with email: email+1783927188631+@test.com","service":"playwright-e2e","timestamp":"2026-09-18 15:22:44"}
{"country":"India","fullAddress":"Deli Kataran 1441","fullName":"Mr. Rimas Grimas","level":"debug","message":"Fetched delivery address details","phone":"0420012889","service":"playwright-e2e","street":"Lakunu street","timestamp":"2026-09-18 15:22:45"}
{"level":"info","message":"[STEP PASSED] 'Fetch delivery address details","service":"playwright-e2e","timestamp":"2026-09-18 15:22:45"}
{"level":"info","message":"[STEP START] Click place order button","service":"playwright-e2e","timestamp":"2026-09-18 15:22:45"}
{"level":"debug","message":"Clicking Place Order button","service":"playwright-e2e","timestamp":"2026-09-18 15:22:45"}
{"level":"info","message":"[STEP START] Enter credit card payment details","service":"playwright-e2e","timestamp":"2026-09-18 15:22:45"}
{"level":"debug","message":"Filling payment form details","service":"playwright-e2e","timestamp":"2026-09-18 15:22:45"}
{"level":"info","message":"[STEP PASSED] Click place order button","service":"playwright-e2e","timestamp":"2026-09-18 15:22:48"}
{"level":"info","message":"[STEP PASSED] Enter credit card payment details","service":"playwright-e2e","timestamp":"2026-09-18 15:22:49"}
{"level":"info","message":"[STEP START] Click Pay and Confirm Order button","service":"playwright-e2e","timestamp":"2026-09-18 15:22:49"}
{"level":"debug","message":"Clicking Pay and Confirm Order","service":"playwright-e2e","timestamp":"2026-09-18 15:22:49"}
{"level":"info","message":"[STEP PASSED] Click Pay and Confirm Order button","service":"playwright-e2e","timestamp":"2026-09-18 15:22:51"}
{"level":"info","message":"[STEP START] [BasePage] Navigating to: https://www.automationexercise.com//","service":"playwright-e2e","timestamp":"2026-09-18 15:24:01"}
{"level":"info","message":"[STEP START] [BasePage] Navigating to: https://www.automationexercise.com//","service":"playwright-e2e","timestamp":"2026-09-18 15:24:01"}
{"level":"debug","message":"[BasePage] Successfully navigated to: https://www.automationexercise.com//","service":"playwright-e2e","timestamp":"2026-09-18 15:24:05"}
{"level":"info","message":"[STEP PASSED] [BasePage] Navigating to: https://www.automationexercise.com//","service":"playwright-e2e","timestamp":"2026-09-18 15:24:05"}
{"level":"info","message":"[STEP START] Navigate to Signup / Login page","service":"playwright-e2e","timestamp":"2026-09-18 15:24:05"}
{"level":"debug","message":"Clicking Signup / Login button","service":"playwright-e2e","timestamp":"2026-09-18 15:24:05"}
{"level":"debug","message":"[BasePage] Successfully navigated to: https://www.automationexercise.com//","service":"playwright-e2e","timestamp":"2026-09-18 15:24:06"}
{"level":"info","message":"[STEP PASSED] [BasePage] Navigating to: https://www.automationexercise.com//","service":"playwright-e2e","timestamp":"2026-09-18 15:24:06"}
{"level":"info","message":"[STEP START] Navigate to Signup / Login page","service":"playwright-e2e","timestamp":"2026-09-18 15:24:06"}
{"level":"debug","message":"Clicking Signup / Login button","service":"playwright-e2e","timestamp":"2026-09-18 15:24:06"}
{"level":"info","message":"[STEP PASSED] Navigate to Signup / Login page","service":"playwright-e2e","timestamp":"2026-09-18 15:24:06"}
{"level":"info","message":"[STEP START] Login with email: email+1783927188631+@test.com","service":"playwright-e2e","timestamp":"2026-09-18 15:24:07"}
{"level":"debug","message":"Filling login credentials","service":"playwright-e2e","timestamp":"2026-09-18 15:24:07"}
{"level":"info","message":"[STEP PASSED] Navigate to Signup / Login page","service":"playwright-e2e","timestamp":"2026-09-18 15:24:07"}
{"level":"info","message":"[STEP START] Login with email: email+1783927188631+@test.com","service":"playwright-e2e","timestamp":"2026-09-18 15:24:07"}
{"level":"debug","message":"Filling login credentials","service":"playwright-e2e","timestamp":"2026-09-18 15:24:07"}
{"level":"debug","message":"Clicking Login button","service":"playwright-e2e","timestamp":"2026-09-18 15:24:07"}
{"level":"debug","message":"Clicking Login button","service":"playwright-e2e","timestamp":"2026-09-18 15:24:08"}
{"level":"info","message":"[STEP PASSED] Login with email: email+1783927188631+@test.com","service":"playwright-e2e","timestamp":"2026-09-18 15:24:09"}
{"level":"info","message":"[STEP PASSED] Login with email: email+1783927188631+@test.com","service":"playwright-e2e","timestamp":"2026-09-18 15:24:09"}
{"level":"info","message":"[STEP START] [BasePage] Navigating to: https://www.automationexercise.com//","service":"playwright-e2e","timestamp":"2026-09-18 15:24:14"}
{"level":"debug","message":"[BasePage] Successfully navigated to: https://www.automationexercise.com//","service":"playwright-e2e","timestamp":"2026-09-18 15:24:16"}
{"level":"info","message":"[STEP PASSED] [BasePage] Navigating to: https://www.automationexercise.com//","service":"playwright-e2e","timestamp":"2026-09-18 15:24:16"}
{"level":"info","message":"[STEP START] Navigate to Signup / Login page","service":"playwright-e2e","timestamp":"2026-09-18 15:24:16"}
{"level":"debug","message":"Clicking Signup / Login button","service":"playwright-e2e","timestamp":"2026-09-18 15:24:16"}
{"level":"info","message":"[STEP PASSED] Navigate to Signup / Login page","service":"playwright-e2e","timestamp":"2026-09-18 15:24:16"}
{"level":"info","message":"[STEP START] New user signup: email+1789734240765+@test.com","service":"playwright-e2e","timestamp":"2026-09-18 15:24:17"}
{"level":"debug","message":"Filling name input","service":"playwright-e2e","timestamp":"2026-09-18 15:24:17"}
{"level":"debug","message":"Filling email input","service":"playwright-e2e","timestamp":"2026-09-18 15:24:17"}
{"level":"debug","message":"Clicking signup button","service":"playwright-e2e","timestamp":"2026-09-18 15:24:17"}
{"level":"info","message":"[STEP PASSED] New user signup: email+1789734240765+@test.com","service":"playwright-e2e","timestamp":"2026-09-18 15:24:17"}
{"level":"info","message":"[STEP START] Complete registration form for: email+1789734240765+@test.com","service":"playwright-e2e","timestamp":"2026-09-18 15:24:17"}
{"level":"debug","message":"Filling user password","service":"playwright-e2e","timestamp":"2026-09-18 15:24:18"}
{"level":"debug","message":"Selecting DoB: 9/April/1990","service":"playwright-e2e","timestamp":"2026-09-18 15:24:18"}
{"level":"info","message":"[STEP START] [BasePage] Navigating to: https://www.automationexercise.com//","service":"playwright-e2e","timestamp":"2026-09-18 15:24:18"}
{"level":"debug","message":"Filling personal info: Rimas Grimas","service":"playwright-e2e","timestamp":"2026-09-18 15:24:18"}
{"level":"debug","message":"Filling address info: India","service":"playwright-e2e","timestamp":"2026-09-18 15:24:19"}
{"level":"debug","message":"Clicking Create Account button","service":"playwright-e2e","timestamp":"2026-09-18 15:24:19"}
{"level":"info","message":"[STEP PASSED] Complete registration form for: email+1789734240765+@test.com","service":"playwright-e2e","timestamp":"2026-09-18 15:24:21"}
{"level":"info","message":"[STEP START] 'Click Continue button on Account Created page","service":"playwright-e2e","timestamp":"2026-09-18 15:24:22"}
{"level":"debug","message":"Clicking continue button","service":"playwright-e2e","timestamp":"2026-09-18 15:24:22"}
{"level":"debug","message":"[BasePage] Successfully navigated to: https://www.automationexercise.com//","service":"playwright-e2e","timestamp":"2026-09-18 15:24:23"}
{"level":"info","message":"[STEP PASSED] [BasePage] Navigating to: https://www.automationexercise.com//","service":"playwright-e2e","timestamp":"2026-09-18 15:24:23"}
{"level":"info","message":"[STEP PASSED] 'Click Continue button on Account Created page","service":"playwright-e2e","timestamp":"2026-09-18 15:24:23"}
{"level":"info","message":"[STEP START] Navigate to Signup / Login page","service":"playwright-e2e","timestamp":"2026-09-18 15:24:23"}
{"level":"debug","message":"Clicking Signup / Login button","service":"playwright-e2e","timestamp":"2026-09-18 15:24:23"}
{"level":"info","message":"[STEP START] Delete Account","service":"playwright-e2e","timestamp":"2026-09-18 15:24:23"}
{"level":"debug","message":"Clicking Delete Account button","service":"playwright-e2e","timestamp":"2026-09-18 15:24:23"}
{"level":"info","message":"[STEP PASSED] Navigate to Signup / Login page","service":"playwright-e2e","timestamp":"2026-09-18 15:24:25"}
{"level":"info","message":"[STEP START] Login with email: fail@invaliduser.com","service":"playwright-e2e","timestamp":"2026-09-18 15:24:25"}
{"level":"debug","message":"Filling login credentials","service":"playwright-e2e","timestamp":"2026-09-18 15:24:25"}
{"level":"info","message":"[STEP PASSED] Delete Account","service":"playwright-e2e","timestamp":"2026-09-18 15:24:26"}
{"level":"debug","message":"Clicking Login button","service":"playwright-e2e","timestamp":"2026-09-18 15:24:27"}
{"level":"info","message":"[STEP PASSED] Login with email: fail@invaliduser.com","service":"playwright-e2e","timestamp":"2026-09-18 15:24:27"}
{"level":"info","message":"[STEP START] [BasePage] Navigating to: https://www.automationexercise.com//","service":"playwright-e2e","timestamp":"2026-09-18 15:24:38"}
{"level":"info","message":"[STEP START] [BasePage] Navigating to: https://www.automationexercise.com//","service":"playwright-e2e","timestamp":"2026-09-18 15:24:38"}
{"level":"debug","message":"[BasePage] Successfully navigated to: https://www.automationexercise.com//","service":"playwright-e2e","timestamp":"2026-09-18 15:24:43"}
{"level":"info","message":"[STEP PASSED] [BasePage] Navigating to: https://www.automationexercise.com//","service":"playwright-e2e","timestamp":"2026-09-18 15:24:43"}
{"level":"info","message":"[STEP START] Navigate to Contact Us page","service":"playwright-e2e","timestamp":"2026-09-18 15:24:44"}
{"level":"debug","message":"Clicking Contact Us button","service":"playwright-e2e","timestamp":"2026-09-18 15:24:44"}
{"level":"debug","message":"[BasePage] Successfully navigated to: https://www.automationexercise.com//","service":"playwright-e2e","timestamp":"2026-09-18 15:24:44"}
{"level":"info","message":"[STEP PASSED] [BasePage] Navigating to: https://www.automationexercise.com//","service":"playwright-e2e","timestamp":"2026-09-18 15:24:44"}
{"level":"info","message":"[STEP PASSED] Navigate to Contact Us page","service":"playwright-e2e","timestamp":"2026-09-18 15:24:45"}
{"level":"info","message":"[STEP START] Navigate to Products page","service":"playwright-e2e","timestamp":"2026-09-18 15:24:45"}
{"level":"debug","message":"Clicking Products button","service":"playwright-e2e","timestamp":"2026-09-18 15:24:45"}
{"level":"info","message":"[STEP START] Submit contact form","service":"playwright-e2e","timestamp":"2026-09-18 15:24:46"}
{"level":"debug","message":"Filling contact form data","service":"playwright-e2e","timestamp":"2026-09-18 15:24:46"}
{"level":"debug","message":"Clicking submit form","service":"playwright-e2e","timestamp":"2026-09-18 15:24:46"}
{"level":"info","message":"[STEP PASSED] Submit contact form","service":"playwright-e2e","timestamp":"2026-09-18 15:24:46"}
{"level":"info","message":"[STEP PASSED] Navigate to Products page","service":"playwright-e2e","timestamp":"2026-09-18 15:24:48"}
{"level":"info","message":"[STEP START] Search for product: \"Lace Top For Women\"","service":"playwright-e2e","timestamp":"2026-09-18 15:24:48"}
{"level":"debug","message":"Filling search input with: Lace Top For Women","service":"playwright-e2e","timestamp":"2026-09-18 15:24:48"}
{"level":"debug","message":"Clicking search submit button","service":"playwright-e2e","timestamp":"2026-09-18 15:24:49"}
{"level":"info","message":"[STEP PASSED] Search for product: \"Lace Top For Women\"","service":"playwright-e2e","timestamp":"2026-09-18 15:24:50"}
{"level":"info","message":"[STEP START] [BasePage] Navigating to: https://www.automationexercise.com//","service":"playwright-e2e","timestamp":"2026-09-18 15:24:53"}
{"level":"info","message":"[STEP START] Fetch cart row details for","service":"playwright-e2e","timestamp":"2026-09-18 15:24:53"}
{"level":"info","message":"[STEP PASSED] Fetch cart row details for","service":"playwright-e2e","timestamp":"2026-09-18 15:24:54"}
{"level":"info","message":"[STEP START] 'Fetch delivery address details","service":"playwright-e2e","timestamp":"2026-09-18 15:24:55"}
{"country":"India","fullAddress":"Deli Kataran 1441","fullName":"Mr. Rimas Grimas","level":"debug","message":"Fetched delivery address details","phone":"0420012889","service":"playwright-e2e","street":"Lakunu street","timestamp":"2026-09-18 15:24:56"}
{"level":"info","message":"[STEP PASSED] 'Fetch delivery address details","service":"playwright-e2e","timestamp":"2026-09-18 15:24:56"}
{"level":"info","message":"[STEP START] Click place order button","service":"playwright-e2e","timestamp":"2026-09-18 15:24:56"}
{"level":"debug","message":"Clicking Place Order button","service":"playwright-e2e","timestamp":"2026-09-18 15:24:56"}
{"level":"info","message":"[STEP START] Enter credit card payment details","service":"playwright-e2e","timestamp":"2026-09-18 15:24:56"}
{"level":"debug","message":"Filling payment form details","service":"playwright-e2e","timestamp":"2026-09-18 15:24:56"}
{"level":"debug","message":"[BasePage] Successfully navigated to: https://www.automationexercise.com//","service":"playwright-e2e","timestamp":"2026-09-18 15:24:57"}
{"level":"info","message":"[STEP PASSED] [BasePage] Navigating to: https://www.automationexercise.com//","service":"playwright-e2e","timestamp":"2026-09-18 15:24:57"}
{"level":"info","message":"[STEP START] Subscribe to newsletter with email: email+1783927188631+@test.com","service":"playwright-e2e","timestamp":"2026-09-18 15:24:57"}
{"level":"debug","message":"Scrolling to footer","service":"playwright-e2e","timestamp":"2026-09-18 15:24:57"}
{"level":"debug","message":"Filling subscription email: email+1783927188631+@test.com","service":"playwright-e2e","timestamp":"2026-09-18 15:24:57"}
{"level":"debug","message":"Clicking subscribe button","service":"playwright-e2e","timestamp":"2026-09-18 15:24:57"}
{"level":"info","message":"[STEP PASSED] Subscribe to newsletter with email: email+1783927188631+@test.com","service":"playwright-e2e","timestamp":"2026-09-18 15:24:58"}
{"level":"info","message":"[STEP PASSED] Click place order button","service":"playwright-e2e","timestamp":"2026-09-18 15:25:00"}
{"level":"info","message":"[STEP PASSED] Enter credit card payment details","service":"playwright-e2e","timestamp":"2026-09-18 15:25:01"}
{"level":"info","message":"[STEP START] Click Pay and Confirm Order button","service":"playwright-e2e","timestamp":"2026-09-18 15:25:01"}
{"level":"debug","message":"Clicking Pay and Confirm Order","service":"playwright-e2e","timestamp":"2026-09-18 15:25:01"}
{"level":"info","message":"[STEP PASSED] Click Pay and Confirm Order button","service":"playwright-e2e","timestamp":"2026-09-18 15:25:03"}
{"level":"info","message":"[STEP START] [BasePage] Navigating to: https://www.automationexercise.com//","service":"playwright-e2e","timestamp":"2026-09-19 10:23:43"}
{"level":"info","message":"[STEP START] [BasePage] Navigating to: https://www.automationexercise.com//","service":"playwright-e2e","timestamp":"2026-09-19 10:23:43"}
{"level":"debug","message":"[BasePage] Successfully navigated to: https://www.automationexercise.com//","service":"playwright-e2e","timestamp":"2026-09-19 10:23:50"}
{"level":"info","message":"[STEP PASSED] [BasePage] Navigating to: https://www.automationexercise.com//","service":"playwright-e2e","timestamp":"2026-09-19 10:23:50"}
{"level":"info","message":"[STEP START] Navigate to Signup / Login page","service":"playwright-e2e","timestamp":"2026-09-19 10:23:50"}
{"level":"debug","message":"Clicking Signup / Login button","service":"playwright-e2e","timestamp":"2026-09-19 10:23:50"}
{"level":"debug","message":"[BasePage] Successfully navigated to: https://www.automationexercise.com//","service":"playwright-e2e","timestamp":"2026-09-19 10:23:50"}
{"level":"info","message":"[STEP PASSED] [BasePage] Navigating to: https://www.automationexercise.com//","service":"playwright-e2e","timestamp":"2026-09-19 10:23:50"}
{"level":"info","message":"[STEP START] Navigate to Signup / Login page","service":"playwright-e2e","timestamp":"2026-09-19 10:23:50"}
{"level":"debug","message":"Clicking Signup / Login button","service":"playwright-e2e","timestamp":"2026-09-19 10:23:50"}
{"level":"info","message":"[STEP PASSED] Navigate to Signup / Login page","service":"playwright-e2e","timestamp":"2026-09-19 10:23:51"}
{"level":"info","message":"[STEP PASSED] Navigate to Signup / Login page","service":"playwright-e2e","timestamp":"2026-09-19 10:23:51"}
{"level":"info","message":"[STEP START] Login with email: email+1783927188631+@test.com","service":"playwright-e2e","timestamp":"2026-09-19 10:23:52"}
{"level":"debug","message":"Filling login credentials","service":"playwright-e2e","timestamp":"2026-09-19 10:23:52"}
{"level":"info","message":"[STEP START] Login with email: email+1783927188631+@test.com","service":"playwright-e2e","timestamp":"2026-09-19 10:23:52"}
{"level":"debug","message":"Filling login credentials","service":"playwright-e2e","timestamp":"2026-09-19 10:23:52"}
{"level":"debug","message":"Clicking Login button","service":"playwright-e2e","timestamp":"2026-09-19 10:23:52"}
{"level":"debug","message":"Clicking Login button","service":"playwright-e2e","timestamp":"2026-09-19 10:23:52"}
{"level":"info","message":"[STEP PASSED] Login with email: email+1783927188631+@test.com","service":"playwright-e2e","timestamp":"2026-09-19 10:23:53"}
{"level":"info","message":"[STEP PASSED] Login with email: email+1783927188631+@test.com","service":"playwright-e2e","timestamp":"2026-09-19 10:23:53"}
{"level":"info","message":"[STEP START] [BasePage] Navigating to: https://www.automationexercise.com//","service":"playwright-e2e","timestamp":"2026-09-19 10:24:00"}
{"level":"debug","message":"[BasePage] Successfully navigated to: https://www.automationexercise.com//","service":"playwright-e2e","timestamp":"2026-09-19 10:24:03"}
{"level":"info","message":"[STEP PASSED] [BasePage] Navigating to: https://www.automationexercise.com//","service":"playwright-e2e","timestamp":"2026-09-19 10:24:03"}
{"level":"info","message":"[STEP START] Navigate to Signup / Login page","service":"playwright-e2e","timestamp":"2026-09-19 10:24:03"}
{"level":"debug","message":"Clicking Signup / Login button","service":"playwright-e2e","timestamp":"2026-09-19 10:24:03"}
{"level":"info","message":"[STEP PASSED] Navigate to Signup / Login page","service":"playwright-e2e","timestamp":"2026-09-19 10:24:04"}
{"level":"info","message":"[STEP START] New user signup: email+1789802619834+@test.com","service":"playwright-e2e","timestamp":"2026-09-19 10:24:04"}
{"level":"debug","message":"Filling name input","service":"playwright-e2e","timestamp":"2026-09-19 10:24:04"}
{"level":"debug","message":"Filling email input","service":"playwright-e2e","timestamp":"2026-09-19 10:24:04"}
{"level":"debug","message":"Clicking signup button","service":"playwright-e2e","timestamp":"2026-09-19 10:24:04"}
{"level":"info","message":"[STEP PASSED] New user signup: email+1789802619834+@test.com","service":"playwright-e2e","timestamp":"2026-09-19 10:24:04"}
{"level":"info","message":"[STEP START] Complete registration form for: email+1789802619834+@test.com","service":"playwright-e2e","timestamp":"2026-09-19 10:24:05"}
{"level":"debug","message":"Filling user password","service":"playwright-e2e","timestamp":"2026-09-19 10:24:05"}
{"level":"debug","message":"Selecting DoB: 9/April/1990","service":"playwright-e2e","timestamp":"2026-09-19 10:24:05"}
{"level":"debug","message":"Filling personal info: Rimas Grimas","service":"playwright-e2e","timestamp":"2026-09-19 10:24:06"}
{"level":"debug","message":"Filling address info: India","service":"playwright-e2e","timestamp":"2026-09-19 10:24:06"}
{"level":"debug","message":"Clicking Create Account button","service":"playwright-e2e","timestamp":"2026-09-19 10:24:08"}
{"level":"info","message":"[STEP START] [BasePage] Navigating to: https://www.automationexercise.com//","service":"playwright-e2e","timestamp":"2026-09-19 10:24:08"}
{"level":"info","message":"[STEP PASSED] Complete registration form for: email+1789802619834+@test.com","service":"playwright-e2e","timestamp":"2026-09-19 10:24:09"}
{"level":"info","message":"[STEP START] 'Click Continue button on Account Created page","service":"playwright-e2e","timestamp":"2026-09-19 10:24:10"}
{"level":"debug","message":"Clicking continue button","service":"playwright-e2e","timestamp":"2026-09-19 10:24:10"}
{"level":"info","message":"[STEP PASSED] 'Click Continue button on Account Created page","service":"playwright-e2e","timestamp":"2026-09-19 10:24:11"}
{"level":"info","message":"[STEP START] Delete Account","service":"playwright-e2e","timestamp":"2026-09-19 10:24:11"}
{"level":"debug","message":"Clicking Delete Account button","service":"playwright-e2e","timestamp":"2026-09-19 10:24:11"}
{"level":"debug","message":"[BasePage] Successfully navigated to: https://www.automationexercise.com//","service":"playwright-e2e","timestamp":"2026-09-19 10:24:15"}
{"level":"info","message":"[STEP PASSED] [BasePage] Navigating to: https://www.automationexercise.com//","service":"playwright-e2e","timestamp":"2026-09-19 10:24:15"}
{"level":"info","message":"[STEP PASSED] Delete Account","service":"playwright-e2e","timestamp":"2026-09-19 10:24:15"}
{"level":"info","message":"[STEP START] Navigate to Signup / Login page","service":"playwright-e2e","timestamp":"2026-09-19 10:24:15"}
{"level":"debug","message":"Clicking Signup / Login button","service":"playwright-e2e","timestamp":"2026-09-19 10:24:15"}
{"level":"info","message":"[STEP PASSED] Navigate to Signup / Login page","service":"playwright-e2e","timestamp":"2026-09-19 10:24:17"}
{"level":"info","message":"[STEP START] Login with email: fail@invaliduser.com","service":"playwright-e2e","timestamp":"2026-09-19 10:24:17"}
{"level":"debug","message":"Filling login credentials","service":"playwright-e2e","timestamp":"2026-09-19 10:24:17"}
{"level":"debug","message":"Clicking Login button","service":"playwright-e2e","timestamp":"2026-09-19 10:24:18"}
{"level":"info","message":"[STEP PASSED] Login with email: fail@invaliduser.com","service":"playwright-e2e","timestamp":"2026-09-19 10:24:18"}
{"level":"info","message":"[STEP START] [BasePage] Navigating to: https://www.automationexercise.com//","service":"playwright-e2e","timestamp":"2026-09-19 10:24:25"}
{"level":"info","message":"[STEP START] [BasePage] Navigating to: https://www.automationexercise.com//","service":"playwright-e2e","timestamp":"2026-09-19 10:24:25"}
{"level":"debug","message":"[BasePage] Successfully navigated to: https://www.automationexercise.com//","service":"playwright-e2e","timestamp":"2026-09-19 10:24:29"}
{"level":"info","message":"[STEP PASSED] [BasePage] Navigating to: https://www.automationexercise.com//","service":"playwright-e2e","timestamp":"2026-09-19 10:24:29"}
{"level":"debug","message":"[BasePage] Successfully navigated to: https://www.automationexercise.com//","service":"playwright-e2e","timestamp":"2026-09-19 10:24:30"}
{"level":"info","message":"[STEP PASSED] [BasePage] Navigating to: https://www.automationexercise.com//","service":"playwright-e2e","timestamp":"2026-09-19 10:24:30"}
{"level":"info","message":"[STEP START] Navigate to Contact Us page","service":"playwright-e2e","timestamp":"2026-09-19 10:24:30"}
{"level":"debug","message":"Clicking Contact Us button","service":"playwright-e2e","timestamp":"2026-09-19 10:24:30"}
{"level":"info","message":"[STEP PASSED] Navigate to Contact Us page","service":"playwright-e2e","timestamp":"2026-09-19 10:24:30"}
{"level":"info","message":"[STEP START] Submit contact form","service":"playwright-e2e","timestamp":"2026-09-19 10:24:31"}
{"level":"info","message":"[STEP START] Navigate to Products page","service":"playwright-e2e","timestamp":"2026-09-19 10:24:31"}
{"level":"debug","message":"Filling contact form data","service":"playwright-e2e","timestamp":"2026-09-19 10:24:31"}
{"level":"debug","message":"Clicking Products button","service":"playwright-e2e","timestamp":"2026-09-19 10:24:31"}
{"level":"debug","message":"Clicking submit form","service":"playwright-e2e","timestamp":"2026-09-19 10:24:31"}
{"level":"info","message":"[STEP PASSED] Navigate to Products page","service":"playwright-e2e","timestamp":"2026-09-19 10:24:32"}
{"level":"info","message":"[STEP PASSED] Submit contact form","service":"playwright-e2e","timestamp":"2026-09-19 10:24:32"}
{"level":"info","message":"[STEP START] Search for product: \"Lace Top For Women\"","service":"playwright-e2e","timestamp":"2026-09-19 10:24:33"}
{"level":"debug","message":"Filling search input with: Lace Top For Women","service":"playwright-e2e","timestamp":"2026-09-19 10:24:33"}
{"level":"debug","message":"Clicking search submit button","service":"playwright-e2e","timestamp":"2026-09-19 10:24:33"}
{"level":"info","message":"[STEP PASSED] Search for product: \"Lace Top For Women\"","service":"playwright-e2e","timestamp":"2026-09-19 10:24:34"}
{"level":"info","message":"[STEP START] Fetch cart row details for","service":"playwright-e2e","timestamp":"2026-09-19 10:24:35"}
{"level":"info","message":"[STEP PASSED] Fetch cart row details for","service":"playwright-e2e","timestamp":"2026-09-19 10:24:36"}
{"level":"info","message":"[STEP START] 'Fetch delivery address details","service":"playwright-e2e","timestamp":"2026-09-19 10:24:36"}
{"country":"India","fullAddress":"Deli Kataran 1441","fullName":"Mr. Rimas Grimas","level":"debug","message":"Fetched delivery address details","phone":"0420012889","service":"playwright-e2e","street":"Lakunu street","timestamp":"2026-09-19 10:24:36"}
{"level":"info","message":"[STEP PASSED] 'Fetch delivery address details","service":"playwright-e2e","timestamp":"2026-09-19 10:24:36"}
{"level":"info","message":"[STEP START] Click place order button","service":"playwright-e2e","timestamp":"2026-09-19 10:24:36"}
{"level":"debug","message":"Clicking Place Order button","service":"playwright-e2e","timestamp":"2026-09-19 10:24:36"}
{"level":"info","message":"[STEP START] Enter credit card payment details","service":"playwright-e2e","timestamp":"2026-09-19 10:24:36"}
{"level":"debug","message":"Filling payment form details","service":"playwright-e2e","timestamp":"2026-09-19 10:24:36"}
{"level":"info","message":"[STEP PASSED] Click place order button","service":"playwright-e2e","timestamp":"2026-09-19 10:24:38"}
{"level":"info","message":"[STEP PASSED] Enter credit card payment details","service":"playwright-e2e","timestamp":"2026-09-19 10:24:38"}
{"level":"info","message":"[STEP START] Click Pay and Confirm Order button","service":"playwright-e2e","timestamp":"2026-09-19 10:24:38"}
{"level":"debug","message":"Clicking Pay and Confirm Order","service":"playwright-e2e","timestamp":"2026-09-19 10:24:38"}
{"level":"info","message":"[STEP PASSED] Click Pay and Confirm Order button","service":"playwright-e2e","timestamp":"2026-09-19 10:24:40"}
{"level":"info","message":"[STEP START] [BasePage] Navigating to: https://www.automationexercise.com//","service":"playwright-e2e","timestamp":"2026-09-19 10:24:45"}
{"level":"debug","message":"[BasePage] Successfully navigated to: https://www.automationexercise.com//","service":"playwright-e2e","timestamp":"2026-09-19 10:24:48"}
{"level":"info","message":"[STEP PASSED] [BasePage] Navigating to: https://www.automationexercise.com//","service":"playwright-e2e","timestamp":"2026-09-19 10:24:48"}
{"level":"info","message":"[STEP START] Subscribe to newsletter with email: email+1783927188631+@test.com","service":"playwright-e2e","timestamp":"2026-09-19 10:24:48"}
{"level":"debug","message":"Scrolling to footer","service":"playwright-e2e","timestamp":"2026-09-19 10:24:48"}
{"level":"debug","message":"Filling subscription email: email+1783927188631+@test.com","service":"playwright-e2e","timestamp":"2026-09-19 10:24:48"}
{"level":"debug","message":"Clicking subscribe button","service":"playwright-e2e","timestamp":"2026-09-19 10:24:48"}
{"level":"info","message":"[STEP PASSED] Subscribe to newsletter with email: email+1783927188631+@test.com","service":"playwright-e2e","timestamp":"2026-09-19 10:24:49"}
{"level":"info","message":"[STEP START] [BasePage] Navigating to: https://www.automationexercise.com//","service":"playwright-e2e","timestamp":"2026-09-19 10:28:13"}
{"level":"info","message":"[STEP START] [BasePage] Navigating to: https://www.automationexercise.com//","service":"playwright-e2e","timestamp":"2026-09-19 10:28:14"}
{"level":"debug","message":"[BasePage] Successfully navigated to: https://www.automationexercise.com//","service":"playwright-e2e","timestamp":"2026-09-19 10:28:18"}
{"level":"info","message":"[STEP PASSED] [BasePage] Navigating to: https://www.automationexercise.com//","service":"playwright-e2e","timestamp":"2026-09-19 10:28:18"}
{"level":"debug","message":"[BasePage] Successfully navigated to: https://www.automationexercise.com//","service":"playwright-e2e","timestamp":"2026-09-19 10:28:18"}
{"level":"info","message":"[STEP PASSED] [BasePage] Navigating to: https://www.automationexercise.com//","service":"playwright-e2e","timestamp":"2026-09-19 10:28:18"}
{"level":"info","message":"[STEP START] Navigate to Signup / Login page","service":"playwright-e2e","timestamp":"2026-09-19 10:28:18"}
{"level":"debug","message":"Clicking Signup / Login button","service":"playwright-e2e","timestamp":"2026-09-19 10:28:18"}
{"level":"info","message":"[STEP START] Navigate to Signup / Login page","service":"playwright-e2e","timestamp":"2026-09-19 10:28:18"}
{"level":"debug","message":"Clicking Signup / Login button","service":"playwright-e2e","timestamp":"2026-09-19 10:28:18"}
{"level":"info","message":"[STEP PASSED] Navigate to Signup / Login page","service":"playwright-e2e","timestamp":"2026-09-19 10:28:19"}
{"level":"info","message":"[STEP PASSED] Navigate to Signup / Login page","service":"playwright-e2e","timestamp":"2026-09-19 10:28:19"}
{"level":"info","message":"[STEP START] Login with email: email+1783927188631+@test.com","service":"playwright-e2e","timestamp":"2026-09-19 10:28:20"}
{"level":"debug","message":"Filling login credentials","service":"playwright-e2e","timestamp":"2026-09-19 10:28:20"}
{"level":"info","message":"[STEP START] Login with email: email+1783927188631+@test.com","service":"playwright-e2e","timestamp":"2026-09-19 10:28:20"}
{"level":"debug","message":"Filling login credentials","service":"playwright-e2e","timestamp":"2026-09-19 10:28:20"}
{"level":"debug","message":"Clicking Login button","service":"playwright-e2e","timestamp":"2026-09-19 10:28:23"}
{"level":"debug","message":"Clicking Login button","service":"playwright-e2e","timestamp":"2026-09-19 10:28:23"}
{"level":"info","message":"[STEP PASSED] Login with email: email+1783927188631+@test.com","service":"playwright-e2e","timestamp":"2026-09-19 10:28:25"}
{"level":"info","message":"[STEP PASSED] Login with email: email+1783927188631+@test.com","service":"playwright-e2e","timestamp":"2026-09-19 10:28:25"}
{"level":"info","message":"[STEP START] [BasePage] Navigating to: https://www.automationexercise.com//","service":"playwright-e2e","timestamp":"2026-09-19 10:28:30"}
{"level":"debug","message":"[BasePage] Successfully navigated to: https://www.automationexercise.com//","service":"playwright-e2e","timestamp":"2026-09-19 10:28:33"}
{"level":"info","message":"[STEP PASSED] [BasePage] Navigating to: https://www.automationexercise.com//","service":"playwright-e2e","timestamp":"2026-09-19 10:28:33"}
{"level":"info","message":"[STEP START] Navigate to Signup / Login page","service":"playwright-e2e","timestamp":"2026-09-19 10:28:33"}
{"level":"debug","message":"Clicking Signup / Login button","service":"playwright-e2e","timestamp":"2026-09-19 10:28:33"}
{"level":"info","message":"[STEP PASSED] Navigate to Signup / Login page","service":"playwright-e2e","timestamp":"2026-09-19 10:28:34"}
{"level":"info","message":"[STEP START] New user signup: email+1789802892904+@test.com","service":"playwright-e2e","timestamp":"2026-09-19 10:28:34"}
{"level":"debug","message":"Filling name input","service":"playwright-e2e","timestamp":"2026-09-19 10:28:34"}
{"level":"debug","message":"Filling email input","service":"playwright-e2e","timestamp":"2026-09-19 10:28:34"}
{"level":"debug","message":"Clicking signup button","service":"playwright-e2e","timestamp":"2026-09-19 10:28:34"}
{"level":"info","message":"[STEP PASSED] New user signup: email+1789802892904+@test.com","service":"playwright-e2e","timestamp":"2026-09-19 10:28:34"}
{"level":"info","message":"[STEP START] Complete registration form for: email+1789802892904+@test.com","service":"playwright-e2e","timestamp":"2026-09-19 10:28:34"}
{"level":"debug","message":"Filling user password","service":"playwright-e2e","timestamp":"2026-09-19 10:28:35"}
{"level":"debug","message":"Selecting DoB: 9/April/1990","service":"playwright-e2e","timestamp":"2026-09-19 10:28:35"}
{"level":"debug","message":"Filling personal info: Rimas Grimas","service":"playwright-e2e","timestamp":"2026-09-19 10:28:36"}
{"level":"debug","message":"Filling address info: India","service":"playwright-e2e","timestamp":"2026-09-19 10:28:36"}
{"level":"debug","message":"Clicking Create Account button","service":"playwright-e2e","timestamp":"2026-09-19 10:28:37"}
{"level":"info","message":"[STEP PASSED] Complete registration form for: email+1789802892904+@test.com","service":"playwright-e2e","timestamp":"2026-09-19 10:28:38"}
{"level":"info","message":"[STEP START] 'Click Continue button on Account Created page","service":"playwright-e2e","timestamp":"2026-09-19 10:28:39"}
{"level":"debug","message":"Clicking continue button","service":"playwright-e2e","timestamp":"2026-09-19 10:28:39"}
{"level":"info","message":"[STEP START] [BasePage] Navigating to: https://www.automationexercise.com//","service":"playwright-e2e","timestamp":"2026-09-19 10:28:39"}
{"level":"info","message":"[STEP PASSED] 'Click Continue button on Account Created page","service":"playwright-e2e","timestamp":"2026-09-19 10:28:39"}
{"level":"info","message":"[STEP START] Delete Account","service":"playwright-e2e","timestamp":"2026-09-19 10:28:40"}
{"level":"debug","message":"Clicking Delete Account button","service":"playwright-e2e","timestamp":"2026-09-19 10:28:40"}
{"level":"info","message":"[STEP PASSED] Delete Account","service":"playwright-e2e","timestamp":"2026-09-19 10:28:43"}
{"level":"debug","message":"[BasePage] Successfully navigated to: https://www.automationexercise.com//","service":"playwright-e2e","timestamp":"2026-09-19 10:28:44"}
{"level":"info","message":"[STEP PASSED] [BasePage] Navigating to: https://www.automationexercise.com//","service":"playwright-e2e","timestamp":"2026-09-19 10:28:44"}
{"level":"info","message":"[STEP START] Navigate to Signup / Login page","service":"playwright-e2e","timestamp":"2026-09-19 10:28:44"}
{"level":"debug","message":"Clicking Signup / Login button","service":"playwright-e2e","timestamp":"2026-09-19 10:28:44"}
{"level":"info","message":"[STEP PASSED] Navigate to Signup / Login page","service":"playwright-e2e","timestamp":"2026-09-19 10:28:45"}
{"level":"info","message":"[STEP START] Login with email: fail@invaliduser.com","service":"playwright-e2e","timestamp":"2026-09-19 10:28:45"}
{"level":"debug","message":"Filling login credentials","service":"playwright-e2e","timestamp":"2026-09-19 10:28:45"}
{"level":"debug","message":"Clicking Login button","service":"playwright-e2e","timestamp":"2026-09-19 10:28:45"}
{"level":"info","message":"[STEP PASSED] Login with email: fail@invaliduser.com","service":"playwright-e2e","timestamp":"2026-09-19 10:28:46"}
{"level":"info","message":"[STEP START] [BasePage] Navigating to: https://www.automationexercise.com//","service":"playwright-e2e","timestamp":"2026-09-19 10:29:01"}
{"level":"info","message":"[STEP START] [BasePage] Navigating to: https://www.automationexercise.com//","service":"playwright-e2e","timestamp":"2026-09-19 10:29:02"}
{"level":"debug","message":"[BasePage] Successfully navigated to: https://www.automationexercise.com//","service":"playwright-e2e","timestamp":"2026-09-19 10:29:11"}
{"level":"info","message":"[STEP PASSED] [BasePage] Navigating to: https://www.automationexercise.com//","service":"playwright-e2e","timestamp":"2026-09-19 10:29:11"}
{"level":"info","message":"[STEP START] Navigate to Contact Us page","service":"playwright-e2e","timestamp":"2026-09-19 10:29:12"}
{"level":"debug","message":"Clicking Contact Us button","service":"playwright-e2e","timestamp":"2026-09-19 10:29:12"}
{"level":"debug","message":"[BasePage] Successfully navigated to: https://www.automationexercise.com//","service":"playwright-e2e","timestamp":"2026-09-19 10:29:13"}
{"level":"info","message":"[STEP PASSED] [BasePage] Navigating to: https://www.automationexercise.com//","service":"playwright-e2e","timestamp":"2026-09-19 10:29:13"}
{"level":"info","message":"[STEP START] Navigate to Products page","service":"playwright-e2e","timestamp":"2026-09-19 10:29:15"}
{"level":"debug","message":"Clicking Products button","service":"playwright-e2e","timestamp":"2026-09-19 10:29:15"}
{"level":"info","message":"[STEP PASSED] Navigate to Contact Us page","service":"playwright-e2e","timestamp":"2026-09-19 10:29:15"}
{"level":"info","message":"[STEP START] Submit contact form","service":"playwright-e2e","timestamp":"2026-09-19 10:29:16"}
{"level":"debug","message":"Filling contact form data","service":"playwright-e2e","timestamp":"2026-09-19 10:29:16"}
{"level":"debug","message":"Clicking submit form","service":"playwright-e2e","timestamp":"2026-09-19 10:29:16"}
{"level":"info","message":"[STEP PASSED] Submit contact form","service":"playwright-e2e","timestamp":"2026-09-19 10:29:17"}
{"level":"info","message":"[STEP PASSED] Navigate to Products page","service":"playwright-e2e","timestamp":"2026-09-19 10:29:18"}
{"level":"info","message":"[STEP START] Search for product: \"Lace Top For Women\"","service":"playwright-e2e","timestamp":"2026-09-19 10:29:20"}
{"level":"debug","message":"Filling search input with: Lace Top For Women","service":"playwright-e2e","timestamp":"2026-09-19 10:29:20"}
{"level":"debug","message":"Clicking search submit button","service":"playwright-e2e","timestamp":"2026-09-19 10:29:21"}
{"level":"info","message":"[STEP PASSED] Search for product: \"Lace Top For Women\"","service":"playwright-e2e","timestamp":"2026-09-19 10:29:22"}
{"level":"info","message":"[STEP START] Fetch cart row details for","service":"playwright-e2e","timestamp":"2026-09-19 10:29:27"}
{"level":"info","message":"[STEP PASSED] Fetch cart row details for","service":"playwright-e2e","timestamp":"2026-09-19 10:29:27"}
{"level":"info","message":"[STEP START] 'Fetch delivery address details","service":"playwright-e2e","timestamp":"2026-09-19 10:29:28"}
{"country":"India","fullAddress":"Deli Kataran 1441","fullName":"Mr. Rimas Grimas","level":"debug","message":"Fetched delivery address details","phone":"0420012889","service":"playwright-e2e","street":"Lakunu street","timestamp":"2026-09-19 10:29:29"}
{"level":"info","message":"[STEP PASSED] 'Fetch delivery address details","service":"playwright-e2e","timestamp":"2026-09-19 10:29:29"}
{"level":"info","message":"[STEP START] Click place order button","service":"playwright-e2e","timestamp":"2026-09-19 10:29:29"}
{"level":"debug","message":"Clicking Place Order button","service":"playwright-e2e","timestamp":"2026-09-19 10:29:29"}
{"level":"info","message":"[STEP START] Enter credit card payment details","service":"playwright-e2e","timestamp":"2026-09-19 10:29:29"}
{"level":"debug","message":"Filling payment form details","service":"playwright-e2e","timestamp":"2026-09-19 10:29:29"}
{"level":"info","message":"[STEP START] [BasePage] Navigating to: https://www.automationexercise.com//","service":"playwright-e2e","timestamp":"2026-09-19 10:29:30"}
{"level":"debug","message":"[BasePage] Successfully navigated to: https://www.automationexercise.com//","service":"playwright-e2e","timestamp":"2026-09-19 10:29:33"}
{"level":"info","message":"[STEP PASSED] [BasePage] Navigating to: https://www.automationexercise.com//","service":"playwright-e2e","timestamp":"2026-09-19 10:29:33"}
{"level":"info","message":"[STEP START] Subscribe to newsletter with email: email+1783927188631+@test.com","service":"playwright-e2e","timestamp":"2026-09-19 10:29:33"}
{"level":"debug","message":"Scrolling to footer","service":"playwright-e2e","timestamp":"2026-09-19 10:29:33"}
{"level":"debug","message":"Filling subscription email: email+1783927188631+@test.com","service":"playwright-e2e","timestamp":"2026-09-19 10:29:33"}
{"level":"debug","message":"Clicking subscribe button","service":"playwright-e2e","timestamp":"2026-09-19 10:29:34"}
{"level":"info","message":"[STEP PASSED] Subscribe to newsletter with email: email+1783927188631+@test.com","service":"playwright-e2e","timestamp":"2026-09-19 10:29:34"}
{"level":"info","message":"[STEP PASSED] Click place order button","service":"playwright-e2e","timestamp":"2026-09-19 10:29:35"}
{"level":"info","message":"[STEP PASSED] Enter credit card payment details","service":"playwright-e2e","timestamp":"2026-09-19 10:29:37"}
{"level":"info","message":"[STEP START] Click Pay and Confirm Order button","service":"playwright-e2e","timestamp":"2026-09-19 10:29:37"}
{"level":"debug","message":"Clicking Pay and Confirm Order","service":"playwright-e2e","timestamp":"2026-09-19 10:29:37"}
{"level":"info","message":"[STEP PASSED] Click Pay and Confirm Order button","service":"playwright-e2e","timestamp":"2026-09-19 10:29:39"}
{"level":"info","message":"[STEP START] [BasePage] Navigating to: https://www.automationexercise.com//","service":"playwright-e2e","timestamp":"2026-09-20 21:21:49"}
{"level":"info","message":"[STEP START] [BasePage] Navigating to: https://www.automationexercise.com//","service":"playwright-e2e","timestamp":"2026-09-20 21:21:49"}
{"level":"debug","message":"[BasePage] Successfully navigated to: https://www.automationexercise.com//","service":"playwright-e2e","timestamp":"2026-09-20 21:21:59"}
{"level":"info","message":"[STEP PASSED] [BasePage] Navigating to: https://www.automationexercise.com//","service":"playwright-e2e","timestamp":"2026-09-20 21:21:59"}
{"level":"info","message":"[STEP START] Navigate to Signup / Login page","service":"playwright-e2e","timestamp":"2026-09-20 21:22:00"}
{"level":"debug","message":"Clicking Signup / Login button","service":"playwright-e2e","timestamp":"2026-09-20 21:22:00"}
{"level":"debug","message":"[BasePage] Successfully navigated to: https://www.automationexercise.com//","service":"playwright-e2e","timestamp":"2026-09-20 21:22:00"}
{"level":"info","message":"[STEP PASSED] [BasePage] Navigating to: https://www.automationexercise.com//","service":"playwright-e2e","timestamp":"2026-09-20 21:22:00"}
{"level":"info","message":"[STEP START] Navigate to Signup / Login page","service":"playwright-e2e","timestamp":"2026-09-20 21:22:01"}
{"level":"debug","message":"Clicking Signup / Login button","service":"playwright-e2e","timestamp":"2026-09-20 21:22:01"}
{"level":"info","message":"[STEP PASSED] Navigate to Signup / Login page","service":"playwright-e2e","timestamp":"2026-09-20 21:22:02"}
{"level":"info","message":"[STEP PASSED] Navigate to Signup / Login page","service":"playwright-e2e","timestamp":"2026-09-20 21:22:03"}
{"level":"info","message":"[STEP START] Login with email: email+1783927188631+@test.com","service":"playwright-e2e","timestamp":"2026-09-20 21:22:03"}
{"level":"debug","message":"Filling login credentials","service":"playwright-e2e","timestamp":"2026-09-20 21:22:03"}
{"level":"info","message":"[STEP START] Login with email: email+1783927188631+@test.com","service":"playwright-e2e","timestamp":"2026-09-20 21:22:03"}
{"level":"debug","message":"Filling login credentials","service":"playwright-e2e","timestamp":"2026-09-20 21:22:03"}
{"level":"debug","message":"Clicking Login button","service":"playwright-e2e","timestamp":"2026-09-20 21:22:04"}
{"level":"debug","message":"Clicking Login button","service":"playwright-e2e","timestamp":"2026-09-20 21:22:04"}
{"level":"info","message":"[STEP PASSED] Login with email: email+1783927188631+@test.com","service":"playwright-e2e","timestamp":"2026-09-20 21:22:06"}
{"level":"info","message":"[STEP PASSED] Login with email: email+1783927188631+@test.com","service":"playwright-e2e","timestamp":"2026-09-20 21:22:07"}
{"level":"info","message":"[STEP START] [BasePage] Navigating to: https://www.automationexercise.com//","service":"playwright-e2e","timestamp":"2026-09-20 21:22:24"}
{"level":"debug","message":"[BasePage] Successfully navigated to: https://www.automationexercise.com//","service":"playwright-e2e","timestamp":"2026-09-20 21:22:27"}
{"level":"info","message":"[STEP PASSED] [BasePage] Navigating to: https://www.automationexercise.com//","service":"playwright-e2e","timestamp":"2026-09-20 21:22:27"}
{"level":"info","message":"[STEP START] Navigate to Signup / Login page","service":"playwright-e2e","timestamp":"2026-09-20 21:22:28"}
{"level":"debug","message":"Clicking Signup / Login button","service":"playwright-e2e","timestamp":"2026-09-20 21:22:28"}
{"level":"info","message":"[STEP PASSED] Navigate to Signup / Login page","service":"playwright-e2e","timestamp":"2026-09-20 21:22:29"}
{"level":"info","message":"[STEP START] New user signup: email+1789928500642+@test.com","service":"playwright-e2e","timestamp":"2026-09-20 21:22:29"}
{"level":"debug","message":"Filling name input","service":"playwright-e2e","timestamp":"2026-09-20 21:22:29"}
{"level":"debug","message":"Filling email input","service":"playwright-e2e","timestamp":"2026-09-20 21:22:30"}
{"level":"debug","message":"Clicking signup button","service":"playwright-e2e","timestamp":"2026-09-20 21:22:30"}
{"level":"info","message":"[STEP PASSED] New user signup: email+1789928500642+@test.com","service":"playwright-e2e","timestamp":"2026-09-20 21:22:31"}
{"level":"info","message":"[STEP START] Complete registration form for: email+1789928500642+@test.com","service":"playwright-e2e","timestamp":"2026-09-20 21:22:31"}
{"level":"debug","message":"Filling user password","service":"playwright-e2e","timestamp":"2026-09-20 21:22:32"}
{"level":"debug","message":"Selecting DoB: 9/April/1990","service":"playwright-e2e","timestamp":"2026-09-20 21:22:32"}
{"level":"debug","message":"Filling personal info: Rimas Grimas","service":"playwright-e2e","timestamp":"2026-09-20 21:22:33"}
{"level":"debug","message":"Filling address info: India","service":"playwright-e2e","timestamp":"2026-09-20 21:22:36"}
{"level":"debug","message":"Clicking Create Account button","service":"playwright-e2e","timestamp":"2026-09-20 21:22:38"}
{"level":"info","message":"[STEP PASSED] Complete registration form for: email+1789928500642+@test.com","service":"playwright-e2e","timestamp":"2026-09-20 21:22:43"}
{"level":"info","message":"[STEP START] 'Click Continue button on Account Created page","service":"playwright-e2e","timestamp":"2026-09-20 21:22:44"}
{"level":"debug","message":"Clicking continue button","service":"playwright-e2e","timestamp":"2026-09-20 21:22:44"}
{"level":"info","message":"[STEP PASSED] 'Click Continue button on Account Created page","service":"playwright-e2e","timestamp":"2026-09-20 21:22:45"}
{"level":"info","message":"[STEP START] Delete Account","service":"playwright-e2e","timestamp":"2026-09-20 21:22:47"}
{"level":"debug","message":"Clicking Delete Account button","service":"playwright-e2e","timestamp":"2026-09-20 21:22:47"}
{"level":"info","message":"[STEP PASSED] Delete Account","service":"playwright-e2e","timestamp":"2026-09-20 21:22:51"}
{"level":"info","message":"[STEP START] [BasePage] Navigating to: https://www.automationexercise.com//","service":"playwright-e2e","timestamp":"2026-09-20 21:23:01"}
{"level":"debug","message":"[BasePage] Successfully navigated to: https://www.automationexercise.com//","service":"playwright-e2e","timestamp":"2026-09-20 21:23:08"}
{"level":"info","message":"[STEP PASSED] [BasePage] Navigating to: https://www.automationexercise.com//","service":"playwright-e2e","timestamp":"2026-09-20 21:23:08"}
{"level":"info","message":"[STEP START] Navigate to Signup / Login page","service":"playwright-e2e","timestamp":"2026-09-20 21:23:09"}
{"level":"debug","message":"Clicking Signup / Login button","service":"playwright-e2e","timestamp":"2026-09-20 21:23:09"}
{"level":"info","message":"[STEP PASSED] Navigate to Signup / Login page","service":"playwright-e2e","timestamp":"2026-09-20 21:23:11"}
{"level":"info","message":"[STEP START] Login with email: fail@invaliduser.com","service":"playwright-e2e","timestamp":"2026-09-20 21:23:12"}
{"level":"debug","message":"Filling login credentials","service":"playwright-e2e","timestamp":"2026-09-20 21:23:12"}
{"level":"debug","message":"Clicking Login button","service":"playwright-e2e","timestamp":"2026-09-20 21:23:13"}
{"level":"info","message":"[STEP PASSED] Login with email: fail@invaliduser.com","service":"playwright-e2e","timestamp":"2026-09-20 21:23:15"}
{"level":"info","message":"[STEP START] [BasePage] Navigating to: https://www.automationexercise.com//","service":"playwright-e2e","timestamp":"2026-09-20 21:23:34"}
{"level":"info","message":"[STEP START] [BasePage] Navigating to: https://www.automationexercise.com//","service":"playwright-e2e","timestamp":"2026-09-20 21:23:35"}
{"level":"debug","message":"[BasePage] Successfully navigated to: https://www.automationexercise.com//","service":"playwright-e2e","timestamp":"2026-09-20 21:23:41"}
{"level":"info","message":"[STEP PASSED] [BasePage] Navigating to: https://www.automationexercise.com//","service":"playwright-e2e","timestamp":"2026-09-20 21:23:41"}
{"level":"debug","message":"[BasePage] Successfully navigated to: https://www.automationexercise.com//","service":"playwright-e2e","timestamp":"2026-09-20 21:23:41"}
{"level":"info","message":"[STEP PASSED] [BasePage] Navigating to: https://www.automationexercise.com//","service":"playwright-e2e","timestamp":"2026-09-20 21:23:41"}
{"level":"info","message":"[STEP START] Navigate to Contact Us page","service":"playwright-e2e","timestamp":"2026-09-20 21:23:42"}
{"level":"debug","message":"Clicking Contact Us button","service":"playwright-e2e","timestamp":"2026-09-20 21:23:42"}
{"level":"info","message":"[STEP START] Navigate to Products page","service":"playwright-e2e","timestamp":"2026-09-20 21:23:43"}
{"level":"debug","message":"Clicking Products button","service":"playwright-e2e","timestamp":"2026-09-20 21:23:43"}
{"level":"info","message":"[STEP PASSED] Navigate to Contact Us page","service":"playwright-e2e","timestamp":"2026-09-20 21:23:43"}
{"level":"info","message":"[STEP START] Submit contact form","service":"playwright-e2e","timestamp":"2026-09-20 21:23:43"}
{"level":"debug","message":"Filling contact form data","service":"playwright-e2e","timestamp":"2026-09-20 21:23:43"}
{"level":"debug","message":"Clicking submit form","service":"playwright-e2e","timestamp":"2026-09-20 21:23:44"}
{"level":"info","message":"[STEP PASSED] Submit contact form","service":"playwright-e2e","timestamp":"2026-09-20 21:23:44"}
{"level":"info","message":"[STEP PASSED] Navigate to Products page","service":"playwright-e2e","timestamp":"2026-09-20 21:23:45"}
{"level":"info","message":"[STEP START] Search for product: \"Lace Top For Women\"","service":"playwright-e2e","timestamp":"2026-09-20 21:23:46"}
{"level":"debug","message":"Filling search input with: Lace Top For Women","service":"playwright-e2e","timestamp":"2026-09-20 21:23:46"}
{"level":"debug","message":"Clicking search submit button","service":"playwright-e2e","timestamp":"2026-09-20 21:23:46"}
{"level":"info","message":"[STEP PASSED] Search for product: \"Lace Top For Women\"","service":"playwright-e2e","timestamp":"2026-09-20 21:23:48"}
{"level":"info","message":"[STEP START] Fetch cart row details for","service":"playwright-e2e","timestamp":"2026-09-20 21:23:50"}
{"level":"info","message":"[STEP PASSED] Fetch cart row details for","service":"playwright-e2e","timestamp":"2026-09-20 21:23:50"}
{"level":"info","message":"[STEP START] [BasePage] Navigating to: https://www.automationexercise.com//","service":"playwright-e2e","timestamp":"2026-09-20 21:23:50"}
{"level":"info","message":"[STEP START] 'Fetch delivery address details","service":"playwright-e2e","timestamp":"2026-09-20 21:23:51"}
{"country":"India","fullAddress":"Deli Kataran 1441","fullName":"Mr. Rimas Grimas","level":"debug","message":"Fetched delivery address details","phone":"0420012889","service":"playwright-e2e","street":"Lakunu street","timestamp":"2026-09-20 21:23:52"}
{"level":"info","message":"[STEP PASSED] 'Fetch delivery address details","service":"playwright-e2e","timestamp":"2026-09-20 21:23:52"}
{"level":"info","message":"[STEP START] Click place order button","service":"playwright-e2e","timestamp":"2026-09-20 21:23:52"}
{"level":"debug","message":"Clicking Place Order button","service":"playwright-e2e","timestamp":"2026-09-20 21:23:52"}
{"level":"info","message":"[STEP START] Enter credit card payment details","service":"playwright-e2e","timestamp":"2026-09-20 21:23:52"}
{"level":"debug","message":"Filling payment form details","service":"playwright-e2e","timestamp":"2026-09-20 21:23:52"}
{"level":"info","message":"[STEP PASSED] Click place order button","service":"playwright-e2e","timestamp":"2026-09-20 21:23:54"}
{"level":"info","message":"[STEP PASSED] Enter credit card payment details","service":"playwright-e2e","timestamp":"2026-09-20 21:23:57"}
{"level":"info","message":"[STEP START] Click Pay and Confirm Order button","service":"playwright-e2e","timestamp":"2026-09-20 21:23:57"}
{"level":"debug","message":"Clicking Pay and Confirm Order","service":"playwright-e2e","timestamp":"2026-09-20 21:23:57"}
{"level":"debug","message":"[BasePage] Successfully navigated to: https://www.automationexercise.com//","service":"playwright-e2e","timestamp":"2026-09-20 21:23:58"}
{"level":"info","message":"[STEP PASSED] [BasePage] Navigating to: https://www.automationexercise.com//","service":"playwright-e2e","timestamp":"2026-09-20 21:23:58"}
{"level":"info","message":"[STEP START] Subscribe to newsletter with email: email+1783927188631+@test.com","service":"playwright-e2e","timestamp":"2026-09-20 21:23:59"}
{"level":"debug","message":"Scrolling to footer","service":"playwright-e2e","timestamp":"2026-09-20 21:23:59"}
{"level":"debug","message":"Filling subscription email: email+1783927188631+@test.com","service":"playwright-e2e","timestamp":"2026-09-20 21:23:59"}
{"level":"debug","message":"Clicking subscribe button","service":"playwright-e2e","timestamp":"2026-09-20 21:24:00"}
{"level":"info","message":"[STEP PASSED] Click Pay and Confirm Order button","service":"playwright-e2e","timestamp":"2026-09-20 21:24:00"}
{"level":"info","message":"[STEP PASSED] Subscribe to newsletter with email: email+1783927188631+@test.com","service":"playwright-e2e","timestamp":"2026-09-20 21:24:01"}
{"level":"info","message":"[STEP START] [BasePage] Navigating to: https://www.automationexercise.com//","service":"playwright-e2e","timestamp":"2026-09-21 08:54:01"}
{"level":"info","message":"[STEP START] [BasePage] Navigating to: https://www.automationexercise.com//","service":"playwright-e2e","timestamp":"2026-09-21 08:54:01"}
{"level":"debug","message":"[BasePage] Successfully navigated to: https://www.automationexercise.com//","service":"playwright-e2e","timestamp":"2026-09-21 08:54:12"}
{"level":"info","message":"[STEP PASSED] [BasePage] Navigating to: https://www.automationexercise.com//","service":"playwright-e2e","timestamp":"2026-09-21 08:54:12"}
{"level":"debug","message":"[BasePage] Successfully navigated to: https://www.automationexercise.com//","service":"playwright-e2e","timestamp":"2026-09-21 08:54:13"}
{"level":"info","message":"[STEP PASSED] [BasePage] Navigating to: https://www.automationexercise.com//","service":"playwright-e2e","timestamp":"2026-09-21 08:54:13"}
{"level":"info","message":"[STEP START] Navigate to Signup / Login page","service":"playwright-e2e","timestamp":"2026-09-21 08:54:13"}
{"level":"debug","message":"Clicking Signup / Login button","service":"playwright-e2e","timestamp":"2026-09-21 08:54:13"}
{"level":"info","message":"[STEP START] Navigate to Signup / Login page","service":"playwright-e2e","timestamp":"2026-09-21 08:54:13"}
{"level":"debug","message":"Clicking Signup / Login button","service":"playwright-e2e","timestamp":"2026-09-21 08:54:13"}
{"level":"info","message":"[STEP PASSED] Navigate to Signup / Login page","service":"playwright-e2e","timestamp":"2026-09-21 08:54:15"}
{"level":"info","message":"[STEP PASSED] Navigate to Signup / Login page","service":"playwright-e2e","timestamp":"2026-09-21 08:54:15"}
{"level":"info","message":"[STEP START] Login with email: email+1783927188631+@test.com","service":"playwright-e2e","timestamp":"2026-09-21 08:54:15"}
{"level":"info","message":"[STEP START] Login with email: email+1783927188631+@test.com","service":"playwright-e2e","timestamp":"2026-09-21 08:54:15"}
{"level":"debug","message":"Filling login credentials","service":"playwright-e2e","timestamp":"2026-09-21 08:54:15"}
{"level":"debug","message":"Filling login credentials","service":"playwright-e2e","timestamp":"2026-09-21 08:54:15"}
{"level":"debug","message":"Clicking Login button","service":"playwright-e2e","timestamp":"2026-09-21 08:54:16"}
{"level":"debug","message":"Clicking Login button","service":"playwright-e2e","timestamp":"2026-09-21 08:54:16"}
{"level":"info","message":"[STEP PASSED] Login with email: email+1783927188631+@test.com","service":"playwright-e2e","timestamp":"2026-09-21 08:54:17"}
{"level":"info","message":"[STEP PASSED] Login with email: email+1783927188631+@test.com","service":"playwright-e2e","timestamp":"2026-09-21 08:54:17"}
{"level":"info","message":"[STEP START] [BasePage] Navigating to: https://www.automationexercise.com//","service":"playwright-e2e","timestamp":"2026-09-21 08:54:32"}
{"level":"debug","message":"[BasePage] Successfully navigated to: https://www.automationexercise.com//","service":"playwright-e2e","timestamp":"2026-09-21 08:54:37"}
{"level":"info","message":"[STEP PASSED] [BasePage] Navigating to: https://www.automationexercise.com//","service":"playwright-e2e","timestamp":"2026-09-21 08:54:37"}
{"level":"info","message":"[STEP START] Navigate to Signup / Login page","service":"playwright-e2e","timestamp":"2026-09-21 08:54:37"}
{"level":"debug","message":"Clicking Signup / Login button","service":"playwright-e2e","timestamp":"2026-09-21 08:54:37"}
{"level":"info","message":"[STEP PASSED] Navigate to Signup / Login page","service":"playwright-e2e","timestamp":"2026-09-21 08:54:38"}
{"level":"info","message":"[STEP START] New user signup: email+1789970032485+@test.com","service":"playwright-e2e","timestamp":"2026-09-21 08:54:38"}
{"level":"debug","message":"Filling name input","service":"playwright-e2e","timestamp":"2026-09-21 08:54:38"}
{"level":"debug","message":"Filling email input","service":"playwright-e2e","timestamp":"2026-09-21 08:54:39"}
{"level":"debug","message":"Clicking signup button","service":"playwright-e2e","timestamp":"2026-09-21 08:54:39"}
{"level":"info","message":"[STEP PASSED] New user signup: email+1789970032485+@test.com","service":"playwright-e2e","timestamp":"2026-09-21 08:54:39"}
{"level":"info","message":"[STEP START] Complete registration form for: email+1789970032485+@test.com","service":"playwright-e2e","timestamp":"2026-09-21 08:54:40"}
{"level":"debug","message":"Filling user password","service":"playwright-e2e","timestamp":"2026-09-21 08:54:40"}
{"level":"debug","message":"Selecting DoB: 9/April/1990","service":"playwright-e2e","timestamp":"2026-09-21 08:54:40"}
{"level":"debug","message":"Filling personal info: Rimas Grimas","service":"playwright-e2e","timestamp":"2026-09-21 08:54:41"}
{"level":"debug","message":"Filling address info: India","service":"playwright-e2e","timestamp":"2026-09-21 08:54:42"}
{"level":"debug","message":"Clicking Create Account button","service":"playwright-e2e","timestamp":"2026-09-21 08:54:42"}
{"level":"info","message":"[STEP PASSED] Complete registration form for: email+1789970032485+@test.com","service":"playwright-e2e","timestamp":"2026-09-21 08:54:43"}
{"level":"info","message":"[STEP START] 'Click Continue button on Account Created page","service":"playwright-e2e","timestamp":"2026-09-21 08:54:44"}
{"level":"debug","message":"Clicking continue button","service":"playwright-e2e","timestamp":"2026-09-21 08:54:44"}
{"level":"info","message":"[STEP PASSED] 'Click Continue button on Account Created page","service":"playwright-e2e","timestamp":"2026-09-21 08:54:44"}
{"level":"info","message":"[STEP START] Delete Account","service":"playwright-e2e","timestamp":"2026-09-21 08:54:45"}
{"level":"debug","message":"Clicking Delete Account button","service":"playwright-e2e","timestamp":"2026-09-21 08:54:45"}
{"level":"info","message":"[STEP PASSED] Delete Account","service":"playwright-e2e","timestamp":"2026-09-21 08:54:46"}
{"level":"info","message":"[STEP START] [BasePage] Navigating to: https://www.automationexercise.com//","service":"playwright-e2e","timestamp":"2026-09-21 08:54:53"}
{"level":"debug","message":"[BasePage] Successfully navigated to: https://www.automationexercise.com//","service":"playwright-e2e","timestamp":"2026-09-21 08:54:58"}
{"level":"info","message":"[STEP PASSED] [BasePage] Navigating to: https://www.automationexercise.com//","service":"playwright-e2e","timestamp":"2026-09-21 08:54:58"}
{"level":"info","message":"[STEP START] Navigate to Signup / Login page","service":"playwright-e2e","timestamp":"2026-09-21 08:54:58"}
{"level":"debug","message":"Clicking Signup / Login button","service":"playwright-e2e","timestamp":"2026-09-21 08:54:58"}
{"level":"info","message":"[STEP PASSED] Navigate to Signup / Login page","service":"playwright-e2e","timestamp":"2026-09-21 08:54:59"}
{"level":"info","message":"[STEP START] Login with email: fail@invaliduser.com","service":"playwright-e2e","timestamp":"2026-09-21 08:54:59"}
{"level":"debug","message":"Filling login credentials","service":"playwright-e2e","timestamp":"2026-09-21 08:54:59"}
{"level":"debug","message":"Clicking Login button","service":"playwright-e2e","timestamp":"2026-09-21 08:54:59"}
{"level":"info","message":"[STEP PASSED] Login with email: fail@invaliduser.com","service":"playwright-e2e","timestamp":"2026-09-21 08:54:59"}
{"level":"info","message":"[STEP START] [BasePage] Navigating to: https://www.automationexercise.com//","service":"playwright-e2e","timestamp":"2026-09-21 08:55:15"}
{"level":"info","message":"[STEP START] [BasePage] Navigating to: https://www.automationexercise.com//","service":"playwright-e2e","timestamp":"2026-09-21 08:55:16"}
{"level":"debug","message":"[BasePage] Successfully navigated to: https://www.automationexercise.com//","service":"playwright-e2e","timestamp":"2026-09-21 08:55:23"}
{"level":"info","message":"[STEP PASSED] [BasePage] Navigating to: https://www.automationexercise.com//","service":"playwright-e2e","timestamp":"2026-09-21 08:55:23"}
{"level":"info","message":"[STEP START] Navigate to Products page","service":"playwright-e2e","timestamp":"2026-09-21 08:55:24"}
{"level":"debug","message":"Clicking Products button","service":"playwright-e2e","timestamp":"2026-09-21 08:55:24"}
{"level":"debug","message":"[BasePage] Successfully navigated to: https://www.automationexercise.com//","service":"playwright-e2e","timestamp":"2026-09-21 08:55:26"}
{"level":"info","message":"[STEP PASSED] [BasePage] Navigating to: https://www.automationexercise.com//","service":"playwright-e2e","timestamp":"2026-09-21 08:55:26"}
{"level":"info","message":"[STEP START] Navigate to Contact Us page","service":"playwright-e2e","timestamp":"2026-09-21 08:55:26"}
{"level":"debug","message":"Clicking Contact Us button","service":"playwright-e2e","timestamp":"2026-09-21 08:55:26"}
{"level":"info","message":"[STEP PASSED] Navigate to Products page","service":"playwright-e2e","timestamp":"2026-09-21 08:55:27"}
{"level":"info","message":"[STEP START] Search for product: \"Lace Top For Women\"","service":"playwright-e2e","timestamp":"2026-09-21 08:55:29"}
{"level":"debug","message":"Filling search input with: Lace Top For Women","service":"playwright-e2e","timestamp":"2026-09-21 08:55:29"}
{"level":"info","message":"[STEP PASSED] Navigate to Contact Us page","service":"playwright-e2e","timestamp":"2026-09-21 08:55:29"}
{"level":"debug","message":"Clicking search submit button","service":"playwright-e2e","timestamp":"2026-09-21 08:55:30"}
{"level":"info","message":"[STEP START] Submit contact form","service":"playwright-e2e","timestamp":"2026-09-21 08:55:30"}
{"level":"debug","message":"Filling contact form data","service":"playwright-e2e","timestamp":"2026-09-21 08:55:30"}
{"level":"debug","message":"Clicking submit form","service":"playwright-e2e","timestamp":"2026-09-21 08:55:31"}
{"level":"info","message":"[STEP PASSED] Submit contact form","service":"playwright-e2e","timestamp":"2026-09-21 08:55:33"}
{"level":"info","message":"[STEP PASSED] Search for product: \"Lace Top For Women\"","service":"playwright-e2e","timestamp":"2026-09-21 08:55:34"}
{"level":"info","message":"[STEP START] Fetch cart row details for","service":"playwright-e2e","timestamp":"2026-09-21 08:55:37"}
{"level":"info","message":"[STEP PASSED] Fetch cart row details for","service":"playwright-e2e","timestamp":"2026-09-21 08:55:37"}
{"level":"info","message":"[STEP START] 'Fetch delivery address details","service":"playwright-e2e","timestamp":"2026-09-21 08:55:38"}
{"country":"India","fullAddress":"Deli Kataran 1441","fullName":"Mr. Rimas Grimas","level":"debug","message":"Fetched delivery address details","phone":"0420012889","service":"playwright-e2e","street":"Lakunu street","timestamp":"2026-09-21 08:55:39"}
{"level":"info","message":"[STEP PASSED] 'Fetch delivery address details","service":"playwright-e2e","timestamp":"2026-09-21 08:55:39"}
{"level":"info","message":"[STEP START] Click place order button","service":"playwright-e2e","timestamp":"2026-09-21 08:55:39"}
{"level":"debug","message":"Clicking Place Order button","service":"playwright-e2e","timestamp":"2026-09-21 08:55:39"}
{"level":"info","message":"[STEP START] Enter credit card payment details","service":"playwright-e2e","timestamp":"2026-09-21 08:55:39"}
{"level":"debug","message":"Filling payment form details","service":"playwright-e2e","timestamp":"2026-09-21 08:55:39"}
{"level":"info","message":"[STEP PASSED] Click place order button","service":"playwright-e2e","timestamp":"2026-09-21 08:55:40"}
{"level":"info","message":"[STEP PASSED] Enter credit card payment details","service":"playwright-e2e","timestamp":"2026-09-21 08:55:41"}
{"level":"info","message":"[STEP START] Click Pay and Confirm Order button","service":"playwright-e2e","timestamp":"2026-09-21 08:55:41"}
{"level":"debug","message":"Clicking Pay and Confirm Order","service":"playwright-e2e","timestamp":"2026-09-21 08:55:41"}
{"level":"info","message":"[STEP PASSED] Click Pay and Confirm Order button","service":"playwright-e2e","timestamp":"2026-09-21 08:55:44"}
{"level":"info","message":"[STEP START] [BasePage] Navigating to: https://www.automationexercise.com//","service":"playwright-e2e","timestamp":"2026-09-21 08:55:49"}
{"level":"debug","message":"[BasePage] Successfully navigated to: https://www.automationexercise.com//","service":"playwright-e2e","timestamp":"2026-09-21 08:55:54"}
{"level":"info","message":"[STEP PASSED] [BasePage] Navigating to: https://www.automationexercise.com//","service":"playwright-e2e","timestamp":"2026-09-21 08:55:54"}
{"level":"info","message":"[STEP START] Subscribe to newsletter with email: email+1783927188631+@test.com","service":"playwright-e2e","timestamp":"2026-09-21 08:55:55"}
{"level":"debug","message":"Scrolling to footer","service":"playwright-e2e","timestamp":"2026-09-21 08:55:55"}
{"level":"debug","message":"Filling subscription email: email+1783927188631+@test.com","service":"playwright-e2e","timestamp":"2026-09-21 08:55:55"}
{"level":"debug","message":"Clicking subscribe button","service":"playwright-e2e","timestamp":"2026-09-21 08:55:55"}
{"level":"info","message":"[STEP PASSED] Subscribe to newsletter with email: email+1783927188631+@test.com","service":"playwright-e2e","timestamp":"2026-09-21 08:55:55"}
{"level":"info","message":"[STEP START] [BasePage] Navigating to: https://www.automationexercise.com//","service":"playwright-e2e","timestamp":"2026-09-21 09:17:48"}
{"level":"info","message":"[STEP START] [BasePage] Navigating to: https://www.automationexercise.com//","service":"playwright-e2e","timestamp":"2026-09-21 09:17:48"}
{"level":"debug","message":"[BasePage] Successfully navigated to: https://www.automationexercise.com//","service":"playwright-e2e","timestamp":"2026-09-21 09:17:58"}
{"level":"info","message":"[STEP PASSED] [BasePage] Navigating to: https://www.automationexercise.com//","service":"playwright-e2e","timestamp":"2026-09-21 09:17:58"}
{"level":"info","message":"[STEP START] Navigate to Signup / Login page","service":"playwright-e2e","timestamp":"2026-09-21 09:17:59"}
{"level":"debug","message":"Clicking Signup / Login button","service":"playwright-e2e","timestamp":"2026-09-21 09:17:59"}
{"level":"debug","message":"[BasePage] Successfully navigated to: https://www.automationexercise.com//","service":"playwright-e2e","timestamp":"2026-09-21 09:18:00"}
{"level":"info","message":"[STEP PASSED] [BasePage] Navigating to: https://www.automationexercise.com//","service":"playwright-e2e","timestamp":"2026-09-21 09:18:00"}
{"level":"info","message":"[STEP START] Navigate to Signup / Login page","service":"playwright-e2e","timestamp":"2026-09-21 09:18:00"}
{"level":"debug","message":"Clicking Signup / Login button","service":"playwright-e2e","timestamp":"2026-09-21 09:18:00"}
{"level":"info","message":"[STEP PASSED] Navigate to Signup / Login page","service":"playwright-e2e","timestamp":"2026-09-21 09:18:02"}
{"level":"info","message":"[STEP START] Login with email: email+1783927188631+@test.com","service":"playwright-e2e","timestamp":"2026-09-21 09:18:02"}
{"level":"debug","message":"Filling login credentials","service":"playwright-e2e","timestamp":"2026-09-21 09:18:02"}
{"level":"info","message":"[STEP PASSED] Navigate to Signup / Login page","service":"playwright-e2e","timestamp":"2026-09-21 09:18:02"}
{"level":"info","message":"[STEP START] Login with email: email+1783927188631+@test.com","service":"playwright-e2e","timestamp":"2026-09-21 09:18:03"}
{"level":"debug","message":"Filling login credentials","service":"playwright-e2e","timestamp":"2026-09-21 09:18:03"}
{"level":"debug","message":"Clicking Login button","service":"playwright-e2e","timestamp":"2026-09-21 09:18:03"}
{"level":"debug","message":"Clicking Login button","service":"playwright-e2e","timestamp":"2026-09-21 09:18:04"}
{"level":"info","message":"[STEP PASSED] Login with email: email+1783927188631+@test.com","service":"playwright-e2e","timestamp":"2026-09-21 09:18:05"}
{"level":"info","message":"[STEP PASSED] Login with email: email+1783927188631+@test.com","service":"playwright-e2e","timestamp":"2026-09-21 09:18:06"}
{"level":"info","message":"[STEP START] [BasePage] Navigating to: https://www.automationexercise.com//","service":"playwright-e2e","timestamp":"2026-09-21 09:18:32"}
{"level":"debug","message":"[BasePage] Successfully navigated to: https://www.automationexercise.com//","service":"playwright-e2e","timestamp":"2026-09-21 09:18:37"}
{"level":"info","message":"[STEP PASSED] [BasePage] Navigating to: https://www.automationexercise.com//","service":"playwright-e2e","timestamp":"2026-09-21 09:18:37"}
{"level":"info","message":"[STEP START] Navigate to Signup / Login page","service":"playwright-e2e","timestamp":"2026-09-21 09:18:38"}
{"level":"debug","message":"Clicking Signup / Login button","service":"playwright-e2e","timestamp":"2026-09-21 09:18:38"}
{"level":"info","message":"[STEP PASSED] Navigate to Signup / Login page","service":"playwright-e2e","timestamp":"2026-09-21 09:18:38"}
{"level":"info","message":"[STEP START] New user signup: email+1789971464010+@test.com","service":"playwright-e2e","timestamp":"2026-09-21 09:18:39"}
{"level":"debug","message":"Filling name input","service":"playwright-e2e","timestamp":"2026-09-21 09:18:39"}
{"level":"debug","message":"Filling email input","service":"playwright-e2e","timestamp":"2026-09-21 09:18:39"}
{"level":"debug","message":"Clicking signup button","service":"playwright-e2e","timestamp":"2026-09-21 09:18:39"}
{"level":"info","message":"[STEP PASSED] New user signup: email+1789971464010+@test.com","service":"playwright-e2e","timestamp":"2026-09-21 09:18:40"}
{"level":"info","message":"[STEP START] Complete registration form for: email+1789971464010+@test.com","service":"playwright-e2e","timestamp":"2026-09-21 09:18:40"}
{"level":"debug","message":"Filling user password","service":"playwright-e2e","timestamp":"2026-09-21 09:18:41"}
{"level":"debug","message":"Selecting DoB: 9/April/1990","service":"playwright-e2e","timestamp":"2026-09-21 09:18:41"}
{"level":"debug","message":"Filling personal info: Rimas Grimas","service":"playwright-e2e","timestamp":"2026-09-21 09:18:42"}
{"level":"debug","message":"Filling address info: India","service":"playwright-e2e","timestamp":"2026-09-21 09:18:43"}
{"level":"debug","message":"Clicking Create Account button","service":"playwright-e2e","timestamp":"2026-09-21 09:18:44"}
{"level":"info","message":"[STEP PASSED] Complete registration form for: email+1789971464010+@test.com","service":"playwright-e2e","timestamp":"2026-09-21 09:18:47"}
{"level":"info","message":"[STEP START] 'Click Continue button on Account Created page","service":"playwright-e2e","timestamp":"2026-09-21 09:18:48"}
{"level":"debug","message":"Clicking continue button","service":"playwright-e2e","timestamp":"2026-09-21 09:18:48"}
{"level":"info","message":"[STEP PASSED] 'Click Continue button on Account Created page","service":"playwright-e2e","timestamp":"2026-09-21 09:18:49"}
{"level":"info","message":"[STEP START] Delete Account","service":"playwright-e2e","timestamp":"2026-09-21 09:18:49"}
{"level":"debug","message":"Clicking Delete Account button","service":"playwright-e2e","timestamp":"2026-09-21 09:18:49"}
{"level":"info","message":"[STEP PASSED] Delete Account","service":"playwright-e2e","timestamp":"2026-09-21 09:18:52"}
{"level":"info","message":"[STEP START] [BasePage] Navigating to: https://www.automationexercise.com//","service":"playwright-e2e","timestamp":"2026-09-21 09:19:08"}
{"level":"debug","message":"[BasePage] Successfully navigated to: https://www.automationexercise.com//","service":"playwright-e2e","timestamp":"2026-09-21 09:19:17"}
{"level":"info","message":"[STEP PASSED] [BasePage] Navigating to: https://www.automationexercise.com//","service":"playwright-e2e","timestamp":"2026-09-21 09:19:17"}
{"level":"info","message":"[STEP START] Navigate to Signup / Login page","service":"playwright-e2e","timestamp":"2026-09-21 09:19:17"}
{"level":"debug","message":"Clicking Signup / Login button","service":"playwright-e2e","timestamp":"2026-09-21 09:19:17"}
{"level":"info","message":"[STEP PASSED] Navigate to Signup / Login page","service":"playwright-e2e","timestamp":"2026-09-21 09:19:19"}
{"level":"info","message":"[STEP START] Login with email: fail@invaliduser.com","service":"playwright-e2e","timestamp":"2026-09-21 09:19:20"}
{"level":"debug","message":"Filling login credentials","service":"playwright-e2e","timestamp":"2026-09-21 09:19:20"}
{"level":"debug","message":"Clicking Login button","service":"playwright-e2e","timestamp":"2026-09-21 09:19:21"}
{"level":"info","message":"[STEP PASSED] Login with email: fail@invaliduser.com","service":"playwright-e2e","timestamp":"2026-09-21 09:19:22"}
{"level":"info","message":"[STEP START] [BasePage] Navigating to: https://www.automationexercise.com//","service":"playwright-e2e","timestamp":"2026-09-21 09:19:54"}
{"level":"info","message":"[STEP START] [BasePage] Navigating to: https://www.automationexercise.com//","service":"playwright-e2e","timestamp":"2026-09-21 09:19:57"}
{"level":"debug","message":"[BasePage] Successfully navigated to: https://www.automationexercise.com//","service":"playwright-e2e","timestamp":"2026-09-21 09:20:07"}
{"level":"info","message":"[STEP PASSED] [BasePage] Navigating to: https://www.automationexercise.com//","service":"playwright-e2e","timestamp":"2026-09-21 09:20:07"}
{"level":"info","message":"[STEP START] Navigate to Contact Us page","service":"playwright-e2e","timestamp":"2026-09-21 09:20:08"}
{"level":"debug","message":"Clicking Contact Us button","service":"playwright-e2e","timestamp":"2026-09-21 09:20:08"}
{"level":"debug","message":"[BasePage] Successfully navigated to: https://www.automationexercise.com//","service":"playwright-e2e","timestamp":"2026-09-21 09:20:09"}
{"level":"info","message":"[STEP PASSED] [BasePage] Navigating to: https://www.automationexercise.com//","service":"playwright-e2e","timestamp":"2026-09-21 09:20:09"}
{"level":"info","message":"[STEP PASSED] Navigate to Contact Us page","service":"playwright-e2e","timestamp":"2026-09-21 09:20:11"}
{"level":"info","message":"[STEP START] Submit contact form","service":"playwright-e2e","timestamp":"2026-09-21 09:20:11"}
{"level":"debug","message":"Filling contact form data","service":"playwright-e2e","timestamp":"2026-09-21 09:20:11"}
{"level":"debug","message":"Clicking submit form","service":"playwright-e2e","timestamp":"2026-09-21 09:20:13"}
{"level":"info","message":"[STEP PASSED] Submit contact form","service":"playwright-e2e","timestamp":"2026-09-21 09:20:13"}
{"level":"info","message":"[STEP START] [BasePage] Navigating to: https://www.automationexercise.com//","service":"playwright-e2e","timestamp":"2026-09-21 09:20:26"}
{"level":"debug","message":"[BasePage] Successfully navigated to: https://www.automationexercise.com//","service":"playwright-e2e","timestamp":"2026-09-21 09:20:29"}
{"level":"info","message":"[STEP PASSED] [BasePage] Navigating to: https://www.automationexercise.com//","service":"playwright-e2e","timestamp":"2026-09-21 09:20:29"}
{"level":"info","message":"[STEP START] Subscribe to newsletter with email: email+1783927188631+@test.com","service":"playwright-e2e","timestamp":"2026-09-21 09:20:29"}
{"level":"debug","message":"Scrolling to footer","service":"playwright-e2e","timestamp":"2026-09-21 09:20:29"}
{"level":"debug","message":"Filling subscription email: email+1783927188631+@test.com","service":"playwright-e2e","timestamp":"2026-09-21 09:20:29"}
{"level":"debug","message":"Clicking subscribe button","service":"playwright-e2e","timestamp":"2026-09-21 09:20:29"}
{"level":"info","message":"[STEP PASSED] Subscribe to newsletter with email: email+1783927188631+@test.com","service":"playwright-e2e","timestamp":"2026-09-21 09:20:30"}
{"level":"info","message":"[STEP START] [BasePage] Navigating to: https://www.automationexercise.com//","service":"playwright-e2e","timestamp":"2026-09-21 09:22:36"}
{"level":"info","message":"[STEP START] [BasePage] Navigating to: https://www.automationexercise.com//","service":"playwright-e2e","timestamp":"2026-09-21 09:22:36"}
{"level":"debug","message":"[BasePage] Successfully navigated to: https://www.automationexercise.com//","service":"playwright-e2e","timestamp":"2026-09-21 09:22:45"}
{"level":"info","message":"[STEP PASSED] [BasePage] Navigating to: https://www.automationexercise.com//","service":"playwright-e2e","timestamp":"2026-09-21 09:22:45"}
{"level":"debug","message":"[BasePage] Successfully navigated to: https://www.automationexercise.com//","service":"playwright-e2e","timestamp":"2026-09-21 09:22:46"}
{"level":"info","message":"[STEP PASSED] [BasePage] Navigating to: https://www.automationexercise.com//","service":"playwright-e2e","timestamp":"2026-09-21 09:22:46"}
{"level":"info","message":"[STEP START] Navigate to Signup / Login page","service":"playwright-e2e","timestamp":"2026-09-21 09:22:46"}
{"level":"debug","message":"Clicking Signup / Login button","service":"playwright-e2e","timestamp":"2026-09-21 09:22:46"}
{"level":"info","message":"[STEP START] Navigate to Signup / Login page","service":"playwright-e2e","timestamp":"2026-09-21 09:22:47"}
{"level":"debug","message":"Clicking Signup / Login button","service":"playwright-e2e","timestamp":"2026-09-21 09:22:47"}
{"level":"info","message":"[STEP PASSED] Navigate to Signup / Login page","service":"playwright-e2e","timestamp":"2026-09-21 09:22:48"}
{"level":"info","message":"[STEP START] Login with email: email+1783927188631+@test.com","service":"playwright-e2e","timestamp":"2026-09-21 09:22:49"}
{"level":"debug","message":"Filling login credentials","service":"playwright-e2e","timestamp":"2026-09-21 09:22:49"}
{"level":"info","message":"[STEP PASSED] Navigate to Signup / Login page","service":"playwright-e2e","timestamp":"2026-09-21 09:22:49"}
{"level":"info","message":"[STEP START] Login with email: email+1783927188631+@test.com","service":"playwright-e2e","timestamp":"2026-09-21 09:22:50"}
{"level":"debug","message":"Filling login credentials","service":"playwright-e2e","timestamp":"2026-09-21 09:22:50"}
{"level":"debug","message":"Clicking Login button","service":"playwright-e2e","timestamp":"2026-09-21 09:22:50"}
{"level":"debug","message":"Clicking Login button","service":"playwright-e2e","timestamp":"2026-09-21 09:22:52"}
{"level":"info","message":"[STEP PASSED] Login with email: email+1783927188631+@test.com","service":"playwright-e2e","timestamp":"2026-09-21 09:22:54"}
{"level":"info","message":"[STEP PASSED] Login with email: email+1783927188631+@test.com","service":"playwright-e2e","timestamp":"2026-09-21 09:22:54"}
{"level":"info","message":"[STEP START] [BasePage] Navigating to: https://www.automationexercise.com//","service":"playwright-e2e","timestamp":"2026-09-21 09:23:06"}
{"level":"debug","message":"[BasePage] Successfully navigated to: https://www.automationexercise.com//","service":"playwright-e2e","timestamp":"2026-09-21 09:23:14"}
{"level":"info","message":"[STEP PASSED] [BasePage] Navigating to: https://www.automationexercise.com//","service":"playwright-e2e","timestamp":"2026-09-21 09:23:14"}
{"level":"info","message":"[STEP START] Navigate to Signup / Login page","service":"playwright-e2e","timestamp":"2026-09-21 09:23:15"}
{"level":"debug","message":"Clicking Signup / Login button","service":"playwright-e2e","timestamp":"2026-09-21 09:23:15"}
{"level":"info","message":"[STEP PASSED] Navigate to Signup / Login page","service":"playwright-e2e","timestamp":"2026-09-21 09:23:17"}
{"level":"info","message":"[STEP START] New user signup: email+1789971753089+@test.com","service":"playwright-e2e","timestamp":"2026-09-21 09:23:17"}
{"level":"debug","message":"Filling name input","service":"playwright-e2e","timestamp":"2026-09-21 09:23:17"}
{"level":"debug","message":"Filling email input","service":"playwright-e2e","timestamp":"2026-09-21 09:23:17"}
{"level":"debug","message":"Clicking signup button","service":"playwright-e2e","timestamp":"2026-09-21 09:23:18"}
{"level":"info","message":"[STEP PASSED] New user signup: email+1789971753089+@test.com","service":"playwright-e2e","timestamp":"2026-09-21 09:23:18"}
{"level":"info","message":"[STEP START] Complete registration form for: email+1789971753089+@test.com","service":"playwright-e2e","timestamp":"2026-09-21 09:23:19"}
{"level":"debug","message":"Filling user password","service":"playwright-e2e","timestamp":"2026-09-21 09:23:19"}
{"level":"debug","message":"Selecting DoB: 9/April/1990","service":"playwright-e2e","timestamp":"2026-09-21 09:23:20"}
{"level":"debug","message":"Filling personal info: Rimas Grimas","service":"playwright-e2e","timestamp":"2026-09-21 09:23:21"}
{"level":"debug","message":"Filling address info: India","service":"playwright-e2e","timestamp":"2026-09-21 09:23:21"}
{"level":"debug","message":"Clicking Create Account button","service":"playwright-e2e","timestamp":"2026-09-21 09:23:23"}
{"level":"info","message":"[STEP PASSED] Complete registration form for: email+1789971753089+@test.com","service":"playwright-e2e","timestamp":"2026-09-21 09:23:25"}
{"level":"info","message":"[STEP START] 'Click Continue button on Account Created page","service":"playwright-e2e","timestamp":"2026-09-21 09:23:25"}
{"level":"debug","message":"Clicking continue button","service":"playwright-e2e","timestamp":"2026-09-21 09:23:25"}
{"level":"info","message":"[STEP PASSED] 'Click Continue button on Account Created page","service":"playwright-e2e","timestamp":"2026-09-21 09:23:26"}
{"level":"info","message":"[STEP START] Delete Account","service":"playwright-e2e","timestamp":"2026-09-21 09:23:27"}
{"level":"debug","message":"Clicking Delete Account button","service":"playwright-e2e","timestamp":"2026-09-21 09:23:27"}
{"level":"info","message":"[STEP PASSED] Delete Account","service":"playwright-e2e","timestamp":"2026-09-21 09:23:28"}
{"level":"info","message":"[STEP START] [BasePage] Navigating to: https://www.automationexercise.com//","service":"playwright-e2e","timestamp":"2026-09-21 09:23:34"}
{"level":"debug","message":"[BasePage] Successfully navigated to: https://www.automationexercise.com//","service":"playwright-e2e","timestamp":"2026-09-21 09:23:42"}
{"level":"info","message":"[STEP PASSED] [BasePage] Navigating to: https://www.automationexercise.com//","service":"playwright-e2e","timestamp":"2026-09-21 09:23:42"}
{"level":"info","message":"[STEP START] Navigate to Signup / Login page","service":"playwright-e2e","timestamp":"2026-09-21 09:23:42"}
{"level":"debug","message":"Clicking Signup / Login button","service":"playwright-e2e","timestamp":"2026-09-21 09:23:42"}
{"level":"info","message":"[STEP PASSED] Navigate to Signup / Login page","service":"playwright-e2e","timestamp":"2026-09-21 09:23:43"}
{"level":"info","message":"[STEP START] Login with email: fail@invaliduser.com","service":"playwright-e2e","timestamp":"2026-09-21 09:23:43"}
{"level":"debug","message":"Filling login credentials","service":"playwright-e2e","timestamp":"2026-09-21 09:23:43"}
{"level":"debug","message":"Clicking Login button","service":"playwright-e2e","timestamp":"2026-09-21 09:23:43"}
{"level":"info","message":"[STEP PASSED] Login with email: fail@invaliduser.com","service":"playwright-e2e","timestamp":"2026-09-21 09:23:44"}
{"level":"info","message":"[STEP START] [BasePage] Navigating to: https://www.automationexercise.com//","service":"playwright-e2e","timestamp":"2026-09-21 09:23:54"}
{"level":"info","message":"[STEP START] [BasePage] Navigating to: https://www.automationexercise.com//","service":"playwright-e2e","timestamp":"2026-09-21 09:23:55"}
{"level":"debug","message":"[BasePage] Successfully navigated to: https://www.automationexercise.com//","service":"playwright-e2e","timestamp":"2026-09-21 09:24:05"}
{"level":"info","message":"[STEP PASSED] [BasePage] Navigating to: https://www.automationexercise.com//","service":"playwright-e2e","timestamp":"2026-09-21 09:24:05"}
{"level":"debug","message":"[BasePage] Successfully navigated to: https://www.automationexercise.com//","service":"playwright-e2e","timestamp":"2026-09-21 09:24:05"}
{"level":"info","message":"[STEP PASSED] [BasePage] Navigating to: https://www.automationexercise.com//","service":"playwright-e2e","timestamp":"2026-09-21 09:24:05"}
{"level":"info","message":"[STEP START] Navigate to Contact Us page","service":"playwright-e2e","timestamp":"2026-09-21 09:24:05"}
{"level":"debug","message":"Clicking Contact Us button","service":"playwright-e2e","timestamp":"2026-09-21 09:24:05"}
{"level":"info","message":"[STEP START] Subscribe to newsletter with email: email+1783927188631+@test.com","service":"playwright-e2e","timestamp":"2026-09-21 09:24:05"}
{"level":"debug","message":"Scrolling to footer","service":"playwright-e2e","timestamp":"2026-09-21 09:24:05"}
{"level":"debug","message":"Filling subscription email: email+1783927188631+@test.com","service":"playwright-e2e","timestamp":"2026-09-21 09:24:06"}
{"level":"debug","message":"Clicking subscribe button","service":"playwright-e2e","timestamp":"2026-09-21 09:24:06"}
{"level":"info","message":"[STEP PASSED] Subscribe to newsletter with email: email+1783927188631+@test.com","service":"playwright-e2e","timestamp":"2026-09-21 09:24:06"}
{"level":"info","message":"[STEP PASSED] Navigate to Contact Us page","service":"playwright-e2e","timestamp":"2026-09-21 09:24:07"}
{"level":"info","message":"[STEP START] Submit contact form","service":"playwright-e2e","timestamp":"2026-09-21 09:24:08"}
{"level":"debug","message":"Filling contact form data","service":"playwright-e2e","timestamp":"2026-09-21 09:24:08"}
{"level":"debug","message":"Clicking submit form","service":"playwright-e2e","timestamp":"2026-09-21 09:24:09"}
{"level":"info","message":"[STEP PASSED] Submit contact form","service":"playwright-e2e","timestamp":"2026-09-21 09:24:09"}
{"level":"info","message":"[STEP START] [BasePage] Navigating to: https://www.automationexercise.com//","service":"playwright-e2e","timestamp":"2026-09-21 09:26:21"}
{"level":"info","message":"[STEP START] [BasePage] Navigating to: https://www.automationexercise.com//","service":"playwright-e2e","timestamp":"2026-09-21 09:26:22"}
{"level":"debug","message":"[BasePage] Successfully navigated to: https://www.automationexercise.com//","service":"playwright-e2e","timestamp":"2026-09-21 09:26:33"}
{"level":"info","message":"[STEP PASSED] [BasePage] Navigating to: https://www.automationexercise.com//","service":"playwright-e2e","timestamp":"2026-09-21 09:26:33"}
{"level":"debug","message":"[BasePage] Successfully navigated to: https://www.automationexercise.com//","service":"playwright-e2e","timestamp":"2026-09-21 09:26:34"}
{"level":"info","message":"[STEP PASSED] [BasePage] Navigating to: https://www.automationexercise.com//","service":"playwright-e2e","timestamp":"2026-09-21 09:26:34"}
{"level":"info","message":"[STEP START] Navigate to Signup / Login page","service":"playwright-e2e","timestamp":"2026-09-21 09:26:34"}
{"level":"debug","message":"Clicking Signup / Login button","service":"playwright-e2e","timestamp":"2026-09-21 09:26:34"}
{"level":"info","message":"[STEP START] Navigate to Signup / Login page","service":"playwright-e2e","timestamp":"2026-09-21 09:26:35"}
{"level":"debug","message":"Clicking Signup / Login button","service":"playwright-e2e","timestamp":"2026-09-21 09:26:35"}
{"level":"info","message":"[STEP PASSED] Navigate to Signup / Login page","service":"playwright-e2e","timestamp":"2026-09-21 09:26:37"}
{"level":"info","message":"[STEP PASSED] Navigate to Signup / Login page","service":"playwright-e2e","timestamp":"2026-09-21 09:26:38"}
{"level":"info","message":"[STEP START] Login with email: email+1783927188631+@test.com","service":"playwright-e2e","timestamp":"2026-09-21 09:26:39"}
{"level":"debug","message":"Filling login credentials","service":"playwright-e2e","timestamp":"2026-09-21 09:26:39"}
{"level":"info","message":"[STEP START] Login with email: email+1783927188631+@test.com","service":"playwright-e2e","timestamp":"2026-09-21 09:26:40"}
{"level":"debug","message":"Filling login credentials","service":"playwright-e2e","timestamp":"2026-09-21 09:26:40"}
{"level":"debug","message":"Clicking Login button","service":"playwright-e2e","timestamp":"2026-09-21 09:26:41"}
{"level":"debug","message":"Clicking Login button","service":"playwright-e2e","timestamp":"2026-09-21 09:26:42"}
{"level":"info","message":"[STEP PASSED] Login with email: email+1783927188631+@test.com","service":"playwright-e2e","timestamp":"2026-09-21 09:26:45"}
{"level":"info","message":"[STEP PASSED] Login with email: email+1783927188631+@test.com","service":"playwright-e2e","timestamp":"2026-09-21 09:26:46"}
{"level":"info","message":"[STEP START] [BasePage] Navigating to: https://www.automationexercise.com//","service":"playwright-e2e","timestamp":"2026-09-21 09:27:15"}
{"level":"debug","message":"[BasePage] Successfully navigated to: https://www.automationexercise.com//","service":"playwright-e2e","timestamp":"2026-09-21 09:27:22"}
{"level":"info","message":"[STEP PASSED] [BasePage] Navigating to: https://www.automationexercise.com//","service":"playwright-e2e","timestamp":"2026-09-21 09:27:22"}
{"level":"info","message":"[STEP START] Navigate to Signup / Login page","service":"playwright-e2e","timestamp":"2026-09-21 09:27:22"}
{"level":"debug","message":"Clicking Signup / Login button","service":"playwright-e2e","timestamp":"2026-09-21 09:27:22"}
{"level":"info","message":"[STEP PASSED] Navigate to Signup / Login page","service":"playwright-e2e","timestamp":"2026-09-21 09:27:23"}
{"level":"info","message":"[STEP START] New user signup: email+1789971967227+@test.com","service":"playwright-e2e","timestamp":"2026-09-21 09:27:24"}
{"level":"debug","message":"Filling name input","service":"playwright-e2e","timestamp":"2026-09-21 09:27:24"}
{"level":"debug","message":"Filling email input","service":"playwright-e2e","timestamp":"2026-09-21 09:27:25"}
{"level":"debug","message":"Clicking signup button","service":"playwright-e2e","timestamp":"2026-09-21 09:27:25"}
{"level":"info","message":"[STEP PASSED] New user signup: email+1789971967227+@test.com","service":"playwright-e2e","timestamp":"2026-09-21 09:27:26"}
{"level":"info","message":"[STEP START] Complete registration form for: email+1789971967227+@test.com","service":"playwright-e2e","timestamp":"2026-09-21 09:27:26"}
{"level":"debug","message":"Filling user password","service":"playwright-e2e","timestamp":"2026-09-21 09:27:27"}
{"level":"debug","message":"Selecting DoB: 9/April/1990","service":"playwright-e2e","timestamp":"2026-09-21 09:27:27"}
{"level":"debug","message":"Filling personal info: Rimas Grimas","service":"playwright-e2e","timestamp":"2026-09-21 09:27:28"}
{"level":"debug","message":"Filling address info: India","service":"playwright-e2e","timestamp":"2026-09-21 09:27:30"}
{"level":"debug","message":"Clicking Create Account button","service":"playwright-e2e","timestamp":"2026-09-21 09:27:31"}
{"level":"info","message":"[STEP PASSED] Complete registration form for: email+1789971967227+@test.com","service":"playwright-e2e","timestamp":"2026-09-21 09:27:34"}
{"level":"info","message":"[STEP START] 'Click Continue button on Account Created page","service":"playwright-e2e","timestamp":"2026-09-21 09:27:34"}
{"level":"debug","message":"Clicking continue button","service":"playwright-e2e","timestamp":"2026-09-21 09:27:34"}
{"level":"info","message":"[STEP PASSED] 'Click Continue button on Account Created page","service":"playwright-e2e","timestamp":"2026-09-21 09:27:35"}
{"level":"info","message":"[STEP START] Delete Account","service":"playwright-e2e","timestamp":"2026-09-21 09:27:36"}
{"level":"debug","message":"Clicking Delete Account button","service":"playwright-e2e","timestamp":"2026-09-21 09:27:36"}
{"level":"info","message":"[STEP PASSED] Delete Account","service":"playwright-e2e","timestamp":"2026-09-21 09:27:41"}
{"level":"info","message":"[STEP START] [BasePage] Navigating to: https://www.automationexercise.com//","service":"playwright-e2e","timestamp":"2026-09-21 09:27:55"}
{"level":"debug","message":"[BasePage] Successfully navigated to: https://www.automationexercise.com//","service":"playwright-e2e","timestamp":"2026-09-21 09:28:05"}
{"level":"info","message":"[STEP PASSED] [BasePage] Navigating to: https://www.automationexercise.com//","service":"playwright-e2e","timestamp":"2026-09-21 09:28:05"}
{"level":"info","message":"[STEP START] Navigate to Signup / Login page","service":"playwright-e2e","timestamp":"2026-09-21 09:28:05"}
{"level":"debug","message":"Clicking Signup / Login button","service":"playwright-e2e","timestamp":"2026-09-21 09:28:05"}
{"level":"info","message":"[STEP PASSED] Navigate to Signup / Login page","service":"playwright-e2e","timestamp":"2026-09-21 09:28:08"}
{"level":"info","message":"[STEP START] Login with email: fail@invaliduser.com","service":"playwright-e2e","timestamp":"2026-09-21 09:28:09"}
{"level":"debug","message":"Filling login credentials","service":"playwright-e2e","timestamp":"2026-09-21 09:28:09"}
{"level":"debug","message":"Clicking Login button","service":"playwright-e2e","timestamp":"2026-09-21 09:28:10"}
{"level":"info","message":"[STEP PASSED] Login with email: fail@invaliduser.com","service":"playwright-e2e","timestamp":"2026-09-21 09:28:13"}
{"level":"info","message":"[STEP START] [BasePage] Navigating to: https://www.automationexercise.com//","service":"playwright-e2e","timestamp":"2026-09-21 09:28:24"}
{"level":"info","message":"[STEP START] [BasePage] Navigating to: https://www.automationexercise.com//","service":"playwright-e2e","timestamp":"2026-09-21 09:28:24"}
{"level":"debug","message":"[BasePage] Successfully navigated to: https://www.automationexercise.com//","service":"playwright-e2e","timestamp":"2026-09-21 09:28:31"}
{"level":"info","message":"[STEP PASSED] [BasePage] Navigating to: https://www.automationexercise.com//","service":"playwright-e2e","timestamp":"2026-09-21 09:28:31"}
{"level":"info","message":"[STEP START] Navigate to Contact Us page","service":"playwright-e2e","timestamp":"2026-09-21 09:28:32"}
{"level":"debug","message":"Clicking Contact Us button","service":"playwright-e2e","timestamp":"2026-09-21 09:28:32"}
{"level":"debug","message":"[BasePage] Successfully navigated to: https://www.automationexercise.com//","service":"playwright-e2e","timestamp":"2026-09-21 09:28:32"}
{"level":"info","message":"[STEP PASSED] [BasePage] Navigating to: https://www.automationexercise.com//","service":"playwright-e2e","timestamp":"2026-09-21 09:28:32"}
{"level":"info","message":"[STEP PASSED] Navigate to Contact Us page","service":"playwright-e2e","timestamp":"2026-09-21 09:28:33"}
{"level":"info","message":"[STEP START] Submit contact form","service":"playwright-e2e","timestamp":"2026-09-21 09:28:33"}
{"level":"debug","message":"Filling contact form data","service":"playwright-e2e","timestamp":"2026-09-21 09:28:33"}
{"level":"info","message":"[STEP START] Navigate to Products page","service":"playwright-e2e","timestamp":"2026-09-21 09:28:34"}
{"level":"debug","message":"Clicking Products button","service":"playwright-e2e","timestamp":"2026-09-21 09:28:34"}
{"level":"debug","message":"Clicking submit form","service":"playwright-e2e","timestamp":"2026-09-21 09:28:34"}
{"level":"info","message":"[STEP PASSED] Submit contact form","service":"playwright-e2e","timestamp":"2026-09-21 09:28:34"}
{"level":"info","message":"[STEP PASSED] Navigate to Products page","service":"playwright-e2e","timestamp":"2026-09-21 09:28:35"}
{"level":"info","message":"[STEP START] Search for product: \"Lace Top For Women\"","service":"playwright-e2e","timestamp":"2026-09-21 09:28:36"}
{"level":"debug","message":"Filling search input with: Lace Top For Women","service":"playwright-e2e","timestamp":"2026-09-21 09:28:36"}
{"level":"debug","message":"Clicking search submit button","service":"playwright-e2e","timestamp":"2026-09-21 09:28:37"}
{"level":"info","message":"[STEP PASSED] Search for product: \"Lace Top For Women\"","service":"playwright-e2e","timestamp":"2026-09-21 09:28:39"}
{"level":"info","message":"[STEP START] [BasePage] Navigating to: https://www.automationexercise.com//","service":"playwright-e2e","timestamp":"2026-09-21 09:28:42"}
{"level":"info","message":"[STEP START] Fetch cart row details for","service":"playwright-e2e","timestamp":"2026-09-21 09:28:42"}
{"level":"info","message":"[STEP PASSED] Fetch cart row details for","service":"playwright-e2e","timestamp":"2026-09-21 09:28:43"}
{"level":"info","message":"[STEP START] 'Fetch delivery address details","service":"playwright-e2e","timestamp":"2026-09-21 09:28:44"}
{"country":"India","fullAddress":"Deli Kataran 1441","fullName":"Mr. Rimas Grimas","level":"debug","message":"Fetched delivery address details","phone":"0420012889","service":"playwright-e2e","street":"Lakunu street","timestamp":"2026-09-21 09:28:45"}
{"level":"info","message":"[STEP PASSED] 'Fetch delivery address details","service":"playwright-e2e","timestamp":"2026-09-21 09:28:45"}
{"level":"info","message":"[STEP START] Click place order button","service":"playwright-e2e","timestamp":"2026-09-21 09:28:45"}
{"level":"debug","message":"Clicking Place Order button","service":"playwright-e2e","timestamp":"2026-09-21 09:28:45"}
{"level":"info","message":"[STEP START] Enter credit card payment details","service":"playwright-e2e","timestamp":"2026-09-21 09:28:45"}
{"level":"debug","message":"Filling payment form details","service":"playwright-e2e","timestamp":"2026-09-21 09:28:45"}
{"level":"info","message":"[STEP PASSED] Click place order button","service":"playwright-e2e","timestamp":"2026-09-21 09:28:47"}
{"level":"info","message":"[STEP PASSED] Enter credit card payment details","service":"playwright-e2e","timestamp":"2026-09-21 09:28:48"}
{"level":"info","message":"[STEP START] Click Pay and Confirm Order button","service":"playwright-e2e","timestamp":"2026-09-21 09:28:48"}
{"level":"debug","message":"Clicking Pay and Confirm Order","service":"playwright-e2e","timestamp":"2026-09-21 09:28:48"}
{"level":"debug","message":"[BasePage] Successfully navigated to: https://www.automationexercise.com//","service":"playwright-e2e","timestamp":"2026-09-21 09:28:48"}
{"level":"info","message":"[STEP PASSED] [BasePage] Navigating to: https://www.automationexercise.com//","service":"playwright-e2e","timestamp":"2026-09-21 09:28:48"}
{"level":"info","message":"[STEP START] Subscribe to newsletter with email: email+1783927188631+@test.com","service":"playwright-e2e","timestamp":"2026-09-21 09:28:49"}
{"level":"debug","message":"Scrolling to footer","service":"playwright-e2e","timestamp":"2026-09-21 09:28:49"}
{"level":"debug","message":"Filling subscription email: email+1783927188631+@test.com","service":"playwright-e2e","timestamp":"2026-09-21 09:28:49"}
{"level":"debug","message":"Clicking subscribe button","service":"playwright-e2e","timestamp":"2026-09-21 09:28:49"}
{"level":"info","message":"[STEP PASSED] Subscribe to newsletter with email: email+1783927188631+@test.com","service":"playwright-e2e","timestamp":"2026-09-21 09:28:49"}
{"level":"info","message":"[STEP PASSED] Click Pay and Confirm Order button","service":"playwright-e2e","timestamp":"2026-09-21 09:28:51"}
